compute device: mps
loading mesh: /Users/dofa/Desktop/high_poly_bucky.obj
decimating render/query mesh: 705087 -> 70000 triangles
mesh ready: 35,330 vertices, 69,999 triangles, bbox diagonal 9.1270
mesh is not watertight; volume/fill percentage will be skipped
minimum sphere radius: 0.027381
resuming 3,485 spheres from /Users/dofa/Desktop/spherepacker better/outputs/high_poly_bucky_spheres.json
building closed voxel interior: resolution=170, pitch=0.05369
voxel solid ready: shape=(82, 135, 67), surface=36,873, solid=148,488, viable=128,109, max interior radius=1.00694
using 128,109 voxel-solid samples
rebuilt clearance from saved spheres: 100/3,485
rebuilt clearance from saved spheres: 200/3,485
rebuilt clearance from saved spheres: 300/3,485
rebuilt clearance from saved spheres: 400/3,485
rebuilt clearance from saved spheres: 500/3,485
rebuilt clearance from saved spheres: 600/3,485
rebuilt clearance from saved spheres: 700/3,485
rebuilt clearance from saved spheres: 800/3,485
rebuilt clearance from saved spheres: 900/3,485
rebuilt clearance from saved spheres: 1,000/3,485
rebuilt clearance from saved spheres: 1,100/3,485
rebuilt clearance from saved spheres: 1,200/3,485
rebuilt clearance from saved spheres: 1,300/3,485
rebuilt clearance from saved spheres: 1,400/3,485
rebuilt clearance from saved spheres: 1,500/3,485
rebuilt clearance from saved spheres: 1,600/3,485
rebuilt clearance from saved spheres: 1,700/3,485
rebuilt clearance from saved spheres: 1,800/3,485
rebuilt clearance from saved spheres: 1,900/3,485
rebuilt clearance from saved spheres: 2,000/3,485
rebuilt clearance from saved spheres: 2,100/3,485
rebuilt clearance from saved spheres: 2,200/3,485
rebuilt clearance from saved spheres: 2,300/3,485
rebuilt clearance from saved spheres: 2,400/3,485
rebuilt clearance from saved spheres: 2,500/3,485
rebuilt clearance from saved spheres: 2,600/3,485
rebuilt clearance from saved spheres: 2,700/3,485
rebuilt clearance from saved spheres: 2,800/3,485
rebuilt clearance from saved spheres: 2,900/3,485
rebuilt clearance from saved spheres: 3,000/3,485
rebuilt clearance from saved spheres: 3,100/3,485
rebuilt clearance from saved spheres: 3,200/3,485
rebuilt clearance from saved spheres: 3,300/3,485
rebuilt clearance from saved spheres: 3,400/3,485
2026-05-10 13:43:13.675 Python[91624:18808494] ApplePersistenceIgnoreState: Existing state will not be touched. New state will be written to /var/folders/_6/st42w5pj68346zjkdp4_44r00000gn/T/org.python.python.savedState
sphere 3,486: r=0.02943, center=(-1.3959, 3.6508, -0.0537)
sphere 3,487: r=0.02943, center=(-1.3959, 3.6508, 0.2684)
sphere 3,488: r=0.02943, center=(-1.3959, 3.7045, 0.0000)
sphere 3,489: r=0.02943, center=(-1.3959, 3.7045, 0.1074)
saved 3,490 spheres, last r=0.02943, volume 15.6604
sphere 3,491: r=0.02943, center=(-1.3422, 0.6979, 0.6443)
sphere 3,492: r=0.02943, center=(-1.3422, 1.0738, 0.6979)
sphere 3,493: r=0.02943, center=(-1.3422, 1.1274, 0.6443)
sphere 3,494: r=0.02943, center=(-1.3422, 1.2885, 0.2148)
sphere 3,495: r=0.02943, center=(-1.3422, 2.3086, 0.1611)
sphere 3,496: r=0.02943, center=(-1.3422, 2.3623, -0.0537)
sphere 3,497: r=0.02943, center=(-1.3422, 2.3623, 0.2684)
sphere 3,498: r=0.02943, center=(-1.3422, 2.4697, 0.3221)
sphere 3,499: r=0.02943, center=(-1.3422, 2.8455, -0.0537)
live samples after pruning: 2,771
saved 3,500 spheres, last r=0.02943, volume 15.6614
sphere 3,501: r=0.02943, center=(-1.3422, 3.1676, 0.0000)
sphere 3,502: r=0.02943, center=(-1.3422, 3.1676, 0.4295)
sphere 3,503: r=0.02943, center=(-1.3422, 3.2213, 0.0537)
sphere 3,504: r=0.02943, center=(-1.3422, 3.3287, -0.1611)
sphere 3,505: r=0.02943, center=(-1.3422, 3.5434, -0.1611)
sphere 3,506: r=0.02943, center=(-1.3422, 3.5434, 0.3758)
sphere 3,507: r=0.02943, center=(-1.3422, 3.5971, 0.3221)
sphere 3,508: r=0.02943, center=(-1.3422, 3.6508, 0.2148)
sphere 3,509: r=0.02943, center=(-1.2885, 0.6443, 0.5906)
saved 3,510 spheres, last r=0.02943, volume 15.6625
sphere 3,511: r=0.02943, center=(-1.2885, 2.3086, 0.2148)
sphere 3,512: r=0.02943, center=(-1.2885, 2.4160, 0.3221)
sphere 3,513: r=0.02943, center=(-1.2885, 2.7381, 0.4832)
sphere 3,514: r=0.02943, center=(-1.2885, 2.7918, -0.1074)
sphere 3,515: r=0.02943, center=(-1.2885, 2.8455, 0.4832)
sphere 3,516: r=0.02943, center=(-1.2885, 3.1139, -0.0537)
sphere 3,517: r=0.02943, center=(-1.2885, 3.1139, 0.4832)
sphere 3,518: r=0.02943, center=(-1.2885, 3.2213, 0.4295)
sphere 3,519: r=0.02943, center=(-1.2885, 3.2750, -0.1611)
saved 3,520 spheres, last r=0.02943, volume 15.6636
sphere 3,521: r=0.02943, center=(-1.2885, 3.2750, 0.3758)
sphere 3,522: r=0.02943, center=(-1.2885, 3.3287, 0.0537)
sphere 3,523: r=0.02943, center=(-1.2885, 3.3823, 0.0000)
sphere 3,524: r=0.02943, center=(-1.2885, 3.4897, 0.4295)
sphere 3,525: r=0.02943, center=(-1.2885, 3.6508, 0.0537)
sphere 3,526: r=0.02943, center=(-1.2885, 3.6508, 0.1611)
sphere 3,527: r=0.02943, center=(-1.2885, 3.6508, 0.2684)
sphere 3,528: r=0.02943, center=(-1.2348, 0.5369, 0.0000)
sphere 3,529: r=0.02943, center=(-1.2348, 0.5369, 0.1074)
saved 3,530 spheres, last r=0.02943, volume 15.6646
sphere 3,531: r=0.02943, center=(-1.2348, 0.6979, 0.7516)
sphere 3,532: r=0.02943, center=(-1.2348, 0.8053, 0.8053)
sphere 3,533: r=0.02943, center=(-1.2348, 1.2348, 0.5906)
sphere 3,534: r=0.02943, center=(-1.2348, 1.2885, 0.3758)
sphere 3,535: r=0.02943, center=(-1.2348, 2.1475, 0.0537)
sphere 3,536: r=0.02943, center=(-1.2348, 3.1139, -0.1074)
sphere 3,537: r=0.02943, center=(-1.2348, 3.3287, 0.1074)
sphere 3,538: r=0.02943, center=(-1.2348, 3.3287, 0.4295)
sphere 3,539: r=0.02943, center=(-1.2348, 3.3823, 0.0537)
saved 3,540 spheres, last r=0.02943, volume 15.6657
sphere 3,541: r=0.02943, center=(-1.2348, 3.5971, 0.0537)
sphere 3,542: r=0.02943, center=(-1.2348, 3.6508, 0.1074)
sphere 3,543: r=0.02943, center=(-1.1811, 0.5369, -0.1074)
sphere 3,544: r=0.02943, center=(-1.1811, 0.5369, 0.5906)
sphere 3,545: r=0.02943, center=(-1.1811, 0.6979, 0.8053)
sphere 3,546: r=0.02943, center=(-1.1811, 0.7516, -0.2148)
sphere 3,547: r=0.02943, center=(-1.1811, 0.8053, 0.8590)
sphere 3,548: r=0.02943, center=(-1.1811, 1.3422, 0.2148)
sphere 3,549: r=0.02943, center=(-1.1811, 1.3422, 0.3221)
live samples after pruning: 3,443
saved 3,550 spheres, last r=0.02943, volume 15.6668
sphere 3,551: r=0.02943, center=(-1.1811, 2.6844, -0.2148)
sphere 3,552: r=0.02943, center=(-1.1811, 3.1676, -0.1611)
sphere 3,553: r=0.02943, center=(-1.1811, 3.2750, 0.4832)
sphere 3,554: r=0.02943, center=(-1.1811, 3.3823, 0.1074)
sphere 3,555: r=0.02943, center=(-1.1811, 3.3823, 0.4832)
sphere 3,556: r=0.02943, center=(-1.1811, 3.4360, 0.4295)
sphere 3,557: r=0.02943, center=(-1.1811, 3.5971, 0.1074)
sphere 3,558: r=0.02943, center=(-1.1274, 0.4295, -0.2148)
sphere 3,559: r=0.02943, center=(-1.1274, 1.1274, 0.8590)
saved 3,560 spheres, last r=0.02943, volume 15.6678
sphere 3,561: r=0.02943, center=(-1.1274, 1.3422, -0.1074)
sphere 3,562: r=0.02943, center=(-1.1274, 1.3422, 0.3758)
sphere 3,563: r=0.02943, center=(-1.1274, 2.0401, 0.1074)
sphere 3,564: r=0.02943, center=(-1.1274, 2.2012, -0.0537)
sphere 3,565: r=0.02943, center=(-1.1274, 2.2549, -0.1074)
sphere 3,566: r=0.02943, center=(-1.1274, 2.3623, 0.5369)
sphere 3,567: r=0.02943, center=(-1.1274, 2.5233, 0.5906)
sphere 3,568: r=0.02943, center=(-1.1274, 2.6307, 0.5906)
sphere 3,569: r=0.02943, center=(-1.1274, 2.6844, -0.2684)
saved 3,570 spheres, last r=0.02943, volume 15.6689
sphere 3,571: r=0.02943, center=(-1.1274, 2.8992, 0.6443)
sphere 3,572: r=0.02943, center=(-1.1274, 3.2750, 0.5369)
sphere 3,573: r=0.02943, center=(-1.1274, 3.4360, 0.1611)
sphere 3,574: r=0.02943, center=(-1.0738, 0.2148, 0.0537)
sphere 3,575: r=0.02943, center=(-1.0738, 0.2148, 0.2148)
sphere 3,576: r=0.02943, center=(-1.0738, 0.2684, 0.2684)
sphere 3,577: r=0.02943, center=(-1.0738, 0.2684, 0.3758)
sphere 3,578: r=0.02943, center=(-1.0738, 0.3758, 0.6443)
sphere 3,579: r=0.02943, center=(-1.0738, 0.5369, 0.8053)
saved 3,580 spheres, last r=0.02943, volume 15.6700
sphere 3,581: r=0.02943, center=(-1.0738, 0.5906, 0.8590)
sphere 3,582: r=0.02943, center=(-1.0738, 1.1811, 0.7516)
sphere 3,583: r=0.02943, center=(-1.0738, 1.2348, 0.6979)
sphere 3,584: r=0.02943, center=(-1.0738, 1.3422, 0.4295)
sphere 3,585: r=0.02943, center=(-1.0738, 1.3959, 0.1611)
sphere 3,586: r=0.02943, center=(-1.0738, 2.0401, 0.0537)
sphere 3,587: r=0.02943, center=(-1.0738, 2.0401, 0.1611)
sphere 3,588: r=0.02943, center=(-1.0738, 2.1475, 0.3758)
sphere 3,589: r=0.02943, center=(-1.0738, 2.2549, -0.1611)
saved 3,590 spheres, last r=0.02943, volume 15.6710
sphere 3,591: r=0.02943, center=(-1.0738, 2.5233, -0.2684)
sphere 3,592: r=0.02943, center=(-1.0738, 2.6844, 0.6443)
sphere 3,593: r=0.02943, center=(-1.0738, 2.9528, 0.6979)
sphere 3,594: r=0.02943, center=(-1.0738, 3.1676, -0.2148)
sphere 3,595: r=0.02943, center=(-1.0738, 3.5434, -0.1611)
sphere 3,596: r=0.02943, center=(-1.0201, -1.0201, 0.0000)
sphere 3,597: r=0.02943, center=(-1.0201, 0.0000, -0.2148)
sphere 3,598: r=0.02943, center=(-1.0201, 0.0537, 0.1611)
sphere 3,599: r=0.02943, center=(-1.0201, 0.1074, 0.2148)
live samples after pruning: 4,070
saved 3,600 spheres, last r=0.02943, volume 15.6721
sphere 3,601: r=0.02943, center=(-1.0201, 0.1611, 0.4832)
sphere 3,602: r=0.02943, center=(-1.0201, 0.2148, 0.5369)
sphere 3,603: r=0.02943, center=(-1.0201, 0.3758, -0.4295)
sphere 3,604: r=0.02943, center=(-1.0201, 0.4295, 0.8590)
sphere 3,605: r=0.02943, center=(-1.0201, 0.5906, -0.4295)
sphere 3,606: r=0.02943, center=(-1.0201, 0.7516, -0.3758)
sphere 3,607: r=0.02943, center=(-1.0201, 0.8590, 1.0201)
sphere 3,608: r=0.02943, center=(-1.0201, 0.9664, 1.0201)
sphere 3,609: r=0.02943, center=(-1.0201, 1.3422, 0.4832)
saved 3,610 spheres, last r=0.02943, volume 15.6732
sphere 3,611: r=0.02943, center=(-1.0201, 1.5570, -0.1074)
sphere 3,612: r=0.02943, center=(-1.0201, 2.0401, 0.2684)
sphere 3,613: r=0.02943, center=(-1.0201, 2.1475, -0.0537)
sphere 3,614: r=0.02943, center=(-1.0201, 2.1475, 0.4295)
sphere 3,615: r=0.02943, center=(-1.0201, 2.3086, 0.6443)
sphere 3,616: r=0.02943, center=(-1.0201, 2.5233, -0.3221)
sphere 3,617: r=0.02943, center=(-1.0201, 2.9528, -0.3221)
sphere 3,618: r=0.02943, center=(-1.0201, 3.0602, 0.7516)
sphere 3,619: r=0.02943, center=(-1.0201, 3.1139, -0.2684)
saved 3,620 spheres, last r=0.02943, volume 15.6742
sphere 3,621: r=0.02943, center=(-1.0201, 3.5971, -0.0537)
sphere 3,622: r=0.02943, center=(-0.9664, -1.1274, 0.2684)
sphere 3,623: r=0.02943, center=(-0.9664, -1.0738, -0.1074)
sphere 3,624: r=0.02943, center=(-0.9664, -0.0537, 0.2148)
sphere 3,625: r=0.02943, center=(-0.9664, 0.0000, 0.3758)
sphere 3,626: r=0.02943, center=(-0.9664, 0.0537, 0.5369)
sphere 3,627: r=0.02943, center=(-0.9664, 0.1074, -0.3758)
sphere 3,628: r=0.02943, center=(-0.9664, 0.1074, 0.5906)
sphere 3,629: r=0.02943, center=(-0.9664, 0.1611, 0.6443)
saved 3,630 spheres, last r=0.02943, volume 15.6753
sphere 3,631: r=0.02943, center=(-0.9664, 0.5906, 1.0738)
sphere 3,632: r=0.02943, center=(-0.9664, 1.4496, 0.1611)
sphere 3,633: r=0.02943, center=(-0.9664, 1.4496, 0.2684)
sphere 3,634: r=0.02943, center=(-0.9664, 1.5570, -0.2148)
sphere 3,635: r=0.02943, center=(-0.9664, 2.1475, 0.5906)
sphere 3,636: r=0.02943, center=(-0.9664, 2.2012, 0.6443)
sphere 3,637: r=0.02943, center=(-0.9664, 2.6307, -0.3758)
sphere 3,638: r=0.02943, center=(-0.9664, 2.8455, -0.3758)
sphere 3,639: r=0.02943, center=(-0.9664, 2.8455, 0.8053)
saved 3,640 spheres, last r=0.02943, volume 15.6764
sphere 3,641: r=0.02943, center=(-0.9664, 3.5434, -0.1611)
sphere 3,642: r=0.02943, center=(-0.9127, -1.3959, 0.3758)
sphere 3,643: r=0.02943, center=(-0.9127, -1.2885, 0.3758)
sphere 3,644: r=0.02943, center=(-0.9127, -1.1811, 0.3758)
sphere 3,645: r=0.02943, center=(-0.9127, -1.0738, -0.1611)
sphere 3,646: r=0.02943, center=(-0.9127, -1.0738, 0.3758)
sphere 3,647: r=0.02943, center=(-0.9127, -0.6979, 0.4295)
sphere 3,648: r=0.02943, center=(-0.9127, -0.6443, -0.1611)
sphere 3,649: r=0.02943, center=(-0.9127, -0.6443, 0.3758)
live samples after pruning: 4,705
saved 3,650 spheres, last r=0.02943, volume 15.6774
sphere 3,651: r=0.02943, center=(-0.9127, -0.5906, 0.3221)
sphere 3,652: r=0.02943, center=(-0.9127, -0.5369, -0.0537)
sphere 3,653: r=0.02943, center=(-0.9127, -0.1611, 0.2684)
sphere 3,654: r=0.02943, center=(-0.9127, -0.1074, -0.3221)
sphere 3,655: r=0.02943, center=(-0.9127, -0.1074, 0.3221)
sphere 3,656: r=0.02943, center=(-0.9127, 0.0000, 0.5906)
sphere 3,657: r=0.02943, center=(-0.9127, 0.0537, 0.6979)
sphere 3,658: r=0.02943, center=(-0.9127, 0.1074, -0.4295)
sphere 3,659: r=0.02943, center=(-0.9127, 0.1074, 0.7516)
saved 3,660 spheres, last r=0.02943, volume 15.6785
sphere 3,661: r=0.02943, center=(-0.9127, 0.3758, -0.4832)
sphere 3,662: r=0.02943, center=(-0.9127, 0.3758, 1.0201)
sphere 3,663: r=0.02943, center=(-0.9127, 0.4295, 1.0738)
sphere 3,664: r=0.02943, center=(-0.9127, 0.6443, -0.4832)
sphere 3,665: r=0.02943, center=(-0.9127, 0.8053, 1.1274)
sphere 3,666: r=0.02943, center=(-0.9127, 1.3959, -0.2148)
sphere 3,667: r=0.02943, center=(-0.9127, 1.4496, -0.2684)
sphere 3,668: r=0.02943, center=(-0.9127, 1.5033, 0.2684)
sphere 3,669: r=0.02943, center=(-0.9127, 1.5570, -0.2684)
saved 3,670 spheres, last r=0.02943, volume 15.6796
sphere 3,671: r=0.02943, center=(-0.9127, 1.7717, 0.2148)
sphere 3,672: r=0.02943, center=(-0.9127, 1.8254, 0.1611)
sphere 3,673: r=0.02943, center=(-0.9127, 1.9865, 0.2684)
sphere 3,674: r=0.02943, center=(-0.9127, 2.0401, 0.0000)
sphere 3,675: r=0.02943, center=(-0.9127, 2.2549, -0.2684)
sphere 3,676: r=0.02943, center=(-0.9127, 2.6844, 0.8053)
sphere 3,677: r=0.02943, center=(-0.9127, 2.8455, 0.9127)
sphere 3,678: r=0.02943, center=(-0.9127, 2.8992, 0.9664)
sphere 3,679: r=0.02943, center=(-0.9127, 3.1139, 0.8590)
saved 3,680 spheres, last r=0.02943, volume 15.6806
sphere 3,681: r=0.02943, center=(-0.9127, 3.5434, -0.1074)
sphere 3,682: r=0.02943, center=(-0.9127, 3.5971, 0.3221)
sphere 3,683: r=0.02943, center=(-0.8590, -1.6106, 0.2148)
sphere 3,684: r=0.02943, center=(-0.8590, -1.6106, 0.3221)
sphere 3,685: r=0.02943, center=(-0.8590, -1.5033, 0.5906)
sphere 3,686: r=0.02943, center=(-0.8590, -1.0201, 0.4832)
sphere 3,687: r=0.02943, center=(-0.8590, -0.7516, 0.4832)
sphere 3,688: r=0.02943, center=(-0.8590, -0.6443, -0.2148)
sphere 3,689: r=0.02943, center=(-0.8590, -0.5369, 0.3221)
saved 3,690 spheres, last r=0.02943, volume 15.6817
sphere 3,691: r=0.02943, center=(-0.8590, -0.3221, 0.2148)
sphere 3,692: r=0.02943, center=(-0.8590, -0.2148, 0.3221)
sphere 3,693: r=0.02943, center=(-0.8590, -0.1611, -0.3221)
sphere 3,694: r=0.02943, center=(-0.8590, -0.1611, 0.4832)
sphere 3,695: r=0.02943, center=(-0.8590, -0.1074, 0.5906)
sphere 3,696: r=0.02943, center=(-0.8590, -0.0537, 0.6443)
sphere 3,697: r=0.02943, center=(-0.8590, 0.0000, 0.7516)
sphere 3,698: r=0.02943, center=(-0.8590, 0.2148, -0.4832)
sphere 3,699: r=0.02943, center=(-0.8590, 0.6979, -0.4832)
live samples after pruning: 5,251
saved 3,700 spheres, last r=0.02943, volume 15.6828
sphere 3,701: r=0.02943, center=(-0.8590, 0.9664, 1.1274)
sphere 3,702: r=0.02943, center=(-0.8590, 1.2885, 0.7516)
sphere 3,703: r=0.02943, center=(-0.8590, 1.6643, 0.3758)
sphere 3,704: r=0.02943, center=(-0.8590, 1.7180, -0.2684)
sphere 3,705: r=0.02943, center=(-0.8590, 2.0401, 0.5906)
sphere 3,706: r=0.02943, center=(-0.8590, 2.1475, 0.7516)
sphere 3,707: r=0.02943, center=(-0.8590, 2.5770, -0.4295)
sphere 3,708: r=0.02943, center=(-0.8590, 2.6307, 0.8590)
sphere 3,709: r=0.02943, center=(-0.8590, 2.8455, 0.9664)
saved 3,710 spheres, last r=0.02943, volume 15.6839
sphere 3,711: r=0.02943, center=(-0.8590, 3.3823, 0.6979)
sphere 3,712: r=0.02943, center=(-0.8590, 3.4360, 0.6443)
sphere 3,713: r=0.02943, center=(-0.8590, 3.4897, -0.1611)
sphere 3,714: r=0.02943, center=(-0.8590, 3.4897, 0.5906)
sphere 3,715: r=0.02943, center=(-0.8590, 3.5434, 0.5369)
sphere 3,716: r=0.02943, center=(-0.8053, -1.3959, 0.6979)
sphere 3,717: r=0.02943, center=(-0.8053, -1.2885, -0.0537)
sphere 3,718: r=0.02943, center=(-0.8053, -1.2348, -0.1074)
sphere 3,719: r=0.02943, center=(-0.8053, -1.1811, -0.1611)
saved 3,720 spheres, last r=0.02943, volume 15.6849
sphere 3,721: r=0.02943, center=(-0.8053, -0.6443, 0.5369)
sphere 3,722: r=0.02943, center=(-0.8053, -0.5906, -0.2148)
sphere 3,723: r=0.02943, center=(-0.8053, -0.5369, 0.4295)
sphere 3,724: r=0.02943, center=(-0.8053, -0.4832, -0.2148)
sphere 3,725: r=0.02943, center=(-0.8053, -0.3221, -0.2684)
sphere 3,726: r=0.02943, center=(-0.8053, -0.1074, 0.6979)
sphere 3,727: r=0.02943, center=(-0.8053, -0.0537, 0.7516)
sphere 3,728: r=0.02943, center=(-0.8053, 0.0000, 0.8053)
sphere 3,729: r=0.02943, center=(-0.8053, 0.0537, 0.8590)
saved 3,730 spheres, last r=0.02943, volume 15.6860
sphere 3,731: r=0.02943, center=(-0.8053, 1.0201, 1.1274)
sphere 3,732: r=0.02943, center=(-0.8053, 1.2348, 0.8590)
sphere 3,733: r=0.02943, center=(-0.8053, 1.3959, 0.5906)
sphere 3,734: r=0.02943, center=(-0.8053, 1.6106, -0.3221)
sphere 3,735: r=0.02943, center=(-0.8053, 1.7180, -0.3221)
sphere 3,736: r=0.02943, center=(-0.8053, 2.0938, -0.2148)
sphere 3,737: r=0.02943, center=(-0.8053, 2.4160, 0.8590)
sphere 3,738: r=0.02943, center=(-0.8053, 2.5233, -0.4832)
sphere 3,739: r=0.02943, center=(-0.8053, 2.5233, 0.8590)
saved 3,740 spheres, last r=0.02943, volume 15.6871
sphere 3,741: r=0.02943, center=(-0.8053, 2.6307, 0.9127)
sphere 3,742: r=0.02943, center=(-0.8053, 2.7381, 0.9127)
sphere 3,743: r=0.02943, center=(-0.8053, 2.8992, 1.0738)
sphere 3,744: r=0.02943, center=(-0.8053, 3.1139, -0.4295)
sphere 3,745: r=0.02943, center=(-0.8053, 3.2213, 0.8590)
sphere 3,746: r=0.02943, center=(-0.8053, 3.3287, -0.3221)
sphere 3,747: r=0.02943, center=(-0.8053, 3.3823, -0.2684)
sphere 3,748: r=0.02943, center=(-0.7516, -3.3287, 1.2885)
sphere 3,749: r=0.02943, center=(-0.7516, -3.3287, 1.5033)
live samples after pruning: 5,763
saved 3,750 spheres, last r=0.02943, volume 15.6881
sphere 3,751: r=0.02943, center=(-0.7516, -2.0938, 0.6979)
sphere 3,752: r=0.02943, center=(-0.7516, -1.9865, 0.4832)
sphere 3,753: r=0.02943, center=(-0.7516, -1.9328, 0.8590)
sphere 3,754: r=0.02943, center=(-0.7516, -1.8791, 0.9127)
sphere 3,755: r=0.02943, center=(-0.7516, -1.5033, 0.8590)
sphere 3,756: r=0.02943, center=(-0.7516, -1.4496, 0.1074)
sphere 3,757: r=0.02943, center=(-0.7516, -0.9664, -0.3221)
sphere 3,758: r=0.02943, center=(-0.7516, -0.8590, 0.5906)
sphere 3,759: r=0.02943, center=(-0.7516, -0.7516, -0.3221)
saved 3,760 spheres, last r=0.02943, volume 15.6892
sphere 3,761: r=0.02943, center=(-0.7516, -0.4832, 0.4832)
sphere 3,762: r=0.02943, center=(-0.7516, -0.2684, -0.3221)
sphere 3,763: r=0.02943, center=(-0.7516, -0.1611, 0.6979)
sphere 3,764: r=0.02943, center=(-0.7516, -0.1074, 0.8053)
sphere 3,765: r=0.02943, center=(-0.7516, -0.0537, 0.8590)
sphere 3,766: r=0.02943, center=(-0.7516, 0.0000, 0.9127)
sphere 3,767: r=0.02943, center=(-0.7516, 0.1074, 1.0201)
sphere 3,768: r=0.02943, center=(-0.7516, 0.7516, 1.2348)
sphere 3,769: r=0.02943, center=(-0.7516, 0.8053, -0.4832)
saved 3,770 spheres, last r=0.02943, volume 15.6903
sphere 3,771: r=0.02943, center=(-0.7516, 1.2348, -0.3758)
sphere 3,772: r=0.02943, center=(-0.7516, 1.2348, 0.9127)
sphere 3,773: r=0.02943, center=(-0.7516, 1.2885, 0.8053)
sphere 3,774: r=0.02943, center=(-0.7516, 1.3959, -0.3758)
sphere 3,775: r=0.02943, center=(-0.7516, 1.5570, -0.3758)
sphere 3,776: r=0.02943, center=(-0.7516, 1.5570, 0.5906)
sphere 3,777: r=0.02943, center=(-0.7516, 1.6643, 0.5906)
sphere 3,778: r=0.02943, center=(-0.7516, 1.7717, -0.3221)
sphere 3,779: r=0.02943, center=(-0.7516, 1.9328, -0.3221)
saved 3,780 spheres, last r=0.02943, volume 15.6913
sphere 3,781: r=0.02943, center=(-0.7516, 2.4160, 0.9127)
sphere 3,782: r=0.02943, center=(-0.7516, 2.6307, -0.5369)
sphere 3,783: r=0.02943, center=(-0.7516, 2.7381, -0.5369)
sphere 3,784: r=0.02943, center=(-0.7516, 2.7381, 0.9664)
sphere 3,785: r=0.02943, center=(-0.7516, 3.0602, -0.5369)
sphere 3,786: r=0.02943, center=(-0.7516, 3.1139, -0.4832)
sphere 3,787: r=0.02943, center=(-0.7516, 3.3287, 0.8053)
sphere 3,788: r=0.02943, center=(-0.7516, 3.5434, 0.0000)
sphere 3,789: r=0.02943, center=(-0.6979, -3.4360, 1.3422)
saved 3,790 spheres, last r=0.02943, volume 15.6924
sphere 3,791: r=0.02943, center=(-0.6979, -3.3823, 1.2885)
sphere 3,792: r=0.02943, center=(-0.6979, -3.3287, 0.7516)
sphere 3,793: r=0.02943, center=(-0.6979, -3.2750, 1.8791)
sphere 3,794: r=0.02943, center=(-0.6979, -3.2213, 0.5369)
sphere 3,795: r=0.02943, center=(-0.6979, -3.1676, 1.0201)
sphere 3,796: r=0.02943, center=(-0.6979, -3.1139, 0.8590)
sphere 3,797: r=0.02943, center=(-0.6979, -3.0602, -1.0201)
sphere 3,798: r=0.02943, center=(-0.6979, -3.0065, -0.9127)
sphere 3,799: r=0.02943, center=(-0.6979, -1.9865, 0.9664)
live samples after pruning: 6,225
saved 3,800 spheres, last r=0.02943, volume 15.6935
sphere 3,801: r=0.02943, center=(-0.6979, -1.2348, -0.1611)
sphere 3,802: r=0.02943, center=(-0.6979, -1.0201, -0.3221)
sphere 3,803: r=0.02943, center=(-0.6979, -0.1611, 0.8053)
sphere 3,804: r=0.02943, center=(-0.6979, -0.1074, 0.8590)
sphere 3,805: r=0.02943, center=(-0.6979, -0.0537, 0.9127)
sphere 3,806: r=0.02943, center=(-0.6979, 1.0201, 1.1811)
sphere 3,807: r=0.02943, center=(-0.6979, 1.4496, 0.6979)
sphere 3,808: r=0.02943, center=(-0.6979, 1.5570, 0.6979)
sphere 3,809: r=0.02943, center=(-0.6979, 1.7180, 0.6443)
saved 3,810 spheres, last r=0.02943, volume 15.6945
sphere 3,811: r=0.02943, center=(-0.6979, 1.9328, 0.5369)
sphere 3,812: r=0.02943, center=(-0.6979, 2.2549, -0.4295)
sphere 3,813: r=0.02943, center=(-0.6979, 2.3086, -0.4832)
sphere 3,814: r=0.02943, center=(-0.6979, 2.4160, 0.9664)
sphere 3,815: r=0.02943, center=(-0.6979, 2.4697, -0.5369)
sphere 3,816: r=0.02943, center=(-0.6979, 2.5233, 0.9664)
sphere 3,817: r=0.02943, center=(-0.6979, 2.6844, -0.5906)
sphere 3,818: r=0.02943, center=(-0.6979, 3.1676, 0.9664)
sphere 3,819: r=0.02943, center=(-0.6979, 3.2213, -0.4832)
saved 3,820 spheres, last r=0.02943, volume 15.6956
sphere 3,821: r=0.02943, center=(-0.6979, 3.4897, 0.6443)
sphere 3,822: r=0.02943, center=(-0.6443, -3.3287, 0.4832)
sphere 3,823: r=0.02943, center=(-0.6443, -3.0602, -0.8053)
sphere 3,824: r=0.02943, center=(-0.6443, -3.0602, 1.2885)
sphere 3,825: r=0.02943, center=(-0.6443, -3.0065, 0.9127)
sphere 3,826: r=0.02943, center=(-0.6443, -2.9528, 0.4832)
sphere 3,827: r=0.02943, center=(-0.6443, -2.8455, -0.8590)
sphere 3,828: r=0.02943, center=(-0.6443, -2.7918, -1.0738)
sphere 3,829: r=0.02943, center=(-0.6443, -2.4160, 0.5906)
saved 3,830 spheres, last r=0.02943, volume 15.6967
sphere 3,831: r=0.02943, center=(-0.6443, -1.9865, 1.0201)
sphere 3,832: r=0.02943, center=(-0.6443, -1.6643, 0.2684)
sphere 3,833: r=0.02943, center=(-0.6443, -1.4496, 0.9664)
sphere 3,834: r=0.02943, center=(-0.6443, -1.0201, -0.3758)
sphere 3,835: r=0.02943, center=(-0.6443, -0.9127, -0.3758)
sphere 3,836: r=0.02943, center=(-0.6443, -0.8053, -0.3758)
sphere 3,837: r=0.02943, center=(-0.6443, -0.6979, -0.3758)
sphere 3,838: r=0.02943, center=(-0.6443, -0.4295, -0.3221)
sphere 3,839: r=0.02943, center=(-0.6443, -0.1611, 0.8590)
saved 3,840 spheres, last r=0.02943, volume 15.6977
sphere 3,841: r=0.02943, center=(-0.6443, 0.0537, 1.0201)
sphere 3,842: r=0.02943, center=(-0.6443, 0.1611, -0.5369)
sphere 3,843: r=0.02943, center=(-0.6443, 0.2148, 1.1274)
sphere 3,844: r=0.02943, center=(-0.6443, 0.3758, -0.5906)
sphere 3,845: r=0.02943, center=(-0.6443, 0.4832, -0.5906)
sphere 3,846: r=0.02943, center=(-0.6443, 0.4832, 1.2885)
sphere 3,847: r=0.02943, center=(-0.6443, 0.5906, -0.5906)
sphere 3,848: r=0.02943, center=(-0.6443, 0.8053, 1.2885)
sphere 3,849: r=0.02943, center=(-0.6443, 0.9127, -0.4832)
live samples after pruning: 6,653
saved 3,850 spheres, last r=0.02943, volume 15.6988
sphere 3,851: r=0.02943, center=(-0.6443, 1.2348, 0.9664)
sphere 3,852: r=0.02943, center=(-0.6443, 1.3959, -0.4295)
sphere 3,853: r=0.02943, center=(-0.6443, 1.4496, -0.4832)
sphere 3,854: r=0.02943, center=(-0.6443, 1.5033, 0.7516)
sphere 3,855: r=0.02943, center=(-0.6443, 1.5570, -0.4832)
sphere 3,856: r=0.02943, center=(-0.6443, 1.6106, 0.7516)
sphere 3,857: r=0.02943, center=(-0.6443, 1.8254, -0.4832)
sphere 3,858: r=0.02943, center=(-0.6443, 2.0401, -0.4295)
sphere 3,859: r=0.02943, center=(-0.6443, 2.0938, 0.9127)
saved 3,860 spheres, last r=0.02943, volume 15.6999
sphere 3,861: r=0.02943, center=(-0.6443, 2.3086, -0.5369)
sphere 3,862: r=0.02943, center=(-0.6443, 2.5233, -0.5906)
sphere 3,863: r=0.02943, center=(-0.6443, 2.8455, 1.1274)
sphere 3,864: r=0.02943, center=(-0.6443, 3.0065, -0.5906)
sphere 3,865: r=0.02943, center=(-0.6443, 3.4360, 0.6979)
sphere 3,866: r=0.02943, center=(-0.5906, -3.1676, 1.7180)
sphere 3,867: r=0.02943, center=(-0.5906, -3.0065, 1.1811)
sphere 3,868: r=0.02943, center=(-0.5906, -2.9528, -0.7516)
sphere 3,869: r=0.02943, center=(-0.5906, -2.8455, -0.8053)
saved 3,870 spheres, last r=0.02943, volume 15.7009
sphere 3,871: r=0.02943, center=(-0.5906, -2.4697, 0.5369)
sphere 3,872: r=0.02943, center=(-0.5906, -2.0938, 0.4832)
sphere 3,873: r=0.02943, center=(-0.5906, -1.9328, 0.4295)
sphere 3,874: r=0.02943, center=(-0.5906, -1.8254, 0.3758)
sphere 3,875: r=0.02943, center=(-0.5906, -1.6106, 0.2148)
sphere 3,876: r=0.02943, center=(-0.5906, -1.3422, 0.0000)
sphere 3,877: r=0.02943, center=(-0.5906, -1.3422, 0.9127)
sphere 3,878: r=0.02943, center=(-0.5906, -0.7516, -0.4295)
sphere 3,879: r=0.02943, center=(-0.5906, -0.5369, -0.3758)
saved 3,880 spheres, last r=0.02943, volume 15.7020
sphere 3,881: r=0.02943, center=(-0.5906, -0.3221, -0.3758)
sphere 3,882: r=0.02943, center=(-0.5906, -0.2148, 0.8590)
sphere 3,883: r=0.02943, center=(-0.5906, -0.1611, 0.9127)
sphere 3,884: r=0.02943, center=(-0.5906, 0.0000, -0.4832)
sphere 3,885: r=0.02943, center=(-0.5906, 0.0000, 1.0201)
sphere 3,886: r=0.02943, center=(-0.5906, 0.1074, -0.5369)
sphere 3,887: r=0.02943, center=(-0.5906, 0.4295, 1.2885)
sphere 3,888: r=0.02943, center=(-0.5906, 0.9664, -0.4832)
sphere 3,889: r=0.02943, center=(-0.5906, 1.2348, -0.4295)
saved 3,890 spheres, last r=0.02943, volume 15.7031
sphere 3,891: r=0.02943, center=(-0.5906, 1.5570, -0.5369)
sphere 3,892: r=0.02943, center=(-0.5906, 1.7180, 0.7516)
sphere 3,893: r=0.02943, center=(-0.5906, 1.8791, -0.4832)
sphere 3,894: r=0.02943, center=(-0.5906, 2.0938, -0.4832)
sphere 3,895: r=0.02943, center=(-0.5906, 2.2549, -0.5369)
sphere 3,896: r=0.02943, center=(-0.5906, 2.3623, 1.0201)
sphere 3,897: r=0.02943, center=(-0.5906, 2.4160, -0.5906)
sphere 3,898: r=0.02943, center=(-0.5906, 2.6307, -0.6443)
sphere 3,899: r=0.02943, center=(-0.5906, 2.7381, -0.6443)
live samples after pruning: 7,034
saved 3,900 spheres, last r=0.02943, volume 15.7041
sphere 3,901: r=0.02943, center=(-0.5906, 3.2213, -0.5906)
sphere 3,902: r=0.02943, center=(-0.5906, 3.4897, -0.2148)
sphere 3,903: r=0.02943, center=(-0.5369, -3.3823, 1.2885)
sphere 3,904: r=0.02943, center=(-0.5369, -3.3287, 1.9865)
sphere 3,905: r=0.02943, center=(-0.5369, -3.2750, -0.6443)
sphere 3,906: r=0.02943, center=(-0.5369, -3.2213, -0.9664)
sphere 3,907: r=0.02943, center=(-0.5369, -3.1676, -0.6443)
sphere 3,908: r=0.02943, center=(-0.5369, -3.1139, 1.6643)
sphere 3,909: r=0.02943, center=(-0.5369, -3.0602, -0.6443)
saved 3,910 spheres, last r=0.02943, volume 15.7052
sphere 3,911: r=0.02943, center=(-0.5369, -2.8992, 1.0738)
sphere 3,912: r=0.02943, center=(-0.5369, -2.8455, 1.0201)
sphere 3,913: r=0.02943, center=(-0.5369, -2.7918, -1.2348)
sphere 3,914: r=0.02943, center=(-0.5369, -2.7381, 0.9127)
sphere 3,915: r=0.02943, center=(-0.5369, -2.6307, -0.9664)
sphere 3,916: r=0.02943, center=(-0.5369, -2.3623, 0.9664)
sphere 3,917: r=0.02943, center=(-0.5369, -1.9865, 0.4295)
sphere 3,918: r=0.02943, center=(-0.5369, -1.5033, 0.1611)
sphere 3,919: r=0.02943, center=(-0.5369, -1.1811, 0.7516)
saved 3,920 spheres, last r=0.02943, volume 15.7063
sphere 3,921: r=0.02943, center=(-0.5369, -0.0537, -0.4832)
sphere 3,922: r=0.02943, center=(-0.5369, -0.0537, 1.0201)
sphere 3,923: r=0.02943, center=(-0.5369, 0.3758, 1.2885)
sphere 3,924: r=0.02943, center=(-0.5369, 1.0201, -0.4832)
sphere 3,925: r=0.02943, center=(-0.5369, 1.1274, 1.1811)
sphere 3,926: r=0.02943, center=(-0.5369, 1.6643, 0.8053)
sphere 3,927: r=0.02943, center=(-0.5369, 1.7717, 0.7516)
sphere 3,928: r=0.02943, center=(-0.5369, 1.9328, 0.7516)
sphere 3,929: r=0.02943, center=(-0.5369, 2.2012, -0.5369)
saved 3,930 spheres, last r=0.02943, volume 15.7073
sphere 3,931: r=0.02943, center=(-0.5369, 2.4160, 1.0738)
sphere 3,932: r=0.02943, center=(-0.5369, 3.3823, -0.4832)
sphere 3,933: r=0.02943, center=(-0.5369, 3.5971, 0.2684)
sphere 3,934: r=0.02943, center=(-0.4832, -3.3823, 1.8254)
sphere 3,935: r=0.02943, center=(-0.4832, -3.2750, -0.8053)
sphere 3,936: r=0.02943, center=(-0.4832, -3.2750, -0.5906)
sphere 3,937: r=0.02943, center=(-0.4832, -3.1676, -0.5906)
sphere 3,938: r=0.02943, center=(-0.4832, -3.1676, 1.7717)
sphere 3,939: r=0.02943, center=(-0.4832, -3.1139, 1.7180)
saved 3,940 spheres, last r=0.02943, volume 15.7084
sphere 3,941: r=0.02943, center=(-0.4832, -3.0065, 0.3758)
sphere 3,942: r=0.02943, center=(-0.4832, -2.7381, -0.6979)
sphere 3,943: r=0.02943, center=(-0.4832, -2.7381, 1.0201)
sphere 3,944: r=0.02943, center=(-0.4832, -2.6844, -0.7516)
sphere 3,945: r=0.02943, center=(-0.4832, -1.9328, 1.1274)
sphere 3,946: r=0.02943, center=(-0.4832, -1.3422, 0.0000)
sphere 3,947: r=0.02943, center=(-0.4832, -1.2885, -0.0537)
sphere 3,948: r=0.02943, center=(-0.4832, -1.1274, 0.7516)
sphere 3,949: r=0.02943, center=(-0.4832, -1.0201, -0.4832)
live samples after pruning: 7,427
saved 3,950 spheres, last r=0.02943, volume 15.7095
sphere 3,951: r=0.02943, center=(-0.4832, -0.4832, 0.7516)
sphere 3,952: r=0.02943, center=(-0.4832, -0.4295, -0.3758)
sphere 3,953: r=0.02943, center=(-0.4832, -0.2148, 0.9127)
sphere 3,954: r=0.02943, center=(-0.4832, -0.1611, 0.9664)
sphere 3,955: r=0.02943, center=(-0.4832, -0.1074, -0.4832)
sphere 3,956: r=0.02943, center=(-0.4832, 1.3422, -0.4832)
sphere 3,957: r=0.02943, center=(-0.4832, 1.8791, -0.5369)
sphere 3,958: r=0.02943, center=(-0.4832, 1.9328, 0.9664)
sphere 3,959: r=0.02943, center=(-0.4832, 1.9328, 1.1811)
saved 3,960 spheres, last r=0.02943, volume 15.7105
sphere 3,961: r=0.02943, center=(-0.4832, 2.0938, 1.2348)
sphere 3,962: r=0.02943, center=(-0.4832, 2.1475, -0.5369)
sphere 3,963: r=0.02943, center=(-0.4832, 2.2549, -0.5906)
sphere 3,964: r=0.02943, center=(-0.4832, 2.3086, 1.1274)
sphere 3,965: r=0.02943, center=(-0.4832, 2.6307, 1.1274)
sphere 3,966: r=0.02943, center=(-0.4832, 2.6844, -0.6979)
sphere 3,967: r=0.02943, center=(-0.4832, 3.0602, -0.6979)
sphere 3,968: r=0.02943, center=(-0.4832, 3.0602, 1.0738)
sphere 3,969: r=0.02943, center=(-0.4832, 3.2213, 0.9664)
saved 3,970 spheres, last r=0.02943, volume 15.7116
sphere 3,971: r=0.02943, center=(-0.4832, 3.5434, -0.1074)
sphere 3,972: r=0.02943, center=(-0.4832, 3.5971, 0.1611)
sphere 3,973: r=0.02943, center=(-0.4295, -3.3823, 1.2885)
sphere 3,974: r=0.02943, center=(-0.4295, -3.0602, 1.6106)
sphere 3,975: r=0.02943, center=(-0.4295, -2.8455, 1.1274)
sphere 3,976: r=0.02943, center=(-0.4295, -2.7918, 0.4295)
sphere 3,977: r=0.02943, center=(-0.4295, -2.6844, -0.6979)
sphere 3,978: r=0.02943, center=(-0.4295, -2.6307, -1.1811)
sphere 3,979: r=0.02943, center=(-0.4295, -2.5233, -0.6979)
saved 3,980 spheres, last r=0.02943, volume 15.7127
sphere 3,981: r=0.02943, center=(-0.4295, -1.5033, 0.1611)
sphere 3,982: r=0.02943, center=(-0.4295, -1.4496, 0.1074)
sphere 3,983: r=0.02943, center=(-0.4295, -1.3422, 0.9664)
sphere 3,984: r=0.02943, center=(-0.4295, -1.2885, 0.9127)
sphere 3,985: r=0.02943, center=(-0.4295, -0.9664, -0.5369)
sphere 3,986: r=0.02943, center=(-0.4295, -0.5906, -0.4832)
sphere 3,987: r=0.02943, center=(-0.4295, -0.3758, 0.8590)
sphere 3,988: r=0.02943, center=(-0.4295, -0.2684, 0.9127)
sphere 3,989: r=0.02943, center=(-0.4295, -0.2148, 0.9664)
saved 3,990 spheres, last r=0.02943, volume 15.7138
sphere 3,991: r=0.02943, center=(-0.4295, 1.0201, -0.5369)
sphere 3,992: r=0.02943, center=(-0.4295, 1.7717, 0.7516)
sphere 3,993: r=0.02943, center=(-0.4295, 1.8254, -0.5906)
sphere 3,994: r=0.02943, center=(-0.4295, 1.9328, 1.2348)
sphere 3,995: r=0.02943, center=(-0.4295, 1.9865, 1.2885)
sphere 3,996: r=0.02943, center=(-0.4295, 2.2012, -0.5906)
sphere 3,997: r=0.02943, center=(-0.4295, 2.8992, 1.1274)
sphere 3,998: r=0.02943, center=(-0.4295, 3.1676, 1.0201)
sphere 3,999: r=0.02943, center=(-0.4295, 3.3287, -0.5906)
live samples after pruning: 7,785
saved 4,000 spheres, last r=0.02943, volume 15.7148
sphere 4,001: r=0.02943, center=(-0.4295, 3.3823, 0.8590)
sphere 4,002: r=0.02943, center=(-0.4295, 3.4360, 0.8053)
sphere 4,003: r=0.02943, center=(-0.4295, 3.5434, -0.1611)
sphere 4,004: r=0.02943, center=(-0.3758, -3.3287, -0.4832)
sphere 4,005: r=0.02943, center=(-0.3758, -3.2213, -0.4832)
sphere 4,006: r=0.02943, center=(-0.3758, -3.0065, -0.5369)
sphere 4,007: r=0.02943, center=(-0.3758, -2.7918, 1.1274)
sphere 4,008: r=0.02943, center=(-0.3758, -2.4697, -0.5906)
sphere 4,009: r=0.02943, center=(-0.3758, -1.6643, 0.2684)
saved 4,010 spheres, last r=0.02943, volume 15.7159
sphere 4,011: r=0.02943, center=(-0.3758, -1.2885, 0.0000)
sphere 4,012: r=0.02943, center=(-0.3758, -1.1274, 0.7516)
sphere 4,013: r=0.02943, center=(-0.3758, -1.0201, -0.5369)
sphere 4,014: r=0.02943, center=(-0.3758, -0.6443, -0.5369)
sphere 4,015: r=0.02943, center=(-0.3758, -0.3758, -0.4295)
sphere 4,016: r=0.02943, center=(-0.3758, -0.1611, 1.0201)
sphere 4,017: r=0.02943, center=(-0.3758, 0.2684, 1.2885)
sphere 4,018: r=0.02943, center=(-0.3758, 0.6979, 1.3959)
sphere 4,019: r=0.02943, center=(-0.3758, 0.9664, 1.2885)
saved 4,020 spheres, last r=0.02943, volume 15.7170
sphere 4,021: r=0.02943, center=(-0.3758, 1.8791, 1.1811)
sphere 4,022: r=0.02943, center=(-0.3758, 1.9328, -0.5906)
sphere 4,023: r=0.02943, center=(-0.3758, 2.2549, 1.2885)
sphere 4,024: r=0.02943, center=(-0.3758, 2.5233, 1.1811)
sphere 4,025: r=0.02943, center=(-0.3758, 2.6307, 1.1811)
sphere 4,026: r=0.02943, center=(-0.3758, 3.1676, -0.6979)
sphere 4,027: r=0.02943, center=(-0.3758, 3.4897, 0.7516)
sphere 4,028: r=0.02943, center=(-0.3758, 3.5434, -0.2148)
sphere 4,029: r=0.02943, center=(-0.3221, -3.4360, 1.8254)
saved 4,030 spheres, last r=0.02943, volume 15.7180
sphere 4,031: r=0.02943, center=(-0.3221, -3.3287, -0.4295)
sphere 4,032: r=0.02943, center=(-0.3221, -3.2213, -0.4295)
sphere 4,033: r=0.02943, center=(-0.3221, -2.6844, -1.2348)
sphere 4,034: r=0.02943, center=(-0.3221, -2.6307, -1.1811)
sphere 4,035: r=0.02943, center=(-0.3221, -2.4697, -0.5369)
sphere 4,036: r=0.02943, center=(-0.3221, -2.3086, -0.7516)
sphere 4,037: r=0.02943, center=(-0.3221, -1.7180, 0.3221)
sphere 4,038: r=0.02943, center=(-0.3221, -1.3422, 0.9664)
sphere 4,039: r=0.02943, center=(-0.3221, -1.2348, 0.0000)
saved 4,040 spheres, last r=0.02943, volume 15.7191
sphere 4,041: r=0.02943, center=(-0.3221, -0.7516, -0.5906)
sphere 4,042: r=0.02943, center=(-0.3221, -0.2684, 0.9664)
sphere 4,043: r=0.02943, center=(-0.3221, -0.2148, 1.0201)
sphere 4,044: r=0.02943, center=(-0.3221, -0.0537, 1.1274)
sphere 4,045: r=0.02943, center=(-0.3221, 0.0537, 1.1811)
sphere 4,046: r=0.02943, center=(-0.3221, 1.2885, 0.9127)
sphere 4,047: r=0.02943, center=(-0.3221, 1.8791, -0.6443)
sphere 4,048: r=0.02943, center=(-0.3221, 1.8791, 0.7516)
sphere 4,049: r=0.02943, center=(-0.3221, 2.0938, 1.3959)
live samples after pruning: 8,027
saved 4,050 spheres, last r=0.02943, volume 15.7202
sphere 4,051: r=0.02943, center=(-0.3221, 2.2012, 1.3959)
sphere 4,052: r=0.02943, center=(-0.3221, 2.2549, 1.3422)
sphere 4,053: r=0.02943, center=(-0.3221, 2.5233, 1.2348)
sphere 4,054: r=0.02943, center=(-0.3221, 2.6844, -0.7516)
sphere 4,055: r=0.02943, center=(-0.3221, 2.7918, -0.7516)
sphere 4,056: r=0.02943, center=(-0.3221, 3.5434, 0.6979)
sphere 4,057: r=0.02943, center=(-0.2684, -3.3287, -0.3758)
sphere 4,058: r=0.02943, center=(-0.2684, -3.2750, 0.4295)
sphere 4,059: r=0.02943, center=(-0.2684, -3.1676, 1.7717)
saved 4,060 spheres, last r=0.02943, volume 15.7212
sphere 4,061: r=0.02943, center=(-0.2684, -2.6307, 1.1274)
sphere 4,062: r=0.02943, center=(-0.2684, -2.4697, -1.0738)
sphere 4,063: r=0.02943, center=(-0.2684, -2.4697, -0.4295)
sphere 4,064: r=0.02943, center=(-0.2684, -1.9865, 0.4295)
sphere 4,065: r=0.02943, center=(-0.2684, -1.4496, 1.0738)
sphere 4,066: r=0.02943, center=(-0.2684, -1.3959, 1.0201)
sphere 4,067: r=0.02943, center=(-0.2684, -1.1811, 0.8053)
sphere 4,068: r=0.02943, center=(-0.2684, -1.1274, 0.7516)
sphere 4,069: r=0.02943, center=(-0.2684, -1.0201, -0.5369)
saved 4,070 spheres, last r=0.02943, volume 15.7223
sphere 4,071: r=0.02943, center=(-0.2684, -0.8053, -0.6443)
sphere 4,072: r=0.02943, center=(-0.2684, -0.7516, 0.8053)
sphere 4,073: r=0.02943, center=(-0.2684, -0.5369, -0.5369)
sphere 4,074: r=0.02943, center=(-0.2684, -0.1611, -0.5369)
sphere 4,075: r=0.02943, center=(-0.2684, -0.1611, 1.0738)
sphere 4,076: r=0.02943, center=(-0.2684, 1.0738, -0.5906)
sphere 4,077: r=0.02943, center=(-0.2684, 1.0738, 1.2348)
sphere 4,078: r=0.02943, center=(-0.2684, 1.3422, -0.5906)
sphere 4,079: r=0.02943, center=(-0.2684, 1.5570, -0.6979)
saved 4,080 spheres, last r=0.02943, volume 15.7234
sphere 4,081: r=0.02943, center=(-0.2684, 1.8791, 1.2885)
sphere 4,082: r=0.02943, center=(-0.2684, 1.9865, 1.3959)
sphere 4,083: r=0.02943, center=(-0.2684, 2.1475, 1.4496)
sphere 4,084: r=0.02943, center=(-0.2684, 3.4360, 0.8590)
sphere 4,085: r=0.02943, center=(-0.2684, 3.5971, -0.1611)
sphere 4,086: r=0.02943, center=(-0.2684, 3.5971, 0.5906)
sphere 4,087: r=0.02943, center=(-0.2684, 3.6508, 0.3758)
sphere 4,088: r=0.02943, center=(-0.2148, -3.3287, -0.3221)
sphere 4,089: r=0.02943, center=(-0.2148, -3.3287, 1.9328)
saved 4,090 spheres, last r=0.02943, volume 15.7244
sphere 4,091: r=0.02943, center=(-0.2148, -2.7918, -1.2885)
sphere 4,092: r=0.02943, center=(-0.2148, -2.7381, -0.5369)
sphere 4,093: r=0.02943, center=(-0.2148, -2.6844, -1.2348)
sphere 4,094: r=0.02943, center=(-0.2148, -2.6307, -1.1811)
sphere 4,095: r=0.02943, center=(-0.2148, -2.4697, -0.3758)
sphere 4,096: r=0.02943, center=(-0.2148, -2.3086, -0.9664)
sphere 4,097: r=0.02943, center=(-0.2148, -2.2012, -0.8590)
sphere 4,098: r=0.02943, center=(-0.2148, -2.1475, -0.8053)
sphere 4,099: r=0.02943, center=(-0.2148, -2.1475, -0.3758)
live samples after pruning: 8,273
saved 4,100 spheres, last r=0.02943, volume 15.7255
sphere 4,101: r=0.02943, center=(-0.2148, -1.5570, 1.1274)
sphere 4,102: r=0.02943, center=(-0.2148, -1.2885, 0.1611)
sphere 4,103: r=0.02943, center=(-0.2148, -1.1811, 0.7516)
sphere 4,104: r=0.02943, center=(-0.2148, -1.0738, -0.5369)
sphere 4,105: r=0.02943, center=(-0.2148, -1.0738, -0.3221)
sphere 4,106: r=0.02943, center=(-0.2148, -1.0738, -0.2148)
sphere 4,107: r=0.02943, center=(-0.2148, -0.3758, 0.9127)
sphere 4,108: r=0.02943, center=(-0.2148, -0.2684, 0.9664)
sphere 4,109: r=0.02943, center=(-0.2148, -0.2148, 1.0201)
saved 4,110 spheres, last r=0.02943, volume 15.7266
sphere 4,111: r=0.02943, center=(-0.2148, 0.1074, 1.2348)
sphere 4,112: r=0.02943, center=(-0.2148, 0.3758, 1.3422)
sphere 4,113: r=0.02943, center=(-0.2148, 1.2348, 1.0201)
sphere 4,114: r=0.02943, center=(-0.2148, 1.2885, 0.9127)
sphere 4,115: r=0.02943, center=(-0.2148, 1.3959, -0.6443)
sphere 4,116: r=0.02943, center=(-0.2148, 2.4160, 1.3422)
sphere 4,117: r=0.02943, center=(-0.2148, 2.5770, 1.2348)
sphere 4,118: r=0.02943, center=(-0.2148, 3.4897, 0.8053)
sphere 4,119: r=0.02943, center=(-0.2148, 3.5971, -0.2148)
saved 4,120 spheres, last r=0.02943, volume 15.7276
sphere 4,121: r=0.02943, center=(-0.1611, -3.2750, -1.1811)
sphere 4,122: r=0.02943, center=(-0.1611, -3.2750, 0.4295)
sphere 4,123: r=0.02943, center=(-0.1611, -3.1676, -0.3221)
sphere 4,124: r=0.02943, center=(-0.1611, -3.1676, 0.3758)
sphere 4,125: r=0.02943, center=(-0.1611, -3.1139, 1.7180)
sphere 4,126: r=0.02943, center=(-0.1611, -3.0602, -1.3422)
sphere 4,127: r=0.02943, center=(-0.1611, -2.8992, -0.4832)
sphere 4,128: r=0.02943, center=(-0.1611, -2.5770, -1.1274)
sphere 4,129: r=0.02943, center=(-0.1611, -2.5233, -0.3758)
saved 4,130 spheres, last r=0.02943, volume 15.7287
sphere 4,131: r=0.02943, center=(-0.1611, -2.2549, -0.2684)
sphere 4,132: r=0.02943, center=(-0.1611, -2.0938, -0.8590)
sphere 4,133: r=0.02943, center=(-0.1611, -2.0938, -0.2684)
sphere 4,134: r=0.02943, center=(-0.1611, -2.0938, 0.4832)
sphere 4,135: r=0.02943, center=(-0.1611, -2.0401, -0.7516)
sphere 4,136: r=0.02943, center=(-0.1611, -1.9865, -0.5906)
sphere 4,137: r=0.02943, center=(-0.1611, -1.9865, -0.4832)
sphere 4,138: r=0.02943, center=(-0.1611, -1.7180, 0.3758)
sphere 4,139: r=0.02943, center=(-0.1611, -1.6106, 1.1274)
saved 4,140 spheres, last r=0.02943, volume 15.7298
sphere 4,141: r=0.02943, center=(-0.1611, -1.5033, 1.0738)
sphere 4,142: r=0.02943, center=(-0.1611, -1.1811, -0.3221)
sphere 4,143: r=0.02943, center=(-0.1611, -1.0738, 0.1074)
sphere 4,144: r=0.02943, center=(-0.1611, -0.9127, -0.6979)
sphere 4,145: r=0.02943, center=(-0.1611, -0.7516, 0.8053)
sphere 4,146: r=0.02943, center=(-0.1611, -0.4832, -0.5369)
sphere 4,147: r=0.02943, center=(-0.1611, -0.1611, 1.0738)
sphere 4,148: r=0.02943, center=(-0.1611, -0.1074, -0.5906)
sphere 4,149: r=0.02943, center=(-0.1611, -0.1074, 1.1274)
live samples after pruning: 8,457
saved 4,150 spheres, last r=0.02943, volume 15.7308
sphere 4,151: r=0.02943, center=(-0.1611, 0.9664, 1.2885)
sphere 4,152: r=0.02943, center=(-0.1611, 1.7180, 0.8053)
sphere 4,153: r=0.02943, center=(-0.1611, 1.7717, 0.7516)
sphere 4,154: r=0.02943, center=(-0.1611, 1.8791, 1.3422)
sphere 4,155: r=0.02943, center=(-0.1611, 1.9328, 1.3959)
sphere 4,156: r=0.02943, center=(-0.1611, 3.5434, 0.7516)
sphere 4,157: r=0.02943, center=(-0.1611, 3.6508, 0.4832)
sphere 4,158: r=0.02943, center=(-0.1074, -3.3287, -1.0201)
sphere 4,159: r=0.02943, center=(-0.1074, -3.0065, -0.3758)
saved 4,160 spheres, last r=0.02943, volume 15.7319
sphere 4,161: r=0.02943, center=(-0.1074, -2.7381, 0.4832)
sphere 4,162: r=0.02943, center=(-0.1074, -2.4697, 0.5369)
sphere 4,163: r=0.02943, center=(-0.1074, -2.2549, 0.5369)
sphere 4,164: r=0.02943, center=(-0.1074, -1.9328, -0.2148)
sphere 4,165: r=0.02943, center=(-0.1074, -1.9328, 0.4832)
sphere 4,166: r=0.02943, center=(-0.1074, -1.8791, -0.2684)
sphere 4,167: r=0.02943, center=(-0.1074, -1.7717, 1.1274)
sphere 4,168: r=0.02943, center=(-0.1074, -1.6643, 0.3758)
sphere 4,169: r=0.02943, center=(-0.1074, -1.3959, 0.3221)
saved 4,170 spheres, last r=0.02943, volume 15.7330
sphere 4,171: r=0.02943, center=(-0.1074, -1.1811, 0.3758)
sphere 4,172: r=0.02943, center=(-0.1074, -0.8053, -0.6979)
sphere 4,173: r=0.02943, center=(-0.1074, -0.6443, -0.6443)
sphere 4,174: r=0.02943, center=(-0.1074, -0.5369, -0.5906)
sphere 4,175: r=0.02943, center=(-0.1074, -0.3758, 0.9127)
sphere 4,176: r=0.02943, center=(-0.1074, 0.1074, -0.6979)
sphere 4,177: r=0.02943, center=(-0.1074, 0.1074, 1.2348)
sphere 4,178: r=0.02943, center=(-0.1074, 0.2684, 1.2885)
sphere 4,179: r=0.02943, center=(-0.1074, 1.1811, 1.0738)
saved 4,180 spheres, last r=0.02943, volume 15.7340
sphere 4,181: r=0.02943, center=(-0.1074, 2.4697, 1.2885)
sphere 4,182: r=0.02943, center=(-0.1074, 3.5971, 0.6443)
sphere 4,183: r=0.02943, center=(-0.0537, -3.3287, -1.0738)
sphere 4,184: r=0.02943, center=(-0.0537, -3.3287, 1.8791)
sphere 4,185: r=0.02943, center=(-0.0537, -2.9528, -1.2885)
sphere 4,186: r=0.02943, center=(-0.0537, -2.5233, 1.0738)
sphere 4,187: r=0.02943, center=(-0.0537, -2.4160, -1.0201)
sphere 4,188: r=0.02943, center=(-0.0537, -2.4160, -0.2684)
sphere 4,189: r=0.02943, center=(-0.0537, -2.4160, 1.0738)
saved 4,190 spheres, last r=0.02943, volume 15.7351
sphere 4,191: r=0.02943, center=(-0.0537, -2.0401, -0.9127)
sphere 4,192: r=0.02943, center=(-0.0537, -1.9328, 0.5369)
sphere 4,193: r=0.02943, center=(-0.0537, -1.8791, -0.6979)
sphere 4,194: r=0.02943, center=(-0.0537, -1.8254, 0.4832)
sphere 4,195: r=0.02943, center=(-0.0537, -1.7717, 1.0738)
sphere 4,196: r=0.02943, center=(-0.0537, -1.6643, -0.3758)
sphere 4,197: r=0.02943, center=(-0.0537, -1.6643, 0.4295)
sphere 4,198: r=0.02943, center=(-0.0537, -1.6643, 1.0738)
sphere 4,199: r=0.02943, center=(-0.0537, -1.5033, 0.9664)
live samples after pruning: 8,601
saved 4,200 spheres, last r=0.02943, volume 15.7362
sphere 4,201: r=0.02943, center=(-0.0537, -1.2348, -0.5369)
sphere 4,202: r=0.02943, center=(-0.0537, -1.0738, 0.1611)
sphere 4,203: r=0.02943, center=(-0.0537, -1.0201, 0.3221)
sphere 4,204: r=0.02943, center=(-0.0537, 0.4295, 1.3422)
sphere 4,205: r=0.02943, center=(-0.0537, 0.5369, 1.3422)
sphere 4,206: r=0.02943, center=(-0.0537, 0.6443, 1.3422)
sphere 4,207: r=0.02943, center=(-0.0537, 0.6979, -0.7516)
sphere 4,208: r=0.02943, center=(-0.0537, 0.9664, -0.6979)
sphere 4,209: r=0.02943, center=(-0.0537, 1.0738, -0.6979)
saved 4,210 spheres, last r=0.02943, volume 15.7372
sphere 4,211: r=0.02943, center=(-0.0537, 1.1274, 1.1274)
sphere 4,212: r=0.02943, center=(-0.0537, 1.4496, -0.7516)
sphere 4,213: r=0.02943, center=(-0.0537, 1.8791, 1.3422)
sphere 4,214: r=0.02943, center=(-0.0537, 2.3623, 1.5033)
sphere 4,215: r=0.02943, center=(-0.0537, 2.4160, 1.1811)
sphere 4,216: r=0.02943, center=(-0.0537, 2.4697, 1.2348)
sphere 4,217: r=0.02943, center=(-0.0537, 3.5434, -0.3758)
sphere 4,218: r=0.02943, center=(-0.0537, 3.5434, 0.7516)
sphere 4,219: r=0.02943, center=(-0.0537, 3.5971, -0.2684)
saved 4,220 spheres, last r=0.02943, volume 15.7383
sphere 4,221: r=0.02943, center=(0.0000, -3.2213, 1.7717)
sphere 4,222: r=0.02943, center=(0.0000, -3.1139, 1.6106)
sphere 4,223: r=0.02943, center=(0.0000, -3.0602, 0.4295)
sphere 4,224: r=0.02943, center=(0.0000, -3.0602, 1.5033)
sphere 4,225: r=0.02943, center=(0.0000, -2.8992, 1.2348)
sphere 4,226: r=0.02943, center=(0.0000, -2.8455, 0.4832)
sphere 4,227: r=0.02943, center=(0.0000, -2.8455, 1.1811)
sphere 4,228: r=0.02943, center=(0.0000, -2.7381, -1.1811)
sphere 4,229: r=0.02943, center=(0.0000, -2.6307, -0.4832)
saved 4,230 spheres, last r=0.02943, volume 15.7394
sphere 4,231: r=0.02943, center=(0.0000, -2.5233, 0.9664)
sphere 4,232: r=0.02943, center=(0.0000, -2.3086, 1.0201)
sphere 4,233: r=0.02943, center=(0.0000, -2.2012, -0.9127)
sphere 4,234: r=0.02943, center=(0.0000, -2.1475, 0.5906)
sphere 4,235: r=0.02943, center=(0.0000, -2.0401, 0.5906)
sphere 4,236: r=0.02943, center=(0.0000, -1.9328, 0.5906)
sphere 4,237: r=0.02943, center=(0.0000, -1.8791, -0.7516)
sphere 4,238: r=0.02943, center=(0.0000, -1.8254, 0.5369)
sphere 4,239: r=0.02943, center=(0.0000, -1.7717, -0.5906)
saved 4,240 spheres, last r=0.02943, volume 15.7404
sphere 4,241: r=0.02943, center=(0.0000, -1.7180, 1.0201)
sphere 4,242: r=0.02943, center=(0.0000, -1.6643, 0.9664)
sphere 4,243: r=0.02943, center=(0.0000, -1.6106, -0.4295)
sphere 4,244: r=0.02943, center=(0.0000, -1.6106, 0.0000)
sphere 4,245: r=0.02943, center=(0.0000, -1.6106, 0.5369)
sphere 4,246: r=0.02943, center=(0.0000, -1.5570, 0.9127)
sphere 4,247: r=0.02943, center=(0.0000, -1.5033, -0.4295)
sphere 4,248: r=0.02943, center=(0.0000, -1.5033, 0.5369)
sphere 4,249: r=0.02943, center=(0.0000, -1.5033, 0.8590)
live samples after pruning: 8,727
saved 4,250 spheres, last r=0.02943, volume 15.7415
sphere 4,251: r=0.02943, center=(0.0000, -0.3221, 0.9664)
sphere 4,252: r=0.02943, center=(0.0000, 0.2684, 1.2885)
sphere 4,253: r=0.02943, center=(0.0000, 0.4295, -0.8053)
sphere 4,254: r=0.02943, center=(0.0000, 0.7516, -0.7516)
sphere 4,255: r=0.02943, center=(0.0000, 0.9664, -0.7516)
sphere 4,256: r=0.02943, center=(0.0000, 1.0738, -0.7516)
sphere 4,257: r=0.02943, center=(0.0000, 1.1811, 1.0738)
sphere 4,258: r=0.02943, center=(0.0000, 1.3422, -0.6979)
sphere 4,259: r=0.02943, center=(0.0000, 1.5570, 0.8590)
saved 4,260 spheres, last r=0.02943, volume 15.7426
sphere 4,261: r=0.02943, center=(0.0000, 2.4160, 1.3422)
sphere 4,262: r=0.02943, center=(0.0000, 3.5971, 0.6443)
sphere 4,263: r=0.02943, center=(0.0537, -3.3287, 1.7717)
sphere 4,264: r=0.02943, center=(0.0537, -3.0065, -1.2348)
sphere 4,265: r=0.02943, center=(0.0537, -3.0065, 0.4832)
sphere 4,266: r=0.02943, center=(0.0537, -2.9528, -0.4832)
sphere 4,267: r=0.02943, center=(0.0537, -2.9528, 1.1274)
sphere 4,268: r=0.02943, center=(0.0537, -2.8455, -0.5906)
sphere 4,269: r=0.02943, center=(0.0537, -2.8455, 0.5369)
saved 4,270 spheres, last r=0.02943, volume 15.7437
sphere 4,271: r=0.02943, center=(0.0537, -2.6844, -0.5369)
sphere 4,272: r=0.02943, center=(0.0537, -2.4160, -0.2684)
sphere 4,273: r=0.02943, center=(0.0537, -1.9328, 0.9127)
sphere 4,274: r=0.02943, center=(0.0537, -1.8791, -0.8053)
sphere 4,275: r=0.02943, center=(0.0537, -1.8791, 0.6979)
sphere 4,276: r=0.02943, center=(0.0537, -1.7717, 0.6979)
sphere 4,277: r=0.02943, center=(0.0537, -1.6643, -0.5369)
sphere 4,278: r=0.02943, center=(0.0537, -1.6643, 0.1074)
sphere 4,279: r=0.02943, center=(0.0537, -1.6643, 0.6979)
saved 4,280 spheres, last r=0.02943, volume 15.7447
sphere 4,281: r=0.02943, center=(0.0537, -1.3422, 0.2148)
sphere 4,282: r=0.02943, center=(0.0537, -1.1274, 0.2148)
sphere 4,283: r=0.02943, center=(0.0537, 0.3221, 1.2885)
sphere 4,284: r=0.02943, center=(0.0537, 1.2885, -0.7516)
sphere 4,285: r=0.02943, center=(0.0537, 1.3959, -0.7516)
sphere 4,286: r=0.02943, center=(0.0537, 1.8791, 1.3422)
sphere 4,287: r=0.02943, center=(0.0537, 1.9328, 1.3959)
sphere 4,288: r=0.02943, center=(0.0537, 2.2549, 1.5033)
sphere 4,289: r=0.02943, center=(0.0537, 2.3623, 1.3959)
saved 4,290 spheres, last r=0.02943, volume 15.7458
sphere 4,291: r=0.02943, center=(0.0537, 3.5434, 0.7516)
sphere 4,292: r=0.02943, center=(0.1074, -3.1139, 1.4496)
sphere 4,293: r=0.02943, center=(0.1074, -3.0065, 0.5369)
sphere 4,294: r=0.02943, center=(0.1074, -3.0065, 0.9127)
sphere 4,295: r=0.02943, center=(0.1074, -2.9528, -1.1811)
sphere 4,296: r=0.02943, center=(0.1074, -2.9528, 0.5906)
sphere 4,297: r=0.02943, center=(0.1074, -1.9328, -0.8053)
sphere 4,298: r=0.02943, center=(0.1074, -1.7717, -0.7516)
sphere 4,299: r=0.02943, center=(0.1074, -1.7180, -0.6979)
live samples after pruning: 8,816
saved 4,300 spheres, last r=0.02943, volume 15.7469
sphere 4,301: r=0.02943, center=(0.1074, -0.9664, 0.5906)
sphere 4,302: r=0.02943, center=(0.1074, -0.2684, 0.9664)
sphere 4,303: r=0.02943, center=(0.1074, -0.2148, -0.6443)
sphere 4,304: r=0.02943, center=(0.1074, -0.2148, 1.0201)
sphere 4,305: r=0.02943, center=(0.1074, 0.3758, 1.2885)
sphere 4,306: r=0.02943, center=(0.1074, 1.1811, 1.0201)
sphere 4,307: r=0.02943, center=(0.1074, 1.2348, 0.9664)
sphere 4,308: r=0.02943, center=(0.1074, 2.3086, 1.4496)
sphere 4,309: r=0.02943, center=(0.1074, 2.5770, 1.2348)
saved 4,310 spheres, last r=0.02943, volume 15.7479
sphere 4,311: r=0.02943, center=(0.1074, 3.5971, 0.6443)
sphere 4,312: r=0.02943, center=(0.1611, -3.2750, 0.8053)
sphere 4,313: r=0.02943, center=(0.1611, -3.1676, 0.7516)
sphere 4,314: r=0.02943, center=(0.1611, -3.0065, -0.3221)
sphere 4,315: r=0.02943, center=(0.1611, -2.8992, -1.1274)
sphere 4,316: r=0.02943, center=(0.1611, -2.8455, -1.0201)
sphere 4,317: r=0.02943, center=(0.1611, -2.7918, -0.9664)
sphere 4,318: r=0.02943, center=(0.1611, -2.5233, -0.3758)
sphere 4,319: r=0.02943, center=(0.1611, -2.4697, -0.3221)
saved 4,320 spheres, last r=0.02943, volume 15.7490
sphere 4,321: r=0.02943, center=(0.1611, -2.0938, -0.8053)
sphere 4,322: r=0.02943, center=(0.1611, -2.0938, 0.0000)
sphere 4,323: r=0.02943, center=(0.1611, -1.5570, 0.1074)
sphere 4,324: r=0.02943, center=(0.1611, -1.5570, 0.2148)
sphere 4,325: r=0.02943, center=(0.1611, -1.2348, -0.6443)
sphere 4,326: r=0.02943, center=(0.1611, -0.8053, -0.7516)
sphere 4,327: r=0.02943, center=(0.1611, -0.5906, 0.8053)
sphere 4,328: r=0.02943, center=(0.1611, -0.1074, -0.6979)
sphere 4,329: r=0.02943, center=(0.1611, 0.4295, 1.2885)
saved 4,330 spheres, last r=0.02943, volume 15.7501
sphere 4,331: r=0.02943, center=(0.1611, 1.8254, 0.6979)
sphere 4,332: r=0.02943, center=(0.1611, 1.8791, 1.2885)
sphere 4,333: r=0.02943, center=(0.1611, 1.9865, 1.3959)
sphere 4,334: r=0.02943, center=(0.1611, 2.2549, 1.3959)
sphere 4,335: r=0.02943, center=(0.1611, 2.3086, 1.3422)
sphere 4,336: r=0.02943, center=(0.1611, 2.5233, 1.2348)
sphere 4,337: r=0.02943, center=(0.1611, 3.3823, 0.9127)
sphere 4,338: r=0.02943, center=(0.1611, 3.4897, 0.8053)
sphere 4,339: r=0.02943, center=(0.1611, 3.5434, 0.6979)
saved 4,340 spheres, last r=0.02943, volume 15.7511
sphere 4,341: r=0.02943, center=(0.1611, 3.6508, 0.4832)
sphere 4,342: r=0.02943, center=(0.2148, -3.1676, -1.1811)
sphere 4,343: r=0.02943, center=(0.2148, -2.8992, -0.8590)
sphere 4,344: r=0.02943, center=(0.2148, -2.5233, -0.4295)
sphere 4,345: r=0.02943, center=(0.2148, -2.4160, -0.8590)
sphere 4,346: r=0.02943, center=(0.2148, -2.3086, -0.1611)
sphere 4,347: r=0.02943, center=(0.2148, -1.9328, -0.7516)
sphere 4,348: r=0.02943, center=(0.2148, -1.8254, -0.7516)
sphere 4,349: r=0.02943, center=(0.2148, -0.9664, 0.6443)
live samples after pruning: 8,917
saved 4,350 spheres, last r=0.02943, volume 15.7522
sphere 4,351: r=0.02943, center=(0.2148, -0.2684, 0.9664)
sphere 4,352: r=0.02943, center=(0.2148, 0.5369, 1.2885)
sphere 4,353: r=0.02943, center=(0.2148, 0.6443, 1.2885)
sphere 4,354: r=0.02943, center=(0.2148, 0.9127, -0.8053)
sphere 4,355: r=0.02943, center=(0.2148, 1.1811, -0.8590)
sphere 4,356: r=0.02943, center=(0.2148, 1.5033, -0.8590)
sphere 4,357: r=0.02943, center=(0.2148, 1.7717, -0.8053)
sphere 4,358: r=0.02943, center=(0.2148, 1.9328, 0.9127)
sphere 4,359: r=0.02943, center=(0.2148, 2.0938, 1.3959)
saved 4,360 spheres, last r=0.02943, volume 15.7533
sphere 4,361: r=0.02943, center=(0.2148, 2.2549, 1.3422)
sphere 4,362: r=0.02943, center=(0.2148, 3.4360, 0.8590)
sphere 4,363: r=0.02943, center=(0.2148, 3.6508, 0.2148)
sphere 4,364: r=0.02943, center=(0.2148, 3.6508, 0.3221)
sphere 4,365: r=0.02943, center=(0.2684, -3.2213, -1.1811)
sphere 4,366: r=0.02943, center=(0.2684, -2.9528, -0.8590)
sphere 4,367: r=0.02943, center=(0.2684, -2.5770, -0.5906)
sphere 4,368: r=0.02943, center=(0.2684, -2.4160, -0.8053)
sphere 4,369: r=0.02943, center=(0.2684, -2.3086, -0.8053)
saved 4,370 spheres, last r=0.02943, volume 15.7543
sphere 4,371: r=0.02943, center=(0.2684, -0.4295, -0.5906)
sphere 4,372: r=0.02943, center=(0.2684, -0.2148, 0.9664)
sphere 4,373: r=0.02943, center=(0.2684, 1.0738, 1.0738)
sphere 4,374: r=0.02943, center=(0.2684, 1.1274, 1.0201)
sphere 4,375: r=0.02943, center=(0.2684, 1.1811, 0.9664)
sphere 4,376: r=0.02943, center=(0.2684, 1.5570, -0.8590)
sphere 4,377: r=0.02943, center=(0.2684, 1.6106, 0.7516)
sphere 4,378: r=0.02943, center=(0.2684, 1.6643, 0.6979)
sphere 4,379: r=0.02943, center=(0.2684, 1.8254, 0.6443)
saved 4,380 spheres, last r=0.02943, volume 15.7554
sphere 4,381: r=0.02943, center=(0.2684, 2.2549, -0.6443)
sphere 4,382: r=0.02943, center=(0.2684, 2.2549, 1.2885)
sphere 4,383: r=0.02943, center=(0.2684, 2.8992, -0.7516)
sphere 4,384: r=0.02943, center=(0.2684, 2.9528, 1.1274)
sphere 4,385: r=0.02943, center=(0.2684, 3.2750, -0.6443)
sphere 4,386: r=0.02943, center=(0.2684, 3.2750, 0.9664)
sphere 4,387: r=0.02943, center=(0.2684, 3.3287, 0.9127)
sphere 4,388: r=0.02943, center=(0.2684, 3.3823, 0.8590)
sphere 4,389: r=0.02943, center=(0.2684, 3.4360, 0.8053)
saved 4,390 spheres, last r=0.02943, volume 15.7565
sphere 4,391: r=0.02943, center=(0.2684, 3.5971, 0.5906)
sphere 4,392: r=0.02943, center=(0.3221, -3.1139, -0.2684)
sphere 4,393: r=0.02943, center=(0.3221, -3.0602, -0.3221)
sphere 4,394: r=0.02943, center=(0.3221, -2.5233, -0.5906)
sphere 4,395: r=0.02943, center=(0.3221, -2.4160, -0.7516)
sphere 4,396: r=0.02943, center=(0.3221, -2.4160, -0.3221)
sphere 4,397: r=0.02943, center=(0.3221, -2.3623, -0.2684)
sphere 4,398: r=0.02943, center=(0.3221, -2.3086, -0.7516)
sphere 4,399: r=0.02943, center=(0.3221, -2.3086, -0.2148)
live samples after pruning: 8,957
saved 4,400 spheres, last r=0.02943, volume 15.7575
sphere 4,401: r=0.02943, center=(0.3221, -0.9664, -0.7516)
sphere 4,402: r=0.02943, center=(0.3221, -0.7516, -0.7516)
sphere 4,403: r=0.02943, center=(0.3221, -0.3221, 0.8590)
sphere 4,404: r=0.02943, center=(0.3221, 0.3758, 1.2348)
sphere 4,405: r=0.02943, center=(0.3221, 0.4832, 1.2348)
sphere 4,406: r=0.02943, center=(0.3221, 0.7516, 1.2348)
sphere 4,407: r=0.02943, center=(0.3221, 2.0401, 1.2885)
sphere 4,408: r=0.02943, center=(0.3221, 2.3086, -0.6443)
sphere 4,409: r=0.02943, center=(0.3221, 2.3623, 1.1274)
saved 4,410 spheres, last r=0.02943, volume 15.7586
sphere 4,411: r=0.02943, center=(0.3221, 3.0602, 1.0738)
sphere 4,412: r=0.02943, center=(0.3221, 3.1676, 1.0201)
sphere 4,413: r=0.02943, center=(0.3758, -3.0602, -0.3758)
sphere 4,414: r=0.02943, center=(0.3758, -2.2549, -0.1611)
sphere 4,415: r=0.02943, center=(0.3758, -2.2012, -0.1074)
sphere 4,416: r=0.02943, center=(0.3758, -2.1475, -0.0537)
sphere 4,417: r=0.02943, center=(0.3758, -1.9328, 0.1611)
sphere 4,418: r=0.02943, center=(0.3758, -1.8254, 0.2148)
sphere 4,419: r=0.02943, center=(0.3758, -1.7717, 0.2684)
saved 4,420 spheres, last r=0.02943, volume 15.7597
sphere 4,421: r=0.02943, center=(0.3758, -1.1811, -0.6443)
sphere 4,422: r=0.02943, center=(0.3758, -1.1274, -0.6979)
sphere 4,423: r=0.02943, center=(0.3758, -0.6979, -0.6979)
sphere 4,424: r=0.02943, center=(0.3758, -0.5906, -0.6443)
sphere 4,425: r=0.02943, center=(0.3758, -0.5369, -0.5906)
sphere 4,426: r=0.02943, center=(0.3758, -0.2684, 0.8590)
sphere 4,427: r=0.02943, center=(0.3758, -0.2148, -0.5906)
sphere 4,428: r=0.02943, center=(0.3758, -0.2148, 0.9127)
sphere 4,429: r=0.02943, center=(0.3758, 0.3758, -0.8053)
saved 4,430 spheres, last r=0.02943, volume 15.7607
sphere 4,431: r=0.02943, center=(0.3758, 0.9127, -0.8590)
sphere 4,432: r=0.02943, center=(0.3758, 1.1274, 0.9664)
sphere 4,433: r=0.02943, center=(0.3758, 1.1811, -0.9127)
sphere 4,434: r=0.02943, center=(0.3758, 1.1811, 0.9127)
sphere 4,435: r=0.02943, center=(0.3758, 1.3959, -0.8053)
sphere 4,436: r=0.02943, center=(0.3758, 1.5033, 0.6979)
sphere 4,437: r=0.02943, center=(0.3758, 1.8791, 0.6443)
sphere 4,438: r=0.02943, center=(0.3758, 1.9328, 0.7516)
sphere 4,439: r=0.02943, center=(0.3758, 2.0401, -0.5369)
saved 4,440 spheres, last r=0.02943, volume 15.7618
sphere 4,441: r=0.02943, center=(0.3758, 2.2549, -0.5906)
sphere 4,442: r=0.02943, center=(0.3758, 2.3623, -0.6443)
sphere 4,443: r=0.02943, center=(0.3758, 2.3623, 1.0738)
sphere 4,444: r=0.02943, center=(0.3758, 2.5770, 1.1274)
sphere 4,445: r=0.02943, center=(0.3758, 3.4360, -0.4832)
sphere 4,446: r=0.02943, center=(0.3758, 3.5971, 0.0000)
sphere 4,447: r=0.02943, center=(0.4295, -3.3287, -0.2148)
sphere 4,448: r=0.02943, center=(0.4295, -3.2750, -0.2684)
sphere 4,449: r=0.02943, center=(0.4295, -3.0065, -0.5906)
live samples after pruning: 8,883
saved 4,450 spheres, last r=0.02943, volume 15.7629
sphere 4,451: r=0.02943, center=(0.4295, -1.4496, -0.5906)
sphere 4,452: r=0.02943, center=(0.4295, -0.9664, -0.6979)
sphere 4,453: r=0.02943, center=(0.4295, -0.6979, 0.6443)
sphere 4,454: r=0.02943, center=(0.4295, -0.0537, -0.6443)
sphere 4,455: r=0.02943, center=(0.4295, 0.1611, 1.1274)
sphere 4,456: r=0.02943, center=(0.4295, 0.2148, -0.7516)
sphere 4,457: r=0.02943, center=(0.4295, 0.3221, 1.1811)
sphere 4,458: r=0.02943, center=(0.4295, 0.5906, 1.1811)
sphere 4,459: r=0.02943, center=(0.4295, 0.6979, 1.1811)
saved 4,460 spheres, last r=0.02943, volume 15.7639
sphere 4,461: r=0.02943, center=(0.4295, 1.2885, 0.7516)
sphere 4,462: r=0.02943, center=(0.4295, 1.8254, -0.6979)
sphere 4,463: r=0.02943, center=(0.4295, 1.8791, 0.5906)
sphere 4,464: r=0.02943, center=(0.4295, 1.9328, -0.6979)
sphere 4,465: r=0.02943, center=(0.4295, 1.9328, 0.6979)
sphere 4,466: r=0.02943, center=(0.4295, 2.2012, -0.5369)
sphere 4,467: r=0.02943, center=(0.4295, 2.3086, -0.5906)
sphere 4,468: r=0.02943, center=(0.4295, 2.3086, 1.0201)
sphere 4,469: r=0.02943, center=(0.4295, 2.4697, -0.6443)
saved 4,470 spheres, last r=0.02943, volume 15.7650
sphere 4,471: r=0.02943, center=(0.4295, 2.6844, -0.6979)
sphere 4,472: r=0.02943, center=(0.4295, 3.2750, -0.5906)
sphere 4,473: r=0.02943, center=(0.4295, 3.5434, 0.6443)
sphere 4,474: r=0.02943, center=(0.4832, -3.0602, -0.8590)
sphere 4,475: r=0.02943, center=(0.4832, -2.3086, -0.4832)
sphere 4,476: r=0.02943, center=(0.4832, -2.2549, -0.5906)
sphere 4,477: r=0.02943, center=(0.4832, -2.0938, 0.0000)
sphere 4,478: r=0.02943, center=(0.4832, -2.0401, 0.0537)
sphere 4,479: r=0.02943, center=(0.4832, -1.9865, 0.1074)
saved 4,480 spheres, last r=0.02943, volume 15.7661
sphere 4,481: r=0.02943, center=(0.4832, -1.2348, -0.5906)
sphere 4,482: r=0.02943, center=(0.4832, -1.0738, 0.3758)
sphere 4,483: r=0.02943, center=(0.4832, -0.9127, -0.6979)
sphere 4,484: r=0.02943, center=(0.4832, -0.7516, 0.5906)
sphere 4,485: r=0.02943, center=(0.4832, -0.6443, 0.5906)
sphere 4,486: r=0.02943, center=(0.4832, -0.5369, -0.4832)
sphere 4,487: r=0.02943, center=(0.4832, -0.4832, 0.6443)
sphere 4,488: r=0.02943, center=(0.4832, -0.2684, 0.8053)
sphere 4,489: r=0.02943, center=(0.4832, -0.2148, -0.5369)
saved 4,490 spheres, last r=0.02943, volume 15.7671
sphere 4,491: r=0.02943, center=(0.4832, 0.1074, 1.0738)
sphere 4,492: r=0.02943, center=(0.4832, 0.4295, 1.1811)
sphere 4,493: r=0.02943, center=(0.4832, 0.5369, 1.1811)
sphere 4,494: r=0.02943, center=(0.4832, 0.9127, -0.8590)
sphere 4,495: r=0.02943, center=(0.4832, 1.0738, -0.9127)
sphere 4,496: r=0.02943, center=(0.4832, 1.0738, 1.0201)
sphere 4,497: r=0.02943, center=(0.4832, 1.1274, 0.9664)
sphere 4,498: r=0.02943, center=(0.4832, 1.1811, 0.8590)
sphere 4,499: r=0.02943, center=(0.4832, 1.3959, 0.6443)
live samples after pruning: 8,871
saved 4,500 spheres, last r=0.02943, volume 15.7682
sphere 4,501: r=0.02943, center=(0.4832, 1.7717, 0.5369)
sphere 4,502: r=0.02943, center=(0.4832, 1.8254, -0.6443)
sphere 4,503: r=0.02943, center=(0.4832, 1.9328, 0.6443)
sphere 4,504: r=0.02943, center=(0.4832, 2.0938, -0.4295)
sphere 4,505: r=0.02943, center=(0.4832, 2.2549, -0.5369)
sphere 4,506: r=0.02943, center=(0.4832, 2.3623, 1.0201)
sphere 4,507: r=0.02943, center=(0.4832, 2.4160, -0.5906)
sphere 4,508: r=0.02943, center=(0.4832, 2.5233, -0.6443)
sphere 4,509: r=0.02943, center=(0.4832, 2.7381, 1.0738)
saved 4,510 spheres, last r=0.02943, volume 15.7693
sphere 4,511: r=0.02943, center=(0.4832, 2.8992, -0.6979)
sphere 4,512: r=0.02943, center=(0.5369, -3.3287, -0.4832)
sphere 4,513: r=0.02943, center=(0.5369, -3.1676, -1.0201)
sphere 4,514: r=0.02943, center=(0.5369, -2.2549, -0.4832)
sphere 4,515: r=0.02943, center=(0.5369, -2.2012, -0.3221)
sphere 4,516: r=0.02943, center=(0.5369, -2.1475, -0.5369)
sphere 4,517: r=0.02943, center=(0.5369, -2.0938, -0.0537)
sphere 4,518: r=0.02943, center=(0.5369, -1.9328, -0.5369)
sphere 4,519: r=0.02943, center=(0.5369, -1.2348, 0.3758)
saved 4,520 spheres, last r=0.02943, volume 15.7703
sphere 4,521: r=0.02943, center=(0.5369, -0.8053, 0.4832)
sphere 4,522: r=0.02943, center=(0.5369, -0.7516, 0.5369)
sphere 4,523: r=0.02943, center=(0.5369, -0.5369, 0.5369)
sphere 4,524: r=0.02943, center=(0.5369, -0.4832, -0.4832)
sphere 4,525: r=0.02943, center=(0.5369, -0.4295, -0.4295)
sphere 4,526: r=0.02943, center=(0.5369, -0.3758, 0.6443)
sphere 4,527: r=0.02943, center=(0.5369, -0.2684, -0.4832)
sphere 4,528: r=0.02943, center=(0.5369, -0.2684, 0.7516)
sphere 4,529: r=0.02943, center=(0.5369, -0.2148, 0.8053)
saved 4,530 spheres, last r=0.02943, volume 15.7714
sphere 4,531: r=0.02943, center=(0.5369, 0.0537, 1.0201)
sphere 4,532: r=0.02943, center=(0.5369, 0.2684, -0.6979)
sphere 4,533: r=0.02943, center=(0.5369, 0.3221, 1.1274)
sphere 4,534: r=0.02943, center=(0.5369, 0.6443, -0.8053)
sphere 4,535: r=0.02943, center=(0.5369, 1.4496, -0.7516)
sphere 4,536: r=0.02943, center=(0.5369, 1.5570, 0.5906)
sphere 4,537: r=0.02943, center=(0.5369, 1.7180, 0.5369)
sphere 4,538: r=0.02943, center=(0.5369, 2.1475, -0.4295)
sphere 4,539: r=0.02943, center=(0.5369, 2.2549, -0.4832)
saved 4,540 spheres, last r=0.02943, volume 15.7725
sphere 4,541: r=0.02943, center=(0.5369, 2.3623, 0.9664)
sphere 4,542: r=0.02943, center=(0.5369, 2.4697, -0.5906)
sphere 4,543: r=0.02943, center=(0.5369, 2.5233, 1.0201)
sphere 4,544: r=0.02943, center=(0.5369, 2.6844, -0.6443)
sphere 4,545: r=0.02943, center=(0.5369, 3.5434, 0.6443)
sphere 4,546: r=0.02943, center=(0.5906, -1.9865, 0.0537)
sphere 4,547: r=0.02943, center=(0.5906, -1.9328, -0.4832)
sphere 4,548: r=0.02943, center=(0.5906, -1.1811, -0.5369)
sphere 4,549: r=0.02943, center=(0.5906, -0.8590, -0.6443)
live samples after pruning: 8,842
saved 4,550 spheres, last r=0.02943, volume 15.7736
sphere 4,551: r=0.02943, center=(0.5906, -0.7516, 0.4832)
sphere 4,552: r=0.02943, center=(0.5906, -0.6443, -0.5906)
sphere 4,553: r=0.02943, center=(0.5906, -0.5369, -0.4832)
sphere 4,554: r=0.02943, center=(0.5906, -0.5369, 0.4832)
sphere 4,555: r=0.02943, center=(0.5906, -0.4832, -0.4295)
sphere 4,556: r=0.02943, center=(0.5906, -0.3221, -0.3758)
sphere 4,557: r=0.02943, center=(0.5906, -0.2148, 0.7516)
sphere 4,558: r=0.02943, center=(0.5906, -0.1611, -0.4832)
sphere 4,559: r=0.02943, center=(0.5906, -0.0537, -0.5369)
saved 4,560 spheres, last r=0.02943, volume 15.7746
sphere 4,561: r=0.02943, center=(0.5906, 0.1074, 1.0201)
sphere 4,562: r=0.02943, center=(0.5906, 0.2684, 1.0738)
sphere 4,563: r=0.02943, center=(0.5906, 0.4832, 1.1274)
sphere 4,564: r=0.02943, center=(0.5906, 1.3959, 0.5369)
sphere 4,565: r=0.02943, center=(0.5906, 1.7180, -0.5906)
sphere 4,566: r=0.02943, center=(0.5906, 1.7717, -0.5369)
sphere 4,567: r=0.02943, center=(0.5906, 1.9328, 0.4832)
sphere 4,568: r=0.02943, center=(0.5906, 2.1475, -0.3758)
sphere 4,569: r=0.02943, center=(0.5906, 2.2012, -0.4295)
saved 4,570 spheres, last r=0.02943, volume 15.7757
sphere 4,571: r=0.02943, center=(0.5906, 2.3086, -0.4832)
sphere 4,572: r=0.02943, center=(0.5906, 2.4160, -0.5369)
sphere 4,573: r=0.02943, center=(0.5906, 2.4160, 0.9664)
sphere 4,574: r=0.02943, center=(0.5906, 2.5233, 0.9664)
sphere 4,575: r=0.02943, center=(0.5906, 2.6307, 1.0201)
sphere 4,576: r=0.02943, center=(0.5906, 2.7381, 1.0201)
sphere 4,577: r=0.02943, center=(0.5906, 3.1139, -0.5906)
sphere 4,578: r=0.02943, center=(0.6443, -3.1676, -0.9127)
sphere 4,579: r=0.02943, center=(0.6443, -3.1676, -0.8053)
saved 4,580 spheres, last r=0.02943, volume 15.7768
sphere 4,581: r=0.02943, center=(0.6443, -2.0401, -0.4295)
sphere 4,582: r=0.02943, center=(0.6443, -2.0401, -0.2148)
sphere 4,583: r=0.02943, center=(0.6443, -2.0401, -0.1074)
sphere 4,584: r=0.02943, center=(0.6443, -1.9328, -0.4295)
sphere 4,585: r=0.02943, center=(0.6443, -1.8254, 0.2148)
sphere 4,586: r=0.02943, center=(0.6443, -1.2348, 0.2684)
sphere 4,587: r=0.02943, center=(0.6443, -0.8053, -0.5906)
sphere 4,588: r=0.02943, center=(0.6443, -0.7516, -0.5369)
sphere 4,589: r=0.02943, center=(0.6443, -0.7516, 0.3758)
saved 4,590 spheres, last r=0.02943, volume 15.7778
sphere 4,591: r=0.02943, center=(0.6443, -0.4832, 0.3758)
sphere 4,592: r=0.02943, center=(0.6443, 0.1611, -0.5906)
sphere 4,593: r=0.02943, center=(0.6443, 0.1611, 0.9664)
sphere 4,594: r=0.02943, center=(0.6443, 0.2148, 1.0201)
sphere 4,595: r=0.02943, center=(0.6443, 0.4295, 1.0738)
sphere 4,596: r=0.02943, center=(0.6443, 0.8053, -0.8590)
sphere 4,597: r=0.02943, center=(0.6443, 0.9664, -0.9127)
sphere 4,598: r=0.02943, center=(0.6443, 1.2885, 0.6443)
sphere 4,599: r=0.02943, center=(0.6443, 1.3422, 0.5369)
live samples after pruning: 8,724
saved 4,600 spheres, last r=0.02943, volume 15.7789
sphere 4,601: r=0.02943, center=(0.6443, 1.7180, 0.4295)
sphere 4,602: r=0.02943, center=(0.6443, 1.8254, -0.3758)
sphere 4,603: r=0.02943, center=(0.6443, 1.8254, 0.3221)
sphere 4,604: r=0.02943, center=(0.6443, 1.8791, -0.1074)
sphere 4,605: r=0.02943, center=(0.6443, 1.8791, 0.0000)
sphere 4,606: r=0.02943, center=(0.6443, 1.9328, 0.3221)
sphere 4,607: r=0.02943, center=(0.6443, 1.9865, 0.0000)
sphere 4,608: r=0.02943, center=(0.6443, 2.0938, -0.2148)
sphere 4,609: r=0.02943, center=(0.6443, 2.2012, -0.3221)
saved 4,610 spheres, last r=0.02943, volume 15.7800
sphere 4,611: r=0.02943, center=(0.6443, 2.5770, 0.9664)
sphere 4,612: r=0.02943, center=(0.6443, 2.6844, 0.9664)
sphere 4,613: r=0.02943, center=(0.6443, 3.0065, -0.5906)
sphere 4,614: r=0.02943, center=(0.6443, 3.1676, -0.5369)
sphere 4,615: r=0.02943, center=(0.6443, 3.1676, 0.9664)
sphere 4,616: r=0.02943, center=(0.6443, 3.2213, 0.9127)
sphere 4,617: r=0.02943, center=(0.6443, 3.2750, 0.8590)
sphere 4,618: r=0.02943, center=(0.6443, 3.4360, 0.7516)
sphere 4,619: r=0.02943, center=(0.6443, 3.4897, 0.6979)
saved 4,620 spheres, last r=0.02943, volume 15.7810
sphere 4,621: r=0.02943, center=(0.6979, -3.2213, -0.7516)
sphere 4,622: r=0.02943, center=(0.6979, -1.9865, -0.1611)
sphere 4,623: r=0.02943, center=(0.6979, -1.9328, -0.3758)
sphere 4,624: r=0.02943, center=(0.6979, -1.8254, -0.3758)
sphere 4,625: r=0.02943, center=(0.6979, -1.7180, -0.3758)
sphere 4,626: r=0.02943, center=(0.6979, -1.6106, -0.3758)
sphere 4,627: r=0.02943, center=(0.6979, -1.3422, 0.2684)
sphere 4,628: r=0.02943, center=(0.6979, -1.2885, 0.2148)
sphere 4,629: r=0.02943, center=(0.6979, -0.9127, 0.1074)
saved 4,630 spheres, last r=0.02943, volume 15.7821
sphere 4,631: r=0.02943, center=(0.6979, -0.8053, 0.2148)
sphere 4,632: r=0.02943, center=(0.6979, -0.5369, 0.0537)
sphere 4,633: r=0.02943, center=(0.6979, -0.4832, -0.1074)
sphere 4,634: r=0.02943, center=(0.6979, -0.4295, 0.1611)
sphere 4,635: r=0.02943, center=(0.6979, -0.2148, 0.5369)
sphere 4,636: r=0.02943, center=(0.6979, -0.1074, 0.6979)
sphere 4,637: r=0.02943, center=(0.6979, -0.0537, 0.7516)
sphere 4,638: r=0.02943, center=(0.6979, 0.1611, 0.9127)
sphere 4,639: r=0.02943, center=(0.6979, 0.3758, 1.0201)
saved 4,640 spheres, last r=0.02943, volume 15.7832
sphere 4,641: r=0.02943, center=(0.6979, 1.1274, 0.8053)
sphere 4,642: r=0.02943, center=(0.6979, 1.3422, 0.4832)
sphere 4,643: r=0.02943, center=(0.6979, 1.5033, 0.4295)
sphere 4,644: r=0.02943, center=(0.6979, 1.5570, -0.4295)
sphere 4,645: r=0.02943, center=(0.6979, 1.8254, -0.1074)
sphere 4,646: r=0.02943, center=(0.6979, 1.8254, 0.2684)
sphere 4,647: r=0.02943, center=(0.6979, 1.9328, 0.2684)
sphere 4,648: r=0.02943, center=(0.6979, 2.0401, -0.0537)
sphere 4,649: r=0.02943, center=(0.6979, 2.0401, 0.6443)
live samples after pruning: 8,566
saved 4,650 spheres, last r=0.02943, volume 15.7842
sphere 4,651: r=0.02943, center=(0.6979, 2.1475, -0.2148)
sphere 4,652: r=0.02943, center=(0.6979, 2.2012, -0.2684)
sphere 4,653: r=0.02943, center=(0.6979, 2.2549, -0.3221)
sphere 4,654: r=0.02943, center=(0.6979, 2.3086, 0.8590)
sphere 4,655: r=0.02943, center=(0.6979, 2.4160, -0.4295)
sphere 4,656: r=0.02943, center=(0.6979, 2.5233, -0.4295)
sphere 4,657: r=0.02943, center=(0.6979, 2.5233, 0.9127)
sphere 4,658: r=0.02943, center=(0.6979, 2.8455, 1.0201)
sphere 4,659: r=0.02943, center=(0.6979, 3.1139, 0.9664)
saved 4,660 spheres, last r=0.02943, volume 15.7853
sphere 4,661: r=0.02943, center=(0.6979, 3.4897, 0.6443)
sphere 4,662: r=0.02943, center=(0.6979, 3.5434, 0.5906)
sphere 4,663: r=0.02943, center=(0.7516, -3.3287, -0.5906)
sphere 4,664: r=0.02943, center=(0.7516, -3.2213, -0.5906)
sphere 4,665: r=0.02943, center=(0.7516, -1.9328, 0.0000)
sphere 4,666: r=0.02943, center=(0.7516, -1.8791, 0.0537)
sphere 4,667: r=0.02943, center=(0.7516, -1.7717, 0.2148)
sphere 4,668: r=0.02943, center=(0.7516, -1.3959, -0.3221)
sphere 4,669: r=0.02943, center=(0.7516, -1.3959, 0.2148)
saved 4,670 spheres, last r=0.02943, volume 15.7864
sphere 4,671: r=0.02943, center=(0.7516, -1.1274, -0.3758)
sphere 4,672: r=0.02943, center=(0.7516, -0.8053, -0.3758)
sphere 4,673: r=0.02943, center=(0.7516, -0.6443, 0.0537)
sphere 4,674: r=0.02943, center=(0.7516, -0.1074, 0.5906)
sphere 4,675: r=0.02943, center=(0.7516, -0.0537, 0.6443)
sphere 4,676: r=0.02943, center=(0.7516, 0.0537, -0.4295)
sphere 4,677: r=0.02943, center=(0.7516, 0.1074, 0.8053)
sphere 4,678: r=0.02943, center=(0.7516, 0.2684, 0.9127)
sphere 4,679: r=0.02943, center=(0.7516, 0.4295, -0.6443)
saved 4,680 spheres, last r=0.02943, volume 15.7874
sphere 4,681: r=0.02943, center=(0.7516, 0.9664, -0.9664)
sphere 4,682: r=0.02943, center=(0.7516, 1.2348, 0.6443)
sphere 4,683: r=0.02943, center=(0.7516, 1.5570, 0.3758)
sphere 4,684: r=0.02943, center=(0.7516, 2.2012, -0.2148)
sphere 4,685: r=0.02943, center=(0.7516, 2.2012, 0.7516)
sphere 4,686: r=0.02943, center=(0.7516, 2.2549, -0.2684)
sphere 4,687: r=0.02943, center=(0.7516, 2.7918, 0.9664)
sphere 4,688: r=0.02943, center=(0.7516, 3.5434, -0.0537)
sphere 4,689: r=0.02943, center=(0.7516, 3.5971, 0.5369)
saved 4,690 spheres, last r=0.02943, volume 15.7885
sphere 4,691: r=0.02943, center=(0.8053, -1.8254, -0.2148)
sphere 4,692: r=0.02943, center=(0.8053, -1.7717, 0.1611)
sphere 4,693: r=0.02943, center=(0.8053, -1.7180, -0.2148)
sphere 4,694: r=0.02943, center=(0.8053, -1.5570, 0.1611)
sphere 4,695: r=0.02943, center=(0.8053, -1.5033, -0.2684)
sphere 4,696: r=0.02943, center=(0.8053, -1.3422, -0.2684)
sphere 4,697: r=0.02943, center=(0.8053, -1.3422, 0.0537)
sphere 4,698: r=0.02943, center=(0.8053, -1.2348, 0.0000)
sphere 4,699: r=0.02943, center=(0.8053, -1.1274, 0.0000)
live samples after pruning: 8,342
saved 4,700 spheres, last r=0.02943, volume 15.7896
sphere 4,701: r=0.02943, center=(0.8053, -0.0537, -0.2684)
sphere 4,702: r=0.02943, center=(0.8053, -0.0537, 0.5369)
sphere 4,703: r=0.02943, center=(0.8053, 0.0000, 0.5906)
sphere 4,704: r=0.02943, center=(0.8053, 0.1611, -0.4295)
sphere 4,705: r=0.02943, center=(0.8053, 0.1611, 0.7516)
sphere 4,706: r=0.02943, center=(0.8053, 0.2148, 0.8053)
sphere 4,707: r=0.02943, center=(0.8053, 0.2684, 0.8590)
sphere 4,708: r=0.02943, center=(0.8053, 0.3221, -0.5369)
sphere 4,709: r=0.02943, center=(0.8053, 0.4832, 0.9127)
saved 4,710 spheres, last r=0.02943, volume 15.7906
sphere 4,711: r=0.02943, center=(0.8053, 0.9664, -1.0201)
sphere 4,712: r=0.02943, center=(0.8053, 1.1274, -1.0201)
sphere 4,713: r=0.02943, center=(0.8053, 1.1274, 0.4295)
sphere 4,714: r=0.02943, center=(0.8053, 1.2348, 0.5906)
sphere 4,715: r=0.02943, center=(0.8053, 1.3422, 0.3221)
sphere 4,716: r=0.02943, center=(0.8053, 1.3959, -0.6979)
sphere 4,717: r=0.02943, center=(0.8053, 1.3959, 0.1074)
sphere 4,718: r=0.02943, center=(0.8053, 1.4496, -0.3221)
sphere 4,719: r=0.02943, center=(0.8053, 1.5033, -0.1074)
saved 4,720 spheres, last r=0.02943, volume 15.7917
sphere 4,721: r=0.02943, center=(0.8053, 1.5570, 0.1611)
sphere 4,722: r=0.02943, center=(0.8053, 1.6106, -0.1074)
sphere 4,723: r=0.02943, center=(0.8053, 1.9865, 0.3758)
sphere 4,724: r=0.02943, center=(0.8053, 2.0401, 0.5369)
sphere 4,725: r=0.02943, center=(0.8053, 2.7918, 0.9127)
sphere 4,726: r=0.02943, center=(0.8590, -3.3287, -0.8590)
sphere 4,727: r=0.02943, center=(0.8590, -1.7717, -0.1074)
sphere 4,728: r=0.02943, center=(0.8590, -1.7180, 0.0537)
sphere 4,729: r=0.02943, center=(0.8590, -0.0537, 0.3221)
saved 4,730 spheres, last r=0.02943, volume 15.7928
sphere 4,731: r=0.02943, center=(0.8590, 0.0000, 0.4832)
sphere 4,732: r=0.02943, center=(0.8590, 0.0537, 0.5369)
sphere 4,733: r=0.02943, center=(0.8590, 0.1074, 0.5906)
sphere 4,734: r=0.02943, center=(0.8590, 0.1611, 0.6443)
sphere 4,735: r=0.02943, center=(0.8590, 0.2148, 0.6979)
sphere 4,736: r=0.02943, center=(0.8590, 0.3221, -0.4832)
sphere 4,737: r=0.02943, center=(0.8590, 0.5369, -0.6443)
sphere 4,738: r=0.02943, center=(0.8590, 0.6443, -0.8590)
sphere 4,739: r=0.02943, center=(0.8590, 0.9664, 0.8053)
saved 4,740 spheres, last r=0.02943, volume 15.7938
sphere 4,741: r=0.02943, center=(0.8590, 1.3422, -0.8053)
sphere 4,742: r=0.02943, center=(0.8590, 1.3959, 0.0537)
sphere 4,743: r=0.02943, center=(0.8590, 2.0938, 0.0000)
sphere 4,744: r=0.02943, center=(0.8590, 2.0938, 0.5369)
sphere 4,745: r=0.02943, center=(0.8590, 2.1475, 0.5906)
sphere 4,746: r=0.02943, center=(0.8590, 2.2012, 0.6443)
sphere 4,747: r=0.02943, center=(0.8590, 2.2549, 0.6979)
sphere 4,748: r=0.02943, center=(0.8590, 2.4160, -0.3221)
sphere 4,749: r=0.02943, center=(0.8590, 3.1676, 0.8053)
live samples after pruning: 8,151
saved 4,750 spheres, last r=0.02943, volume 15.7949
sphere 4,751: r=0.02943, center=(0.8590, 3.5434, -0.1074)
sphere 4,752: r=0.02943, center=(0.9127, 0.0000, 0.2684)
sphere 4,753: r=0.02943, center=(0.9127, 0.0537, 0.3221)
sphere 4,754: r=0.02943, center=(0.9127, 0.5369, -0.5906)
sphere 4,755: r=0.02943, center=(0.9127, 0.8590, 0.8053)
sphere 4,756: r=0.02943, center=(0.9127, 1.0201, 0.6979)
sphere 4,757: r=0.02943, center=(0.9127, 1.2348, 0.4832)
sphere 4,758: r=0.02943, center=(0.9127, 1.3959, -0.2684)
sphere 4,759: r=0.02943, center=(0.9127, 2.2549, -0.1611)
saved 4,760 spheres, last r=0.02943, volume 15.7960
sphere 4,761: r=0.02943, center=(0.9127, 2.4697, -0.3221)
sphere 4,762: r=0.02943, center=(0.9127, 2.8992, -0.3758)
sphere 4,763: r=0.02943, center=(0.9127, 3.0065, -0.3221)
sphere 4,764: r=0.02943, center=(0.9127, 3.1139, -0.3221)
sphere 4,765: r=0.02943, center=(0.9127, 3.2750, 0.6979)
sphere 4,766: r=0.02943, center=(0.9664, 0.1074, 0.3221)
sphere 4,767: r=0.02943, center=(0.9664, 0.4295, -0.4295)
sphere 4,768: r=0.02943, center=(0.9664, 0.5906, -0.8053)
sphere 4,769: r=0.02943, center=(0.9664, 0.7516, -1.1811)
saved 4,770 spheres, last r=0.02943, volume 15.7970
sphere 4,771: r=0.02943, center=(0.9664, 0.8590, 0.7516)
sphere 4,772: r=0.02943, center=(0.9664, 0.9664, -1.1811)
sphere 4,773: r=0.02943, center=(0.9664, 1.0738, 0.6443)
sphere 4,774: r=0.02943, center=(0.9664, 1.1811, 0.5369)
sphere 4,775: r=0.02943, center=(0.9664, 1.2885, 0.1611)
sphere 4,776: r=0.02943, center=(0.9664, 1.2885, 0.2684)
sphere 4,777: r=0.02943, center=(0.9664, 2.6844, 0.6979)
sphere 4,778: r=0.02943, center=(0.9664, 3.5434, -0.1074)
sphere 4,779: r=0.02943, center=(0.9664, 3.5971, -0.0537)
saved 4,780 spheres, last r=0.02943, volume 15.7981
sphere 4,781: r=0.02943, center=(1.0201, 0.2684, -0.1611)
sphere 4,782: r=0.02943, center=(1.0201, 0.4295, -0.3758)
sphere 4,783: r=0.02943, center=(1.0201, 0.5369, -0.5369)
sphere 4,784: r=0.02943, center=(1.0201, 0.5369, 0.6979)
sphere 4,785: r=0.02943, center=(1.0201, 0.5906, -0.9664)
sphere 4,786: r=0.02943, center=(1.0201, 0.7516, -1.2885)
sphere 4,787: r=0.02943, center=(1.0201, 1.0201, -1.1811)
sphere 4,788: r=0.02943, center=(1.0201, 2.0938, 0.3221)
sphere 4,789: r=0.02943, center=(1.0201, 2.3623, 0.5906)
saved 4,790 spheres, last r=0.02943, volume 15.7992
sphere 4,791: r=0.02943, center=(1.0201, 3.2750, 0.6443)
sphere 4,792: r=0.02943, center=(1.0201, 3.3823, 0.5906)
sphere 4,793: r=0.02943, center=(1.0201, 3.4897, -0.1074)
sphere 4,794: r=0.02943, center=(1.0738, 0.4295, -0.2684)
sphere 4,795: r=0.02943, center=(1.0738, 0.4295, 0.5369)
sphere 4,796: r=0.02943, center=(1.0738, 0.5369, -0.4832)
sphere 4,797: r=0.02943, center=(1.0738, 0.6979, 0.6443)
sphere 4,798: r=0.02943, center=(1.0738, 0.8053, -1.3422)
sphere 4,799: r=0.02943, center=(1.0738, 0.8590, -1.2885)
live samples after pruning: 7,897
saved 4,800 spheres, last r=0.02943, volume 15.8002
sphere 4,801: r=0.02943, center=(1.0738, 1.2885, -0.0537)
sphere 4,802: r=0.02943, center=(1.0738, 1.3422, -0.3758)
sphere 4,803: r=0.02943, center=(1.0738, 2.0401, 0.1074)
sphere 4,804: r=0.02943, center=(1.0738, 2.1475, 0.3221)
sphere 4,805: r=0.02943, center=(1.0738, 2.3086, 0.4832)
sphere 4,806: r=0.02943, center=(1.0738, 3.1139, -0.2148)
sphere 4,807: r=0.02943, center=(1.0738, 3.2213, 0.5906)
sphere 4,808: r=0.02943, center=(1.0738, 3.3823, 0.5369)
sphere 4,809: r=0.02943, center=(1.0738, 3.4897, 0.5369)
saved 4,810 spheres, last r=0.02943, volume 15.8013
sphere 4,811: r=0.02943, center=(1.1274, 0.3758, 0.0537)
sphere 4,812: r=0.02943, center=(1.1274, 0.3758, 0.1611)
sphere 4,813: r=0.02943, center=(1.1274, 0.4295, -0.1074)
sphere 4,814: r=0.02943, center=(1.1274, 0.5369, -0.3758)
sphere 4,815: r=0.02943, center=(1.1274, 0.6979, 0.5369)
sphere 4,816: r=0.02943, center=(1.1274, 0.8590, -1.3422)
sphere 4,817: r=0.02943, center=(1.1274, 0.9127, -1.2885)
sphere 4,818: r=0.02943, center=(1.1274, 1.1274, 0.2684)
sphere 4,819: r=0.02943, center=(1.1274, 1.1811, 0.2148)
saved 4,820 spheres, last r=0.02943, volume 15.8024
sphere 4,821: r=0.02943, center=(1.1274, 2.1475, 0.0537)
sphere 4,822: r=0.02943, center=(1.1274, 2.6307, -0.2148)
sphere 4,823: r=0.02943, center=(1.1274, 3.3823, 0.2684)
sphere 4,824: r=0.02943, center=(1.1274, 3.4897, -0.1074)
sphere 4,825: r=0.02943, center=(1.1811, -0.2148, -1.1274)
sphere 4,826: r=0.02943, center=(1.1811, -0.2148, -1.0201)
sphere 4,827: r=0.02943, center=(1.1811, -0.0537, -1.1811)
sphere 4,828: r=0.02943, center=(1.1811, 0.1611, -1.0738)
sphere 4,829: r=0.02943, center=(1.1811, 0.2148, -1.1274)
saved 4,830 spheres, last r=0.02943, volume 15.8035
sphere 4,831: r=0.02943, center=(1.1811, 0.4832, 0.2148)
sphere 4,832: r=0.02943, center=(1.1811, 0.5369, -0.0537)
sphere 4,833: r=0.02943, center=(1.1811, 0.5369, 0.2684)
sphere 4,834: r=0.02943, center=(1.1811, 0.8053, 0.4295)
sphere 4,835: r=0.02943, center=(1.1811, 0.9127, -1.3422)
sphere 4,836: r=0.02943, center=(1.1811, 1.0738, 0.2684)
sphere 4,837: r=0.02943, center=(1.1811, 1.2348, -0.8590)
sphere 4,838: r=0.02943, center=(1.1811, 2.1475, 0.1074)
sphere 4,839: r=0.02943, center=(1.1811, 2.5770, 0.4832)
saved 4,840 spheres, last r=0.02943, volume 15.8045
sphere 4,841: r=0.02943, center=(1.1811, 2.6844, 0.4832)
sphere 4,842: r=0.02943, center=(1.1811, 2.9528, -0.1074)
sphere 4,843: r=0.02943, center=(1.1811, 2.9528, 0.5369)
sphere 4,844: r=0.02943, center=(1.1811, 3.1139, -0.1074)
sphere 4,845: r=0.02943, center=(1.1811, 3.2213, -0.1074)
sphere 4,846: r=0.02943, center=(1.1811, 3.3287, 0.1074)
sphere 4,847: r=0.02943, center=(1.1811, 3.3823, 0.0537)
sphere 4,848: r=0.02943, center=(1.1811, 3.4360, -0.1074)
sphere 4,849: r=0.02943, center=(1.1811, 3.5971, -0.0537)
live samples after pruning: 7,616
saved 4,850 spheres, last r=0.02943, volume 15.8056
sphere 4,851: r=0.02943, center=(1.2348, -0.2684, -1.0738)
sphere 4,852: r=0.02943, center=(1.2348, -0.2684, -0.9664)
sphere 4,853: r=0.02943, center=(1.2348, -0.2148, -1.1811)
sphere 4,854: r=0.02943, center=(1.2348, -0.1074, -0.9127)
sphere 4,855: r=0.02943, center=(1.2348, 0.0000, -0.9127)
sphere 4,856: r=0.02943, center=(1.2348, 0.1074, -0.9127)
sphere 4,857: r=0.02943, center=(1.2348, 0.5906, -0.5906)
sphere 4,858: r=0.02943, center=(1.2348, 0.5906, 0.0537)
sphere 4,859: r=0.02943, center=(1.2348, 0.5906, 0.1611)
saved 4,860 spheres, last r=0.02943, volume 15.8067
sphere 4,861: r=0.02943, center=(1.2348, 0.8053, 0.3221)
sphere 4,862: r=0.02943, center=(1.2348, 0.9664, -1.2885)
sphere 4,863: r=0.02943, center=(1.2348, 1.1274, -0.1074)
sphere 4,864: r=0.02943, center=(1.2348, 1.2348, -0.3758)
sphere 4,865: r=0.02943, center=(1.2348, 2.4160, 0.3221)
sphere 4,866: r=0.02943, center=(1.2348, 2.4697, 0.3758)
sphere 4,867: r=0.02943, center=(1.2348, 2.6307, 0.4295)
sphere 4,868: r=0.02943, center=(1.2348, 2.9528, 0.4832)
sphere 4,869: r=0.02943, center=(1.2348, 3.1139, 0.4832)
saved 4,870 spheres, last r=0.02943, volume 15.8077
sphere 4,871: r=0.02943, center=(1.2348, 3.3823, 0.0000)
sphere 4,872: r=0.02943, center=(1.2348, 3.5434, 0.0537)
sphere 4,873: r=0.02943, center=(1.2348, 3.5971, 0.4295)
sphere 4,874: r=0.02943, center=(1.2348, 3.6508, 0.1611)
sphere 4,875: r=0.02943, center=(1.2348, 3.7045, 0.2684)
sphere 4,876: r=0.02943, center=(1.2885, -0.5369, -0.9127)
sphere 4,877: r=0.02943, center=(1.2885, -0.4832, -0.8590)
sphere 4,878: r=0.02943, center=(1.2885, -0.3758, -1.0738)
sphere 4,879: r=0.02943, center=(1.2885, -0.3221, -0.9127)
saved 4,880 spheres, last r=0.02943, volume 15.8088
sphere 4,881: r=0.02943, center=(1.2885, 0.1074, -1.2885)
sphere 4,882: r=0.02943, center=(1.2885, 0.6443, -1.5033)
sphere 4,883: r=0.02943, center=(1.2885, 0.8590, 0.1611)
sphere 4,884: r=0.02943, center=(1.2885, 1.0738, -1.1274)
sphere 4,885: r=0.02943, center=(1.2885, 1.0738, -0.0537)
sphere 4,886: r=0.02943, center=(1.2885, 1.1811, -0.8053)
sphere 4,887: r=0.02943, center=(1.2885, 2.2012, 0.0537)
sphere 4,888: r=0.02943, center=(1.2885, 2.2549, 0.1611)
sphere 4,889: r=0.02943, center=(1.2885, 2.3086, -0.0537)
saved 4,890 spheres, last r=0.02943, volume 15.8099
sphere 4,891: r=0.02943, center=(1.2885, 2.4697, 0.3221)
sphere 4,892: r=0.02943, center=(1.2885, 2.6307, 0.3758)
sphere 4,893: r=0.02943, center=(1.2885, 2.6844, -0.1074)
sphere 4,894: r=0.02943, center=(1.2885, 2.7918, -0.1074)
sphere 4,895: r=0.02943, center=(1.2885, 3.0602, -0.0537)
sphere 4,896: r=0.02943, center=(1.2885, 3.2213, 0.0000)
sphere 4,897: r=0.02943, center=(1.2885, 3.2213, 0.4295)
sphere 4,898: r=0.02943, center=(1.2885, 3.3823, -0.0537)
sphere 4,899: r=0.02943, center=(1.2885, 3.4360, 0.0000)
live samples after pruning: 7,210
saved 4,900 spheres, last r=0.02943, volume 15.8109
sphere 4,901: r=0.02943, center=(1.3422, -0.8053, -0.7516)
sphere 4,902: r=0.02943, center=(1.3422, -0.7516, -0.8053)
sphere 4,903: r=0.02943, center=(1.3422, -0.7516, -0.6979)
sphere 4,904: r=0.02943, center=(1.3422, -0.5906, -0.8590)
sphere 4,905: r=0.02943, center=(1.3422, -0.5369, -1.0738)
sphere 4,906: r=0.02943, center=(1.3422, -0.2684, -0.8053)
sphere 4,907: r=0.02943, center=(1.3422, -0.2148, -0.8590)
sphere 4,908: r=0.02943, center=(1.3422, 0.0000, -1.3422)
sphere 4,909: r=0.02943, center=(1.3422, 0.1074, -1.3422)
saved 4,910 spheres, last r=0.02943, volume 15.8120
sphere 4,911: r=0.02943, center=(1.3422, 0.5906, -0.7516)
sphere 4,912: r=0.02943, center=(1.3422, 1.0201, -1.1811)
sphere 4,913: r=0.02943, center=(1.3422, 1.1274, -0.4295)
sphere 4,914: r=0.02943, center=(1.3422, 1.1811, -0.6979)
sphere 4,915: r=0.02943, center=(1.3422, 1.1811, -0.5906)
sphere 4,916: r=0.02943, center=(1.3422, 2.3623, 0.1611)
sphere 4,917: r=0.02943, center=(1.3422, 2.5770, 0.3221)
sphere 4,918: r=0.02943, center=(1.3422, 3.0065, 0.0000)
sphere 4,919: r=0.02943, center=(1.3422, 3.1139, 0.0000)
saved 4,920 spheres, last r=0.02943, volume 15.8131
sphere 4,921: r=0.02943, center=(1.3959, -0.7516, -0.5906)
sphere 4,922: r=0.02943, center=(1.3959, -0.6443, -0.5906)
sphere 4,923: r=0.02943, center=(1.3959, -0.5906, -1.1274)
sphere 4,924: r=0.02943, center=(1.3959, -0.5369, -1.1811)
sphere 4,925: r=0.02943, center=(1.3959, -0.3758, -0.5906)
sphere 4,926: r=0.02943, center=(1.3959, -0.2684, -0.6979)
sphere 4,927: r=0.02943, center=(1.3959, -0.2148, -0.7516)
sphere 4,928: r=0.02943, center=(1.3959, -0.1611, -0.8053)
sphere 4,929: r=0.02943, center=(1.3959, -0.0537, -1.3422)
saved 4,930 spheres, last r=0.02943, volume 15.8141
sphere 4,931: r=0.02943, center=(1.3959, 0.1611, -1.3959)
sphere 4,932: r=0.02943, center=(1.3959, 0.4832, -0.8053)
sphere 4,933: r=0.02943, center=(1.3959, 0.6979, -0.4832)
sphere 4,934: r=0.02943, center=(1.3959, 0.7516, -0.3758)
sphere 4,935: r=0.02943, center=(1.3959, 0.8053, -0.3221)
sphere 4,936: r=0.02943, center=(1.3959, 0.9664, -1.2885)
sphere 4,937: r=0.02943, center=(1.3959, 1.0738, -0.5906)
sphere 4,938: r=0.02943, center=(1.3959, 2.4160, 0.1611)
sphere 4,939: r=0.02943, center=(1.3959, 2.4697, 0.0000)
saved 4,940 spheres, last r=0.02943, volume 15.8152
sphere 4,941: r=0.02943, center=(1.3959, 2.5233, 0.2684)
sphere 4,942: r=0.02943, center=(1.3959, 2.6307, 0.2684)
sphere 4,943: r=0.02943, center=(1.3959, 2.7381, -0.0537)
sphere 4,944: r=0.02943, center=(1.3959, 2.8992, 0.0537)
sphere 4,945: r=0.02943, center=(1.3959, 2.9528, 0.3221)
sphere 4,946: r=0.02943, center=(1.3959, 3.1139, 0.3221)
sphere 4,947: r=0.02943, center=(1.3959, 3.1676, 0.1611)
sphere 4,948: r=0.02943, center=(1.3959, 3.2213, 0.3221)
sphere 4,949: r=0.02943, center=(1.3959, 3.6508, 0.0000)
live samples after pruning: 6,830
saved 4,950 spheres, last r=0.02943, volume 15.8163
sphere 4,951: r=0.02943, center=(1.4496, -0.5906, -0.4295)
sphere 4,952: r=0.02943, center=(1.4496, -0.4832, -1.2348)
sphere 4,953: r=0.02943, center=(1.4496, 0.0000, -1.3959)
sphere 4,954: r=0.02943, center=(1.4496, 0.1611, -0.8053)
sphere 4,955: r=0.02943, center=(1.4496, 0.6979, -0.5906)
sphere 4,956: r=0.02943, center=(1.4496, 1.0201, -1.1811)
sphere 4,957: r=0.02943, center=(1.4496, 2.4160, 0.1074)
sphere 4,958: r=0.02943, center=(1.4496, 2.4697, 0.1611)
sphere 4,959: r=0.02943, center=(1.4496, 2.5233, 0.0000)
saved 4,960 spheres, last r=0.02943, volume 15.8173
sphere 4,961: r=0.02943, center=(1.4496, 2.7918, 0.2684)
sphere 4,962: r=0.02943, center=(1.4496, 2.8455, 0.0537)
sphere 4,963: r=0.02943, center=(1.4496, 3.1139, 0.1074)
sphere 4,964: r=0.02943, center=(1.5033, -1.0201, -0.8053)
sphere 4,965: r=0.02943, center=(1.5033, -0.8053, -0.5369)
sphere 4,966: r=0.02943, center=(1.5033, -0.7516, -1.1811)
sphere 4,967: r=0.02943, center=(1.5033, -0.6443, -0.4295)
sphere 4,968: r=0.02943, center=(1.5033, -0.5906, -1.2348)
sphere 4,969: r=0.02943, center=(1.5033, -0.5369, -0.3758)
saved 4,970 spheres, last r=0.02943, volume 15.8184
sphere 4,971: r=0.02943, center=(1.5033, 0.4295, -0.8590)
sphere 4,972: r=0.02943, center=(1.5033, 0.5369, -1.4496)
sphere 4,973: r=0.02943, center=(1.5033, 0.6979, -1.4496)
sphere 4,974: r=0.02943, center=(1.5033, 0.8590, -1.3959)
sphere 4,975: r=0.02943, center=(1.5033, 0.9127, -1.3422)
sphere 4,976: r=0.02943, center=(1.5033, 2.7918, 0.2148)
sphere 4,977: r=0.02943, center=(1.5570, -0.9664, -1.0738)
sphere 4,978: r=0.02943, center=(1.5570, -0.4832, -0.3758)
sphere 4,979: r=0.02943, center=(1.5570, -0.3221, -1.2885)
saved 4,980 spheres, last r=0.02943, volume 15.8195
sphere 4,981: r=0.02943, center=(1.5570, 0.4832, -0.8590)
sphere 4,982: r=0.02943, center=(1.5570, 0.6443, -0.8053)
sphere 4,983: r=0.02943, center=(1.5570, 0.8053, -1.3959)
sphere 4,984: r=0.02943, center=(1.5570, 0.8590, -1.3422)
sphere 4,985: r=0.02943, center=(1.5570, 0.9127, -1.2885)
sphere 4,986: r=0.02943, center=(1.5570, 0.9127, -0.9664)
sphere 4,987: r=0.02943, center=(1.5570, 0.9664, -1.1274)
sphere 4,988: r=0.02943, center=(1.5570, 2.5770, 0.1611)
sphere 4,989: r=0.02943, center=(1.6106, -0.8053, -0.5369)
saved 4,990 spheres, last r=0.02943, volume 15.8205
sphere 4,991: r=0.02943, center=(1.6106, -0.5369, -0.4295)
sphere 4,992: r=0.02943, center=(1.6106, -0.2684, -1.2885)
sphere 4,993: r=0.02943, center=(1.6106, -0.2148, -0.6443)
sphere 4,994: r=0.02943, center=(1.6106, -0.0537, -0.8053)
sphere 4,995: r=0.02943, center=(1.6106, 0.0537, -0.8053)
sphere 4,996: r=0.02943, center=(1.6106, 0.2684, -0.9127)
sphere 4,997: r=0.02943, center=(1.6106, 0.4295, -0.9664)
sphere 4,998: r=0.02943, center=(1.6106, 0.5369, -1.3959)
sphere 4,999: r=0.02943, center=(1.6106, 0.6443, -1.3959)
live samples after pruning: 6,454
saved 5,000 spheres, last r=0.02943, volume 15.8216
sphere 5,001: r=0.02943, center=(1.6106, 0.8053, -1.3422)
sphere 5,002: r=0.02943, center=(1.6106, 0.8590, -1.2885)
sphere 5,003: r=0.02943, center=(1.6106, 2.7918, 0.1074)
sphere 5,004: r=0.02943, center=(1.6106, 2.8992, 0.1611)
sphere 5,005: r=0.02943, center=(1.6106, 3.0602, 0.1611)
sphere 5,006: r=0.02943, center=(1.6643, -0.9664, -1.0738)
sphere 5,007: r=0.02943, center=(1.6643, -0.8590, -0.5369)
sphere 5,008: r=0.02943, center=(1.6643, -0.6979, -1.2348)
sphere 5,009: r=0.02943, center=(1.6643, -0.4295, -0.5906)
saved 5,010 spheres, last r=0.02943, volume 15.8227
sphere 5,011: r=0.02943, center=(1.6643, 0.3758, -1.3422)
sphere 5,012: r=0.02943, center=(1.6643, 0.5369, -1.2885)
sphere 5,013: r=0.02943, center=(1.6643, 0.6443, -1.3422)
sphere 5,014: r=0.02943, center=(1.7180, -0.9664, -0.8053)
sphere 5,015: r=0.02943, center=(1.7180, -0.9127, -1.0738)
sphere 5,016: r=0.02943, center=(1.7180, -0.9127, -0.6443)
sphere 5,017: r=0.02943, center=(1.7180, -0.8590, -0.5906)
sphere 5,018: r=0.02943, center=(1.7180, -0.5369, -1.2348)
sphere 5,019: r=0.02943, center=(1.7180, -0.4295, -0.6443)
saved 5,020 spheres, last r=0.02943, volume 15.8237
sphere 5,021: r=0.02943, center=(1.7180, -0.0537, -1.3422)
sphere 5,022: r=0.02943, center=(1.7180, 0.1611, -0.8590)
sphere 5,023: r=0.02943, center=(1.7180, 0.2684, -0.9664)
sphere 5,024: r=0.02943, center=(1.7180, 0.3221, -1.1811)
sphere 5,025: r=0.02943, center=(1.7717, -0.9127, -0.9127)
sphere 5,026: r=0.02943, center=(1.7717, -0.9127, -0.7516)
sphere 5,027: r=0.02943, center=(1.7717, -0.8590, -1.0201)
sphere 5,028: r=0.02943, center=(1.7717, -0.2684, -0.6979)
sphere 5,029: r=0.02943, center=(1.7717, -0.0537, -1.1274)
saved 5,030 spheres, last r=0.02943, volume 15.8248
sphere 5,031: r=0.02943, center=(1.7717, 0.2684, -1.2348)
sphere 5,032: r=0.02943, center=(1.7717, 0.2684, -1.1274)
sphere 5,033: r=0.02943, center=(1.7717, 2.6844, 0.0537)
sphere 5,034: r=0.02943, center=(1.8254, -0.8590, -0.9127)
sphere 5,035: r=0.02943, center=(1.8254, -0.8053, -1.0201)
sphere 5,036: r=0.02943, center=(1.8254, -0.8053, -0.5369)
sphere 5,037: r=0.02943, center=(1.8254, -0.5906, -1.1274)
sphere 5,038: r=0.02943, center=(1.8254, -0.5906, -0.5906)
sphere 5,039: r=0.02943, center=(1.8254, -0.5369, -1.1811)
saved 5,040 spheres, last r=0.02943, volume 15.8259
sphere 5,041: r=0.02943, center=(1.8254, -0.3758, -0.6979)
sphere 5,042: r=0.02943, center=(1.8254, -0.1074, -0.9664)
sphere 5,043: r=0.02943, center=(1.8254, 0.0537, -1.0201)
sphere 5,044: r=0.02943, center=(1.8254, 0.1074, -1.1811)
sphere 5,045: r=0.02943, center=(1.8791, -0.8053, -0.9127)
sphere 5,046: r=0.02943, center=(1.8791, -0.8053, -0.8053)
sphere 5,047: r=0.02943, center=(1.8791, -0.7516, -0.5369)
sphere 5,048: r=0.02943, center=(1.8791, -0.6979, -1.0738)
sphere 5,049: r=0.02943, center=(1.8791, -0.5906, -1.0738)
live samples after pruning: 5,967
saved 5,050 spheres, last r=0.02943, volume 15.8269
sphere 5,051: r=0.02943, center=(1.8791, -0.2684, -0.8053)
sphere 5,052: r=0.02943, center=(1.8791, -0.2148, -0.8590)
sphere 5,053: r=0.02943, center=(1.9328, -0.7516, -0.9127)
sphere 5,054: r=0.02943, center=(1.9328, -0.7516, -0.6443)
sphere 5,055: r=0.02943, center=(1.9328, -0.6443, -0.5906)
sphere 5,056: r=0.02943, center=(1.9328, -0.5369, -1.0201)
sphere 5,057: r=0.02943, center=(1.9328, -0.4832, -0.6979)
sphere 5,058: r=0.02943, center=(1.9328, -0.4295, -1.0201)
sphere 5,059: r=0.02943, center=(1.9328, -0.3221, -0.9127)
saved 5,060 spheres, last r=0.02943, volume 15.8280
sphere 5,061: r=0.02943, center=(1.9865, -0.4295, -0.8590)
sphere 5,062: r=0.02943, center=(2.0401, -0.6443, -0.8053)
sphere 5,063: r=0.02943, center=(-1.7180, 0.9127, 0.4295)
sphere 5,064: r=0.02943, center=(-1.2885, 0.8053, 0.7516)
sphere 5,065: r=0.02943, center=(-0.9664, 0.8590, 1.0738)
sphere 5,066: r=0.02943, center=(-0.9127, -1.4496, 0.2148)
sphere 5,067: r=0.02943, center=(-0.8590, -1.1811, -0.1074)
sphere 5,068: r=0.02943, center=(-0.8590, -0.8053, 0.5369)
sphere 5,069: r=0.02943, center=(-0.8590, -0.4832, 0.2148)
saved 5,070 spheres, last r=0.02943, volume 15.8291
sphere 5,071: r=0.02943, center=(-0.7516, -1.3422, 0.6979)
sphere 5,072: r=0.02943, center=(-0.7516, -0.5906, -0.2684)
sphere 5,073: r=0.02943, center=(-0.7516, 2.1475, 0.6979)
sphere 5,074: r=0.02943, center=(-0.6979, 2.2549, 0.8590)
sphere 5,075: r=0.02943, center=(-0.5906, 3.4897, 0.5906)
sphere 5,076: r=0.02943, center=(-0.4832, 3.5434, 0.6443)
sphere 5,077: r=0.02943, center=(-0.3221, -3.2750, -0.4832)
sphere 5,078: r=0.02943, center=(-0.2684, -2.2549, -0.8053)
sphere 5,079: r=0.02943, center=(-0.1611, -2.5770, -0.4295)
saved 5,080 spheres, last r=0.02943, volume 15.8301
sphere 5,081: r=0.02943, center=(0.0537, 0.3221, -0.7516)
sphere 5,082: r=0.02943, center=(0.1611, 0.3758, -0.7516)
sphere 5,083: r=0.02943, center=(0.3221, -0.2684, -0.5906)
sphere 5,084: r=0.02943, center=(0.4295, -2.3623, -0.4832)
sphere 5,085: r=0.02943, center=(0.4832, -3.0602, -0.5369)
sphere 5,086: r=0.02943, center=(0.5369, -3.1676, -0.4832)
sphere 5,087: r=0.02943, center=(0.5369, 0.3758, -0.7516)
sphere 5,088: r=0.02943, center=(0.5369, 0.8053, 1.1274)
sphere 5,089: r=0.02943, center=(0.5369, 3.1139, -0.4832)
saved 5,090 spheres, last r=0.02943, volume 15.8312
sphere 5,091: r=0.02943, center=(0.5906, -1.1274, 0.1611)
sphere 5,092: r=0.02943, center=(0.5906, 2.2549, 0.8590)
sphere 5,093: r=0.02943, center=(0.5906, 2.6307, -0.5906)
sphere 5,094: r=0.02943, center=(0.5906, 3.1676, -0.4832)
sphere 5,095: r=0.02943, center=(0.6979, -0.2684, 0.2684)
sphere 5,096: r=0.02943, center=(0.6979, 0.1074, -0.4295)
sphere 5,097: r=0.02943, center=(0.7516, -1.9328, -0.2684)
sphere 5,098: r=0.02943, center=(0.7516, -1.5570, 0.2148)
sphere 5,099: r=0.02943, center=(0.7516, 2.9528, 1.0738)
live samples after pruning: 5,644
saved 5,100 spheres, last r=0.02943, volume 15.8323
sphere 5,101: r=0.02943, center=(0.8590, 0.6979, -0.9127)
sphere 5,102: r=0.02943, center=(1.4496, -0.5906, -1.1811)
sphere 5,103: r=0.02943, center=(-1.9328, -0.3221, 0.2148)
sphere 5,104: r=0.02943, center=(-0.8053, -0.2148, -0.3221)
sphere 5,105: r=0.02943, center=(-0.6979, -0.2148, 0.6979)
sphere 5,106: r=0.02943, center=(-0.6443, -0.2148, 0.8053)
sphere 5,107: r=0.02943, center=(-0.4295, -3.2213, 0.3758)
sphere 5,108: r=0.02943, center=(-0.3221, -3.2213, 0.3758)
sphere 5,109: r=0.02943, center=(-0.3221, 1.6106, 0.8590)
saved 5,110 spheres, last r=0.02943, volume 15.8334
sphere 5,111: r=0.02943, center=(-0.2148, -3.0602, 1.5570)
sphere 5,112: r=0.02943, center=(-0.1611, -3.3287, 1.8791)
sphere 5,113: r=0.02943, center=(0.2148, -0.7516, 0.6443)
sphere 5,114: r=0.02943, center=(0.2148, 2.5770, 1.1811)
sphere 5,115: r=0.02943, center=(0.2684, 0.4295, -0.7516)
sphere 5,116: r=0.02943, center=(0.2684, 0.9127, 1.1811)
sphere 5,117: r=0.02943, center=(0.3221, -1.7180, 0.2684)
sphere 5,118: r=0.02943, center=(0.6979, -1.9328, -0.2148)
sphere 5,119: r=0.02943, center=(0.6979, -1.4496, 0.2684)
saved 5,120 spheres, last r=0.02943, volume 15.8344
sphere 5,121: r=0.02943, center=(1.2348, 2.3623, 0.2684)
sphere 5,122: r=0.02943, center=(1.2885, 0.2148, -1.1811)
sphere 5,123: r=0.02943, center=(1.3959, -0.2148, -1.1811)
sphere 5,124: r=0.02943, center=(1.4496, 3.1676, 0.2148)
sphere 5,125: r=0.02943, center=(1.5033, 3.1139, 0.2148)
sphere 5,126: r=0.02943, center=(-1.7180, 1.0201, -0.4295)
sphere 5,127: r=0.02943, center=(-1.0201, -1.0738, 0.1074)
sphere 5,128: r=0.02943, center=(-0.9127, -1.4496, 0.3221)
sphere 5,129: r=0.02943, center=(-0.9127, 1.9328, 0.0000)
saved 5,130 spheres, last r=0.02943, volume 15.8355
sphere 5,131: r=0.02943, center=(-0.8053, 0.1611, 0.9664)
sphere 5,132: r=0.02943, center=(-0.6443, 0.0537, -0.4832)
sphere 5,133: r=0.02943, center=(-0.5369, -0.1611, -0.4295)
sphere 5,134: r=0.02943, center=(-0.1611, -1.3959, 0.9664)
sphere 5,135: r=0.02943, center=(-0.1074, -3.1139, -1.2885)
sphere 5,136: r=0.02943, center=(-0.1074, -1.8791, -0.5369)
sphere 5,137: r=0.02943, center=(-0.1074, 2.2012, 1.5570)
sphere 5,138: r=0.02943, center=(-0.1074, 2.3086, 1.5570)
sphere 5,139: r=0.02943, center=(-0.0537, -2.6307, -1.1274)
saved 5,140 spheres, last r=0.02943, volume 15.8366
sphere 5,141: r=0.02943, center=(0.0000, -1.8791, -0.5369)
sphere 5,142: r=0.02943, center=(0.0000, -1.5570, 0.5906)
sphere 5,143: r=0.02943, center=(0.0000, -1.4496, 0.5906)
sphere 5,144: r=0.02943, center=(0.0537, -2.6844, -1.0738)
sphere 5,145: r=0.02943, center=(0.0537, -1.5033, 0.1611)
sphere 5,146: r=0.02943, center=(0.1074, -3.1676, -1.2348)
sphere 5,147: r=0.02943, center=(0.1074, -1.6106, 0.1074)
sphere 5,148: r=0.02943, center=(0.1074, 1.4496, -0.8053)
sphere 5,149: r=0.02943, center=(0.1611, -2.4697, -0.9127)
live samples after pruning: 5,274
saved 5,150 spheres, last r=0.02943, volume 15.8376
sphere 5,151: r=0.02943, center=(0.4295, -0.4832, -0.4832)
sphere 5,152: r=0.02943, center=(0.6979, -1.9865, -0.0537)
sphere 5,153: r=0.02943, center=(0.6979, -1.0738, 0.1074)
sphere 5,154: r=0.02943, center=(0.8053, -0.1074, 0.4832)
sphere 5,155: r=0.02943, center=(0.8590, 1.1274, 0.0000)
sphere 5,156: r=0.02943, center=(1.0738, 1.2348, 0.0000)
sphere 5,157: r=0.02943, center=(1.0738, 2.3623, -0.1611)
sphere 5,158: r=0.02943, center=(1.4496, -0.8053, -0.9664)
sphere 5,159: r=0.02943, center=(1.5033, 2.8455, 0.1074)
saved 5,160 spheres, last r=0.02943, volume 15.8387
sphere 5,161: r=0.02943, center=(1.8254, 0.0537, -1.1274)
sphere 5,162: r=0.02943, center=(1.8254, 0.1611, -1.1274)
sphere 5,163: r=0.02943, center=(-1.6643, 0.6979, 0.3221)
sphere 5,164: r=0.02943, center=(-1.2885, 2.5770, 0.4295)
sphere 5,165: r=0.02943, center=(-1.2348, 2.2012, 0.1611)
sphere 5,166: r=0.02943, center=(-1.1274, 2.5770, -0.2148)
sphere 5,167: r=0.02943, center=(-1.0201, 1.0201, -0.2684)
sphere 5,168: r=0.02943, center=(-0.7516, 2.0938, -0.2684)
sphere 5,169: r=0.02943, center=(-0.6979, 2.1475, -0.3758)
saved 5,170 spheres, last r=0.02943, volume 15.8398
sphere 5,171: r=0.02943, center=(-0.6443, 2.0938, -0.3758)
sphere 5,172: r=0.02943, center=(-0.5369, 1.3959, -0.4832)
sphere 5,173: r=0.02943, center=(-0.4832, -0.3758, 0.7516)
sphere 5,174: r=0.02943, center=(-0.3758, 1.0738, -0.5369)
sphere 5,175: r=0.02943, center=(-0.2684, 1.7180, 0.6443)
sphere 5,176: r=0.02943, center=(-0.2148, -3.4360, 1.7717)
sphere 5,177: r=0.02943, center=(-0.2148, -2.5233, -0.4295)
sphere 5,178: r=0.02943, center=(-0.2148, 2.2549, 1.5033)
sphere 5,179: r=0.02943, center=(-0.2148, 2.3086, 1.4496)
saved 5,180 spheres, last r=0.02943, volume 15.8408
sphere 5,181: r=0.02943, center=(0.1074, -1.5033, 0.2148)
sphere 5,182: r=0.02943, center=(0.1611, 1.0201, 1.1811)
sphere 5,183: r=0.02943, center=(0.2148, 1.5570, 0.7516)
sphere 5,184: r=0.02943, center=(0.2684, 1.0201, 1.1274)
sphere 5,185: r=0.02943, center=(0.3221, -3.2750, -0.0537)
sphere 5,186: r=0.02943, center=(0.3221, 2.6844, 1.1811)
sphere 5,187: r=0.02943, center=(0.3221, 2.8455, -0.7516)
sphere 5,188: r=0.02943, center=(0.3758, -2.4160, -0.6443)
sphere 5,189: r=0.02943, center=(0.3758, -2.2549, -0.5369)
saved 5,190 spheres, last r=0.02943, volume 15.8419
sphere 5,191: r=0.02943, center=(0.3758, 1.9328, 1.1811)
sphere 5,192: r=0.02943, center=(0.3758, 2.1475, 1.1811)
sphere 5,193: r=0.02943, center=(0.3758, 2.2012, 1.1274)
sphere 5,194: r=0.02943, center=(0.3758, 3.3287, -0.4295)
sphere 5,195: r=0.02943, center=(0.3758, 3.4360, 0.8053)
sphere 5,196: r=0.02943, center=(0.4295, 0.4295, -0.8053)
sphere 5,197: r=0.02943, center=(0.4832, -0.8053, -0.6979)
sphere 5,198: r=0.02943, center=(0.4832, -0.6979, -0.6443)
sphere 5,199: r=0.02943, center=(0.4832, 0.4832, -0.8053)
live samples after pruning: 4,851
saved 5,200 spheres, last r=0.02943, volume 15.8430
sphere 5,201: r=0.02943, center=(0.4832, 3.1139, 0.9664)
sphere 5,202: r=0.02943, center=(0.5906, -2.1475, -0.2148)
sphere 5,203: r=0.02943, center=(0.6443, -0.6979, -0.4832)
sphere 5,204: r=0.02943, center=(0.6443, 1.7717, -0.2148)
sphere 5,205: r=0.02943, center=(0.6979, 1.7180, -0.2148)
sphere 5,206: r=0.02943, center=(0.9127, 2.6844, -0.3758)
sphere 5,207: r=0.02943, center=(1.1274, 0.5906, -0.4295)
sphere 5,208: r=0.02943, center=(1.2348, 3.6508, 0.3758)
sphere 5,209: r=0.02943, center=(1.2885, 1.1811, -0.3758)
saved 5,210 spheres, last r=0.02943, volume 15.8440
sphere 5,211: r=0.02943, center=(-1.5033, 0.5906, -0.1611)
sphere 5,212: r=0.02943, center=(-0.4832, 1.2885, -0.2684)
sphere 5,213: r=0.02943, center=(-0.2148, -3.2750, 1.8791)
sphere 5,214: r=0.02943, center=(-0.1611, -2.5770, 0.5906)
sphere 5,215: r=0.02943, center=(0.1074, -1.1811, -0.6443)
sphere 5,216: r=0.02943, center=(0.9664, 1.1811, -0.0537)
sphere 5,217: r=0.02943, center=(1.1274, 0.7516, -0.1074)
sphere 5,218: r=0.02943, center=(-0.2148, -1.0738, -0.4295)
sphere 5,219: r=0.02943, center=(-0.1611, -1.1811, -0.4832)
saved 5,220 spheres, last r=0.02943, volume 15.8451
sphere 5,221: r=0.02943, center=(0.1611, -1.3422, -0.4832)
sphere 5,222: r=0.02943, center=(0.5369, 3.5434, 0.1611)
sphere 5,223: r=0.02943, center=(0.5906, 3.5971, 0.1611)
sphere 5,224: r=0.02943, center=(1.1274, 0.7516, -0.2148)
sphere 5,225: r=0.02943, center=(-1.3422, 2.5770, 0.3758)
sphere 5,226: r=0.02943, center=(-1.2348, 2.6307, -0.1611)
sphere 5,227: r=0.02943, center=(-1.1811, 2.4160, 0.3221)
sphere 5,228: r=0.02943, center=(-1.1811, 3.5434, -0.1074)
sphere 5,229: r=0.02943, center=(-0.9664, 1.1811, 0.8590)
saved 5,230 spheres, last r=0.02943, volume 15.8462
sphere 5,231: r=0.02943, center=(-0.6979, -1.3959, 0.6979)
sphere 5,232: r=0.02943, center=(-0.5906, -1.6643, 0.3221)
sphere 5,233: r=0.02943, center=(-0.5906, 3.4360, 0.6443)
sphere 5,234: r=0.02943, center=(-0.5369, -2.5770, 0.7516)
sphere 5,235: r=0.02943, center=(-0.5369, 3.4360, 0.6979)
sphere 5,236: r=0.02943, center=(-0.2684, -2.5233, -1.1274)
sphere 5,237: r=0.02943, center=(-0.1611, 2.2549, 1.5570)
sphere 5,238: r=0.02943, center=(-0.0537, -3.1139, 1.6643)
sphere 5,239: r=0.02943, center=(0.0000, -2.6844, -1.1274)
saved 5,240 spheres, last r=0.02943, volume 15.8472
sphere 5,241: r=0.02943, center=(0.2148, 2.7918, 1.1811)
sphere 5,242: r=0.02943, center=(0.2684, 1.3422, 0.7516)
sphere 5,243: r=0.02943, center=(0.3221, 1.0201, 1.0738)
sphere 5,244: r=0.02943, center=(0.4295, 3.1676, 0.9664)
sphere 5,245: r=0.02943, center=(0.4295, 3.4360, 0.7516)
sphere 5,246: r=0.02943, center=(0.4832, 2.2012, 0.9127)
sphere 5,247: r=0.02943, center=(0.5369, -3.1139, -0.9664)
sphere 5,248: r=0.02943, center=(0.5369, 2.2549, 0.9127)
sphere 5,249: r=0.02943, center=(0.5906, -3.1676, -0.9664)
live samples after pruning: 4,448
saved 5,250 spheres, last r=0.02943, volume 15.8483
sphere 5,251: r=0.02943, center=(0.6979, -1.1274, 0.1611)
sphere 5,252: r=0.02943, center=(0.6979, 2.6844, -0.5369)
sphere 5,253: r=0.02943, center=(0.7516, 0.8053, 0.8590)
sphere 5,254: r=0.02943, center=(0.8590, 0.8053, -1.0201)
sphere 5,255: r=0.02943, center=(0.9127, 2.0938, 0.3758)
sphere 5,256: r=0.02943, center=(0.9664, 2.6844, -0.3221)
sphere 5,257: r=0.02943, center=(1.0201, 2.2012, 0.3758)
sphere 5,258: r=0.02943, center=(1.1274, 2.3086, 0.3758)
sphere 5,259: r=0.02943, center=(1.1811, 1.1811, -0.0537)
saved 5,260 spheres, last r=0.02943, volume 15.8494
sphere 5,261: r=0.02943, center=(1.1811, 2.4160, -0.1074)
sphere 5,262: r=0.02943, center=(1.2885, -0.2684, -1.1274)
sphere 5,263: r=0.02943, center=(1.2885, 3.5434, 0.0000)
sphere 5,264: r=0.02943, center=(1.5033, -0.6443, -1.1811)
sphere 5,265: r=0.02943, center=(1.5033, -0.2148, -0.6443)
sphere 5,266: r=0.02943, center=(1.5033, 3.0602, 0.2684)
sphere 5,267: r=0.02943, center=(-0.3221, -0.5369, -0.1074)
sphere 5,268: r=0.02943, center=(-0.3221, 1.6106, 0.7516)
sphere 5,269: r=0.02943, center=(-0.2684, -0.5369, -0.0537)
saved 5,270 spheres, last r=0.02943, volume 15.8504
sphere 5,271: r=0.02943, center=(-2.0938, -0.5906, 0.1074)
sphere 5,272: r=0.02943, center=(-0.1611, 1.7180, -0.5906)
sphere 5,273: r=0.02943, center=(-0.1074, -1.8254, 1.0738)
sphere 5,274: r=0.02943, center=(-0.0537, 1.7180, -0.5906)
sphere 5,275: r=0.02943, center=(0.0000, -1.4496, 0.6979)
sphere 5,276: r=0.02943, center=(1.5033, 0.9664, -0.7516)
sphere 5,277: r=0.02943, center=(-1.2348, 2.6844, 0.4832)
sphere 5,278: r=0.02943, center=(-1.1811, 2.7381, 0.3758)
sphere 5,279: r=0.02943, center=(-0.4832, -2.6307, -1.1274)
saved 5,280 spheres, last r=0.02943, volume 15.8515
sphere 5,281: r=0.02943, center=(-0.3758, -2.6307, -1.1274)
sphere 5,282: r=0.02943, center=(-0.2684, -3.0602, 1.5033)
sphere 5,283: r=0.02943, center=(-1.2348, 3.5434, -0.1611)
sphere 5,284: r=0.02943, center=(-0.5906, 0.8053, 1.2348)
sphere 5,285: r=0.02943, center=(0.5369, -0.9664, 0.2148)
sphere 5,286: r=0.02943, center=(1.7717, -0.5906, -0.6443)
sphere 5,287: r=0.02943, center=(1.7717, -0.5369, -0.6979)
sphere 5,288: r=0.02943, center=(-0.6979, -1.3959, 0.8053)
sphere 5,289: r=0.02943, center=(-0.6979, -1.2885, 0.8053)
saved 5,290 spheres, last r=0.02943, volume 15.8526
sphere 5,291: r=0.02943, center=(-0.5906, -3.3287, 0.7516)
sphere 5,292: r=0.02943, center=(-0.4295, -2.6844, -1.1274)
sphere 5,293: r=0.02943, center=(0.0537, -2.8992, -0.5369)
sphere 5,294: r=0.02943, center=(0.7516, 0.7516, 0.9127)
sphere 5,295: r=0.02943, center=(0.8053, 0.7516, 0.9664)
sphere 5,296: r=0.02943, center=(-0.9127, -1.3422, 0.3221)
sphere 5,297: r=0.02943, center=(0.9127, 2.8992, 0.3758)
sphere 5,298: r=0.02943, center=(1.2885, -0.1074, -1.2348)
sphere 5,299: r=0.02943, center=(1.2885, -0.2148, -1.2348)
live samples after pruning: 4,009
saved 5,300 spheres, last r=0.02943, volume 15.8536
sphere 5,301: r=0.02943, center=(0.4832, 3.3287, 0.9127)
sphere 5,302: r=0.02943, center=(1.1811, 3.6508, 0.2148)
sphere 5,303: r=0.02943, center=(-1.1811, 3.1139, -0.0537)
sphere 5,304: r=0.02943, center=(-1.1274, 3.0602, -0.0537)
sphere 5,305: r=0.02943, center=(0.2148, 3.2213, -0.5906)
sphere 5,306: r=0.02943, center=(1.1811, 3.7045, 0.1611)
sphere 5,307: r=0.02943, center=(0.3758, -3.3287, -1.1274)
sphere 5,308: r=0.02943, center=(0.4832, -3.2750, -1.0738)
sphere 5,309: r=0.02943, center=(0.8053, 2.4697, -0.3221)
saved 5,310 spheres, last r=0.02943, volume 15.8547
sphere 5,311: r=0.02943, center=(0.1074, 3.2213, -0.6979)
sphere 5,312: r=0.02943, center=(-1.0201, 2.4697, 0.6979)
sphere 5,313: r=0.02943, center=(-0.6979, -3.2213, 1.7180)
sphere 5,314: r=0.02943, center=(0.8053, 2.4160, -0.3758)
sphere 5,315: r=0.02935, center=(1.0201, 0.9664, -1.0201)
sphere 5,316: r=0.02935, center=(1.0201, 1.0738, -1.1274)
sphere 5,317: r=0.02935, center=(1.0201, 0.9664, -1.1274)
sphere 5,318: r=0.02935, center=(1.0738, 0.9127, -1.0201)
sphere 5,319: r=0.02934, center=(1.0738, 0.3221, 0.0000)
saved 5,320 spheres, last r=0.02934, volume 15.8558
sphere 5,321: r=0.02934, center=(1.0201, 0.2684, 0.2148)
sphere 5,322: r=0.02930, center=(0.4295, -0.5906, 0.6443)
sphere 5,323: r=0.02925, center=(-0.4295, 1.7180, 0.1611)
sphere 5,324: r=0.02925, center=(-0.3758, 1.7180, 0.3221)
sphere 5,325: r=0.02925, center=(-0.3758, 1.5033, 0.1074)
sphere 5,326: r=0.02925, center=(-0.3758, 1.5033, 0.3221)
sphere 5,327: r=0.02925, center=(0.9127, 2.4697, 0.6979)
sphere 5,328: r=0.02925, center=(0.9664, 2.4697, 0.6443)
sphere 5,329: r=0.02924, center=(0.9127, 2.5233, 0.7516)
saved 5,330 spheres, last r=0.02924, volume 15.8568
sphere 5,331: r=0.02924, center=(1.0201, 2.6307, 0.6443)
sphere 5,332: r=0.02923, center=(-0.2148, 1.2348, -0.5906)
sphere 5,333: r=0.02923, center=(-0.1611, 1.3959, -0.5906)
sphere 5,334: r=0.02923, center=(0.3758, 1.7180, -0.1611)
sphere 5,335: r=0.02923, center=(0.6443, 1.7717, 0.2684)
sphere 5,336: r=0.02923, center=(0.6979, 1.8254, 0.1611)
sphere 5,337: r=0.02923, center=(0.3221, 1.7717, -0.0537)
sphere 5,338: r=0.02923, center=(0.3758, 1.5033, 0.2684)
sphere 5,339: r=0.02923, center=(0.7516, 1.7180, -0.1074)
saved 5,340 spheres, last r=0.02923, volume 15.8579
sphere 5,341: r=0.02923, center=(0.7516, 1.7717, 0.1611)
sphere 5,342: r=0.02923, center=(0.5369, 1.5033, -0.2148)
sphere 5,343: r=0.02923, center=(0.4295, 1.4496, -0.1611)
sphere 5,344: r=0.02923, center=(0.6979, 1.5033, -0.1611)
sphere 5,345: r=0.02921, center=(0.4832, 1.3422, -0.6979)
sphere 5,346: r=0.02919, center=(-0.5369, 2.0938, 1.0201)
sphere 5,347: r=0.02919, center=(0.1074, 2.0938, 1.0201)
sphere 5,348: r=0.02919, center=(0.4295, 2.0938, 1.0201)
sphere 5,349: r=0.02919, center=(-0.1074, 1.6643, -0.2684)
live samples after pruning: 3,508
saved 5,350 spheres, last r=0.02919, volume 15.8589
sphere 5,351: r=0.02919, center=(-0.1074, 1.6643, 0.0537)
sphere 5,352: r=0.02919, center=(0.0000, 1.5570, 0.0537)
sphere 5,353: r=0.02919, center=(-0.2148, 1.9865, 1.1274)
sphere 5,354: r=0.02919, center=(0.3221, 1.8791, 1.1274)
sphere 5,355: r=0.02915, center=(-1.7180, 0.3221, -0.0537)
sphere 5,356: r=0.02915, center=(-2.2549, 0.2148, -0.1611)
sphere 5,357: r=0.02909, center=(-0.0537, -2.7918, 0.4832)
sphere 5,358: r=0.02909, center=(0.0000, -2.7918, 0.5369)
sphere 5,359: r=0.02909, center=(0.0000, -2.7918, 0.9664)
saved 5,360 spheres, last r=0.02909, volume 15.8599
sphere 5,361: r=0.02909, center=(-0.0537, -2.7381, 0.9664)
sphere 5,362: r=0.02909, center=(-0.0537, -1.8791, -0.3221)
sphere 5,363: r=0.02909, center=(-0.0537, -1.8791, -0.1074)
sphere 5,364: r=0.02909, center=(0.1074, -1.5570, -0.4832)
sphere 5,365: r=0.02909, center=(0.5369, -1.5570, -0.4832)
sphere 5,366: r=0.02909, center=(-0.3758, -2.6307, 0.8590)
sphere 5,367: r=0.02909, center=(-0.1611, -2.6307, 0.6443)
sphere 5,368: r=0.02909, center=(0.0537, -1.9865, -0.4295)
sphere 5,369: r=0.02909, center=(0.0537, -1.9865, 0.0000)
saved 5,370 spheres, last r=0.02909, volume 15.8610
sphere 5,371: r=0.02909, center=(0.4295, -1.3959, -0.3221)
sphere 5,372: r=0.02909, center=(-0.6443, -2.8992, 0.6443)
sphere 5,373: r=0.02909, center=(-0.3758, -3.1139, 1.1274)
sphere 5,374: r=0.02909, center=(0.1074, -3.1139, 0.8590)
sphere 5,375: r=0.02909, center=(0.1074, -2.0401, 0.0000)
sphere 5,376: r=0.02909, center=(0.5369, -2.0401, 0.0000)
sphere 5,377: r=0.02909, center=(0.5906, -1.9865, -0.4295)
sphere 5,378: r=0.02909, center=(0.5906, -1.5570, -0.4295)
sphere 5,379: r=0.02909, center=(0.6979, -1.8791, -0.3221)
saved 5,380 spheres, last r=0.02909, volume 15.8620
sphere 5,381: r=0.02907, center=(-2.0938, 0.4832, 0.0000)
sphere 5,382: r=0.02907, center=(-2.0938, 0.8053, -0.3221)
sphere 5,383: r=0.02907, center=(-1.7717, 0.3758, -0.4295)
sphere 5,384: r=0.02907, center=(-1.7717, 0.8053, 0.0000)
sphere 5,385: r=0.02907, center=(-1.9865, 0.8053, -0.4295)
sphere 5,386: r=0.02907, center=(-1.6643, 0.4832, 0.0000)
sphere 5,387: r=0.02906, center=(-1.6106, 0.8053, -0.2148)
sphere 5,388: r=0.02906, center=(-1.6106, 0.8053, -0.4295)
sphere 5,389: r=0.02906, center=(-1.6106, 0.9127, -0.4295)
saved 5,390 spheres, last r=0.02906, volume 15.8630
sphere 5,391: r=0.02906, center=(-1.5033, 0.9664, -0.3758)
sphere 5,392: r=0.02906, center=(-1.5033, 0.9664, -0.2684)
sphere 5,393: r=0.02905, center=(-0.0537, -0.4832, -0.3758)
sphere 5,394: r=0.02905, center=(-0.0537, -0.3758, -0.3758)
sphere 5,395: r=0.02894, center=(-0.5369, -2.7381, -0.8053)
sphere 5,396: r=0.02894, center=(-0.3221, -2.7381, -0.5906)
sphere 5,397: r=0.02894, center=(0.1074, -2.8455, -0.6979)
sphere 5,398: r=0.02894, center=(0.1074, -2.8455, -1.1274)
sphere 5,399: r=0.02894, center=(0.1074, -2.7381, -1.0201)
live samples after pruning: 2,981
saved 5,400 spheres, last r=0.02894, volume 15.8641
sphere 5,401: r=0.02894, center=(0.0000, -3.0602, -1.2348)
sphere 5,402: r=0.02894, center=(0.1074, -3.1676, -1.0201)
sphere 5,403: r=0.02886, center=(-0.8053, 1.2348, 0.1074)
sphere 5,404: r=0.02886, center=(0.5906, 0.9127, 0.9664)
sphere 5,405: r=0.02886, center=(0.5906, 1.0201, 0.9664)
sphere 5,406: r=0.02883, center=(-0.5906, 1.9328, 0.6979)
sphere 5,407: r=0.02882, center=(-0.4295, -2.2012, 1.0201)
sphere 5,408: r=0.02881, center=(-0.4295, -2.4160, 1.0201)
sphere 5,409: r=0.02881, center=(-0.5906, -2.4697, 0.8053)
saved 5,410 spheres, last r=0.02881, volume 15.8651
sphere 5,411: r=0.02870, center=(-1.0738, 3.5971, 0.3758)
sphere 5,412: r=0.02864, center=(0.7516, 0.5906, 1.0201)
sphere 5,413: r=0.02864, center=(-1.3959, -0.8053, 0.0000)
sphere 5,414: r=0.02859, center=(-0.9127, -0.9664, 0.4295)
sphere 5,415: r=0.02859, center=(-0.6979, -0.5369, 0.4295)
sphere 5,416: r=0.02859, center=(-0.4832, -1.1811, 0.4295)
sphere 5,417: r=0.02859, center=(-0.4832, -0.5369, 0.4295)
sphere 5,418: r=0.02859, center=(-0.2684, -1.1811, 0.0000)
sphere 5,419: r=0.02859, center=(-0.2684, -0.5369, 0.2148)
saved 5,420 spheres, last r=0.02857, volume 15.8660
sphere 5,421: r=0.02857, center=(0.5906, 1.1811, -0.9127)
sphere 5,422: r=0.02857, center=(0.4832, 1.2885, -0.9127)
sphere 5,423: r=0.02857, center=(0.6979, 1.2885, -0.9127)
sphere 5,424: r=0.02857, center=(1.5033, 0.9664, -1.0738)
sphere 5,425: r=0.02857, center=(-0.7516, 1.2885, -0.1611)
sphere 5,426: r=0.02857, center=(0.1611, -0.4832, 0.6443)
sphere 5,427: r=0.02857, center=(-0.5906, -2.5770, 0.6979)
sphere 5,428: r=0.02857, center=(-0.3758, -2.5770, 0.4832)
sphere 5,429: r=0.02857, center=(0.2684, -0.6979, 0.5369)
saved 5,430 spheres, last r=0.02857, volume 15.8670
sphere 5,431: r=0.02857, center=(0.6979, 1.2885, -0.6979)
sphere 5,432: r=0.02857, center=(-0.1074, -2.1475, -0.2684)
sphere 5,433: r=0.02857, center=(0.0000, -2.1475, -0.2684)
sphere 5,434: r=0.02857, center=(0.2148, -2.1475, -0.0537)
sphere 5,435: r=0.02857, center=(1.5033, 0.9664, -0.9664)
sphere 5,436: r=0.02857, center=(-1.2348, 2.8992, 0.4832)
sphere 5,437: r=0.02857, center=(-1.1274, 3.0065, 0.4832)
sphere 5,438: r=0.02857, center=(0.1611, -3.1676, -0.2148)
sphere 5,439: r=0.02856, center=(-0.9127, -0.0537, 0.4832)
saved 5,440 spheres, last r=0.02856, volume 15.8680
sphere 5,441: r=0.02856, center=(-0.2684, -0.0537, -0.5906)
sphere 5,442: r=0.02856, center=(-0.2684, 1.3422, -0.2684)
sphere 5,443: r=0.02856, center=(0.1611, 1.3422, 0.8053)
sphere 5,444: r=0.02856, center=(0.4832, 0.2684, 1.1274)
sphere 5,445: r=0.02856, center=(0.8053, 0.6979, -0.2684)
sphere 5,446: r=0.02856, center=(-0.3758, -1.0201, 0.6443)
sphere 5,447: r=0.02856, center=(-0.0537, -1.0201, 0.4295)
sphere 5,448: r=0.02856, center=(-0.1611, -0.9664, 0.4832)
sphere 5,449: r=0.02855, center=(0.5906, 0.6443, -0.7516)
live samples after pruning: 2,438
saved 5,450 spheres, last r=0.02855, volume 15.8690
sphere 5,451: r=0.02855, center=(0.6443, 0.7516, -0.8053)
sphere 5,452: r=0.02855, center=(-0.7516, 0.7516, 1.0201)
sphere 5,453: r=0.02855, center=(0.6979, 0.6979, -0.8053)
sphere 5,454: r=0.02855, center=(-0.7516, 0.6443, 1.0201)
sphere 5,455: r=0.02855, center=(0.8590, 0.1611, -0.1611)
sphere 5,456: r=0.02855, center=(0.9664, 0.2148, -0.2148)
sphere 5,457: r=0.02847, center=(-0.5369, 2.1475, 0.9127)
sphere 5,458: r=0.02847, center=(-0.8053, 1.7180, 0.4295)
sphere 5,459: r=0.02847, center=(-0.8053, 1.6643, 0.4832)
saved 5,460 spheres, last r=0.02842, volume 15.8699
sphere 5,461: r=0.02842, center=(0.6979, 2.9528, -0.4295)
sphere 5,462: r=0.02842, center=(0.7516, 2.9528, -0.4832)
sphere 5,463: r=0.02842, center=(0.8053, 2.9528, -0.4295)
sphere 5,464: r=0.02842, center=(0.8053, 3.0602, -0.4295)
sphere 5,465: r=0.02834, center=(1.0738, 3.1676, 0.4832)
sphere 5,466: r=0.02834, center=(1.1811, 3.1676, 0.4832)
sphere 5,467: r=0.02832, center=(0.9664, 3.4360, 0.1074)
sphere 5,468: r=0.02831, center=(-1.7180, 1.1274, 0.1074)
sphere 5,469: r=0.02831, center=(-1.6106, 0.9127, -0.2148)
saved 5,470 spheres, last r=0.02831, volume 15.8709
sphere 5,471: r=0.02831, center=(-1.6106, 1.2348, 0.1074)
sphere 5,472: r=0.02831, center=(-1.0738, 1.1274, 0.1074)
sphere 5,473: r=0.02830, center=(1.1274, 1.2885, -0.1611)
sphere 5,474: r=0.02830, center=(1.0201, 1.2885, -0.2684)
sphere 5,475: r=0.02830, center=(1.0738, 1.1274, -0.1611)
sphere 5,476: r=0.02827, center=(-0.3758, -2.4697, -0.6979)
sphere 5,477: r=0.02827, center=(-0.3758, -2.4697, -0.8053)
sphere 5,478: r=0.02827, center=(-0.2684, -2.3623, -0.8053)
sphere 5,479: r=0.02827, center=(-0.8590, 2.4160, 0.7516)
saved 5,480 spheres, last r=0.02827, volume 15.8718
sphere 5,481: r=0.02827, center=(-0.7516, 3.4360, 0.3758)
sphere 5,482: r=0.02827, center=(0.8053, 2.0938, 0.1611)
sphere 5,483: r=0.02827, center=(-0.9664, 2.3086, -0.2148)
sphere 5,484: r=0.02827, center=(0.6979, 1.9865, 0.0537)
sphere 5,485: r=0.02827, center=(0.8053, 1.9865, 0.1611)
sphere 5,486: r=0.02824, center=(-0.0537, -3.3287, 1.1274)
sphere 5,487: r=0.02824, center=(-1.0201, 3.1676, 0.1074)
sphere 5,488: r=0.02824, center=(-0.2148, -3.3287, 1.2885)
sphere 5,489: r=0.02824, center=(1.5570, -0.7516, -0.4832)
saved 5,490 spheres, last r=0.02824, volume 15.8728
sphere 5,491: r=0.02824, center=(-0.9664, 3.2750, -0.2684)
sphere 5,492: r=0.02824, center=(1.4496, -0.6443, -0.4832)
sphere 5,493: r=0.02824, center=(1.5570, -0.6443, -0.4832)
sphere 5,494: r=0.02824, center=(-0.8053, 3.2750, -0.1074)
sphere 5,495: r=0.02824, center=(-0.1074, -3.2213, 1.0738)
sphere 5,496: r=0.02824, center=(1.5570, -0.6443, -0.5906)
sphere 5,497: r=0.02824, center=(-1.0738, 3.5434, 0.0000)
sphere 5,498: r=0.02824, center=(-0.9664, 3.5434, 0.0000)
sphere 5,499: r=0.02824, center=(-0.1074, -2.9528, 1.3422)
live samples after pruning: 1,873
saved 5,500 spheres, last r=0.02824, volume 15.8737
sphere 5,501: r=0.02824, center=(-0.6979, 1.9328, 0.0537)
sphere 5,502: r=0.02824, center=(-0.6979, 1.2885, 0.0537)
sphere 5,503: r=0.02822, center=(-0.6979, -0.2684, -0.0537)
sphere 5,504: r=0.02822, center=(-0.5906, -0.3758, -0.0537)
sphere 5,505: r=0.02816, center=(-1.1274, 1.2885, 0.4295)
sphere 5,506: r=0.02816, center=(-1.1811, 1.2348, 0.5369)
sphere 5,507: r=0.02816, center=(-1.1811, 1.2348, 0.3221)
sphere 5,508: r=0.02816, center=(-1.2348, 1.0738, 0.4295)
sphere 5,509: r=0.02816, center=(-1.0738, 1.1274, 0.4295)
saved 5,510 spheres, last r=0.02814, volume 15.8747
sphere 5,511: r=0.02814, center=(1.0738, 2.3086, 0.0537)
sphere 5,512: r=0.02811, center=(0.5906, -1.6643, 0.2684)
sphere 5,513: r=0.02811, center=(0.6979, -1.6643, 0.2684)
sphere 5,514: r=0.02811, center=(0.5906, -1.6106, 0.2148)
sphere 5,515: r=0.02811, center=(0.6443, -1.5570, 0.2148)
sphere 5,516: r=0.02811, center=(0.6443, -1.5570, 0.3221)
sphere 5,517: r=0.02811, center=(0.6979, -1.5570, 0.2684)
sphere 5,518: r=0.02806, center=(0.1611, 0.7516, 1.2885)
sphere 5,519: r=0.02806, center=(-0.2148, 0.2684, 1.2885)
saved 5,520 spheres, last r=0.02806, volume 15.8756
sphere 5,521: r=0.02806, center=(0.0537, 0.6443, 1.2885)
sphere 5,522: r=0.02806, center=(0.5906, 1.1274, 0.9127)
sphere 5,523: r=0.02806, center=(-1.0738, 0.3758, 0.0000)
sphere 5,524: r=0.02806, center=(-1.0738, 0.3758, 0.1074)
sphere 5,525: r=0.02806, center=(-0.1611, -0.5369, 0.1074)
sphere 5,526: r=0.02806, center=(-1.1274, 0.3758, 0.0537)
sphere 5,527: r=0.02806, center=(0.2148, -1.6643, -0.7516)
sphere 5,528: r=0.02802, center=(-0.6443, 3.4897, -0.1611)
sphere 5,529: r=0.02802, center=(-0.6443, 3.4897, -0.0537)
saved 5,530 spheres, last r=0.02802, volume 15.8765
sphere 5,531: r=0.02802, center=(-0.5369, 3.4897, -0.1611)
sphere 5,532: r=0.02802, center=(-0.0537, 2.9528, -0.7516)
sphere 5,533: r=0.02802, center=(-0.0537, 3.0602, -0.7516)
sphere 5,534: r=0.02802, center=(0.0537, 2.9528, -0.7516)
sphere 5,535: r=0.02802, center=(0.0537, 3.0602, -0.7516)
sphere 5,536: r=0.02802, center=(-0.4295, 2.6844, 1.1811)
sphere 5,537: r=0.02802, center=(-0.3221, 2.6844, 1.1811)
sphere 5,538: r=0.02802, center=(-0.3221, 2.7381, 1.2348)
sphere 5,539: r=0.02802, center=(-0.3221, 2.7918, 1.1811)
saved 5,540 spheres, last r=0.02802, volume 15.8775
sphere 5,541: r=0.02796, center=(-0.2148, -0.5906, -0.5906)
sphere 5,542: r=0.02796, center=(0.0000, -1.3422, -0.2684)
sphere 5,543: r=0.02796, center=(-0.0537, -1.3959, -0.2684)
sphere 5,544: r=0.02796, center=(-0.1074, -1.2885, -0.2148)
sphere 5,545: r=0.02796, center=(0.0000, -1.4496, 0.0537)
sphere 5,546: r=0.02796, center=(0.1074, -1.4496, -0.0537)
sphere 5,547: r=0.02796, center=(-0.0537, -1.5033, -0.2684)
sphere 5,548: r=0.02796, center=(0.0000, -1.5033, 0.0000)
sphere 5,549: r=0.02796, center=(0.0537, -1.5033, -0.0537)
live samples after pruning: 1,269
saved 5,550 spheres, last r=0.02796, volume 15.8784
sphere 5,551: r=0.02793, center=(-0.4295, 2.5233, 1.1274)
sphere 5,552: r=0.02793, center=(-0.2148, 1.9865, 0.9127)
sphere 5,553: r=0.02793, center=(-0.2148, 3.3823, 0.9127)
sphere 5,554: r=0.02793, center=(0.7516, 3.2750, 0.1611)
sphere 5,555: r=0.02793, center=(0.8590, 2.3086, 0.0537)
sphere 5,556: r=0.02793, center=(-0.9664, 2.5233, -0.1611)
sphere 5,557: r=0.02793, center=(-0.9664, 2.8455, -0.1611)
sphere 5,558: r=0.02793, center=(-0.8590, 2.7381, 0.8053)
sphere 5,559: r=0.02793, center=(-0.7516, 2.5233, 0.9127)
saved 5,560 spheres, last r=0.02793, volume 15.8793
sphere 5,561: r=0.02793, center=(-0.1074, 1.8791, -0.3758)
sphere 5,562: r=0.02793, center=(-0.1074, 3.4897, 0.8053)
sphere 5,563: r=0.02793, center=(0.0000, 2.0938, 1.0201)
sphere 5,564: r=0.02793, center=(0.3221, 2.5233, -0.6979)
sphere 5,565: r=0.02793, center=(0.3221, 3.5971, 0.0537)
sphere 5,566: r=0.02793, center=(0.5369, 1.8791, 0.1611)
sphere 5,567: r=0.02793, center=(0.5369, 1.8791, 0.2684)
sphere 5,568: r=0.02790, center=(0.7516, 3.1676, 0.6443)
sphere 5,569: r=0.02790, center=(0.9664, 3.0602, 0.7516)
saved 5,570 spheres, last r=0.02790, volume 15.8802
sphere 5,571: r=0.02790, center=(1.0738, 3.0602, 0.6443)
sphere 5,572: r=0.02790, center=(1.0738, 3.1676, 0.6443)
sphere 5,573: r=0.02790, center=(0.8590, 2.9528, 0.6443)
sphere 5,574: r=0.02790, center=(0.8590, 2.9528, 0.5369)
sphere 5,575: r=0.02789, center=(0.5369, 2.7918, 1.0201)
sphere 5,576: r=0.02789, center=(0.5369, 2.7918, 1.1274)
sphere 5,577: r=0.02789, center=(0.5906, 2.7918, 1.0738)
sphere 5,578: r=0.02789, center=(0.6443, 2.8455, 1.0738)
sphere 5,579: r=0.02789, center=(0.5906, 2.8992, 0.9664)
saved 5,580 spheres, last r=0.02789, volume 15.8811
sphere 5,581: r=0.02789, center=(0.8590, 2.7381, -0.2148)
sphere 5,582: r=0.02789, center=(0.6443, 2.8992, 1.1274)
sphere 5,583: r=0.02789, center=(0.8590, 2.7381, -0.4295)
sphere 5,584: r=0.02789, center=(0.8590, 2.8455, -0.4295)
sphere 5,585: r=0.02789, center=(0.9664, 2.8455, -0.3221)
sphere 5,586: r=0.02789, center=(0.8053, 2.6844, -0.3221)
sphere 5,587: r=0.02789, center=(0.5906, 3.0065, 1.0738)
sphere 5,588: r=0.02787, center=(-0.4295, 1.7717, -0.1074)
sphere 5,589: r=0.02787, center=(-0.2684, 1.8254, -0.4295)
saved 5,590 spheres, last r=0.02787, volume 15.8820
sphere 5,591: r=0.02787, center=(-0.2684, 1.9865, -0.4832)
sphere 5,592: r=0.02787, center=(-0.1074, 1.9865, -0.6443)
sphere 5,593: r=0.02784, center=(1.0738, 0.3758, -0.2148)
sphere 5,594: r=0.02783, center=(0.6443, 1.7180, -0.4295)
sphere 5,595: r=0.02782, center=(-0.2148, -1.0738, 0.3221)
sphere 5,596: r=0.02782, center=(-0.1074, -1.0738, 0.3221)
sphere 5,597: r=0.02782, center=(-0.1074, -1.0738, 0.4295)
sphere 5,598: r=0.02782, center=(-0.2148, -0.9664, 0.4295)
sphere 5,599: r=0.02776, center=(0.3758, -1.5033, 0.3758)
live samples after pruning: 642
saved 5,600 spheres, last r=0.02776, volume 15.8829
sphere 5,601: r=0.02776, center=(0.5906, -3.2213, -0.9127)
sphere 5,602: r=0.02776, center=(0.4295, -1.6106, 0.2148)
sphere 5,603: r=0.02776, center=(0.4832, -1.6106, 0.1611)
sphere 5,604: r=0.02776, center=(0.6443, -1.2885, 0.3221)
sphere 5,605: r=0.02776, center=(0.3758, -1.2885, 0.3758)
sphere 5,606: r=0.02776, center=(0.4832, -3.3287, -1.0201)
sphere 5,607: r=0.02776, center=(0.4832, -3.3287, -0.9127)
sphere 5,608: r=0.02776, center=(0.5906, -3.3287, -0.9127)
sphere 5,609: r=0.02774, center=(-0.4832, -1.4496, 0.4295)
saved 5,610 spheres, last r=0.02774, volume 15.8838
sphere 5,611: r=0.02774, center=(0.3221, -0.3221, -0.2684)
sphere 5,612: r=0.02774, center=(0.3758, -0.3758, -0.2684)
sphere 5,613: r=0.02774, center=(0.8590, 0.2684, -0.2148)
sphere 5,614: r=0.02774, center=(0.9664, 0.3221, -0.1611)
sphere 5,615: r=0.02774, center=(1.0201, 0.3221, -0.2148)
sphere 5,616: r=0.02768, center=(0.0537, 1.6106, 0.0537)
sphere 5,617: r=0.02768, center=(0.0537, 1.6106, 0.2684)
sphere 5,618: r=0.02768, center=(0.1611, 1.5033, 0.2684)
sphere 5,619: r=0.02764, center=(0.5369, 1.8791, 0.4295)
saved 5,620 spheres, last r=0.02764, volume 15.8847
sphere 5,621: r=0.02764, center=(0.5906, 1.7717, 0.4832)
sphere 5,622: r=0.02761, center=(-0.0537, -3.2213, -0.6443)
sphere 5,623: r=0.02760, center=(-0.6979, -0.3758, 0.5906)
sphere 5,624: r=0.02760, center=(-0.6443, -0.3221, 0.5906)
sphere 5,625: r=0.02760, center=(0.5369, -1.3959, -0.2148)
sphere 5,626: r=0.02756, center=(0.9127, 0.4832, -0.3758)
sphere 5,627: r=0.02756, center=(0.6979, 0.3758, -0.4832)
sphere 5,628: r=0.02756, center=(0.6979, 0.5906, -0.4832)
sphere 5,629: r=0.02751, center=(1.1274, 0.6443, 0.4832)
saved 5,630 spheres, last r=0.02751, volume 15.8856
sphere 5,631: r=0.02751, center=(0.9664, 0.6979, 0.4832)
sphere 5,632: r=0.02748, center=(-2.2012, -0.0537, -0.2684)
sphere 5,633: r=0.02748, center=(-2.2012, 0.1611, 0.0537)
sphere 5,634: r=0.02748, center=(-2.2012, -0.1074, -0.2148)
sphere 5,635: r=0.02748, center=(-2.2012, -0.1074, 0.0000)
sphere 5,636: r=0.02748, center=(-2.2012, -0.0537, 0.0537)
sphere 5,637: r=0.02748, center=(-2.2012, 0.2148, 0.0000)
sphere 5,638: r=0.02748, center=(-2.1475, -0.0537, -0.3221)
sphere 5,639: r=0.02748, center=(-2.0938, -0.1074, -0.3221)
saved 5,640 spheres, last r=0.02748, volume 15.8864
sphere 5,641: r=0.02748, center=(-2.0938, 0.2148, 0.1074)
sphere 5,642: r=0.02748, center=(-1.7717, -0.0537, -0.2684)
sphere 5,643: r=0.02748, center=(-1.8791, -0.1611, 0.0537)
sphere 5,644: r=0.02748, center=(-1.8791, -0.1074, -0.3221)
sphere 5,645: r=0.02748, center=(-1.8254, -0.0537, -0.3221)
sphere 5,646: r=0.02748, center=(-1.8254, 0.2684, -0.2148)
sphere 5,647: r=0.02745, center=(-1.7180, -0.8590, 0.0000)
sphere 5,648: r=0.02743, center=(-2.2012, 0.1074, -0.3221)
sphere 5,649: r=0.02740, center=(0.7516, 1.5033, 0.2148)
live samples after pruning: 17
saved 5,650 spheres, last r=0.02740, volume 15.8873
sphere 5,651: r=0.02739, center=(0.8590, 2.2012, -0.1611)
sample cloud is exhausted; replenishing interior samples
