x,y,z,radius
-0.053688082844018936,0.4831927418708801,0.2684404253959656,1.0069409608840942
-0.053688082844018936,2.684404134750366,0.21475233137607574,0.972164511680603
0.2684404253959656,-0.912697434425354,-0.21475233137607574,0.4795383810997009
-0.5905689001083374,-0.859009325504303,0.10737616568803787,0.4394536018371582
-0.37581658363342285,-1.718018651008606,0.7516331672668457,0.3994714617729187
0.9663854837417603,0.9663854837417603,-0.5905689001083374,0.39622801542282104
-0.2684404253959656,-3.006532669067383,0.7516331672668457,0.3762451410293579
0.3221285045146942,-1.7717067003250122,-0.21475233137607574,0.3762451410293579
-0.21475233137607574,-2.9528446197509766,-0.912697434425354,0.3728220760822296
-1.3958901166915894,0.912697434425354,0.10737616568803787,0.3588408827781677
0.2684404253959656,1.5569543838500977,-0.4831927418708801,0.3427565097808838
1.342202067375183,0.6442570090293884,-1.1274497509002686,0.3340088725090027
0.0,-2.3085875511169434,-0.5905689001083374,0.30963119864463806
-1.825394868850708,-0.4831927418708801,-0.053688082844018936,0.30144330859184265
1.610642433166504,-0.37581658363342285,-0.9663854837417603,0.30144330859184265
-0.6979450583457947,1.610642433166504,0.0,0.2983274459838867
-1.8790829181671143,0.5905689001083374,-0.21475233137607574,0.29305800795555115
-0.21475233137607574,-2.3622756004333496,0.805321216583252,0.2667800784111023
1.1274497509002686,3.060220718383789,0.21475233137607574,0.2619193196296692
-1.9864590167999268,0.053688082844018936,-0.10737616568803787,0.26164206862449646
0.5368808507919312,1.610642433166504,0.053688082844018936,0.25989073514938354
-1.234825849533081,3.006532669067383,0.21475233137607574,0.25211215019226074
-0.37581658363342285,-3.3286612033843994,1.5569543838500977,0.24756649136543274
-0.3221285045146942,1.5569543838500977,-0.4295046627521515,0.2426239252090454
0.0,-0.7516331672668457,0.4295046627521515,0.23675000667572021
1.1811378002166748,2.5770280361175537,0.10737616568803787,0.23247621953487396
1.5569543838500977,0.10737616568803787,-1.1811378002166748,0.23004159331321716
-0.4831927418708801,1.610642433166504,0.5368808507919312,0.22833752632141113
-0.053688082844018936,2.1475234031677246,1.2885140180587769,0.22833752632141113
1.0737617015838623,0.9663854837417603,0.053688082844018936,0.22726133465766907
0.21475233137607574,-3.1675968170166016,-0.5368808507919312,0.2219451665878296
0.859009325504303,3.436037302017212,0.37581658363342285,0.22111284732818604
-1.234825849533081,2.5233399868011475,0.10737616568803787,0.21652157604694366
-1.1274497509002686,0.9663854837417603,0.6442570090293884,0.21652157604694366
-1.0200735330581665,3.3286612033843994,-0.053688082844018936,0.19953446090221405
-0.053688082844018936,-3.1675968170166016,1.2885140180587769,0.19953446090221405
0.37581658363342285,1.0737617015838623,-0.6979450583457947,0.19680196046829224
0.3221285045146942,1.610642433166504,0.4831927418708801,0.1967078447341919
0.4831927418708801,-1.3958901166915894,0.21475233137607574,0.19360516965389252
-0.9663854837417603,1.1811378002166748,-0.10737616568803787,0.19129818677902222
0.4295046627521515,-0.6442570090293884,0.37581658363342285,0.18887287378311157
-0.9663854837417603,3.3823492527008057,0.4295046627521515,0.1875256896018982
-0.2684404253959656,-1.1811378002166748,0.5368808507919312,0.18665164709091187
-0.2684404253959656,-0.5368808507919312,-0.3221285045146942,0.1845465898513794
0.7516331672668457,1.2885140180587769,-0.1610642522573471,0.18201035261154175
-0.6979450583457947,-1.4495782852172852,0.3221285045146942,0.18128399550914764
-0.053688082844018936,1.610642433166504,0.6442570090293884,0.18128399550914764
1.5569543838500977,-0.805321216583252,-0.7516331672668457,0.18128399550914764
0.859009325504303,3.3286612033843994,-0.053688082844018936,0.17681074142456055
-0.9663854837417603,1.234825849533081,0.2684404253959656,0.17541635036468506
-0.37581658363342285,-0.6442570090293884,0.6442570090293884,0.17486639320850372
0.3221285045146942,-3.1675968170166016,-0.9663854837417603,0.17486639320850372
-1.610642433166504,-0.805321216583252,0.21475233137607574,0.16966772079467773
-0.5905689001083374,-3.221284866333008,1.1811378002166748,0.16825708746910095
0.6979450583457947,-1.3958901166915894,-0.10737616568803787,0.16597789525985718
0.9663854837417603,2.201211452484131,0.1610642522573471,0.1578388214111328
1.0200735330581665,0.5905689001083374,-0.1610642522573471,0.1545097827911377
-0.859009325504303,1.0200735330581665,0.912697434425354,0.15438716113567352
-0.6442570090293884,-1.234825849533081,0.5905689001083374,0.15438716113567352
-0.3221285045146942,-1.3958901166915894,0.2684404253959656,0.15438716113567352
0.9663854837417603,1.0200735330581665,0.4295046627521515,0.15438716113567352
-0.3221285045146942,-0.859009325504303,-0.4295046627521515,0.1511538028717041
0.912697434425354,3.1139087677001953,0.5905689001083374,0.15016043186187744
-0.37581658363342285,2.040147066116333,1.0737617015838623,0.14887559413909912
-0.053688082844018936,1.610642433166504,-0.10737616568803787,0.14887559413909912
0.2684404253959656,2.040147066116333,1.0737617015838623,0.14887559413909912
0.9663854837417603,2.9528446197509766,-0.1610642522573471,0.14707988500595093
0.37581658363342285,-0.3221285045146942,-0.4295046627521515,0.14203417301177979
1.0737617015838623,0.6979450583457947,0.3221285045146942,0.14203417301177979
-0.5905689001083374,-2.201211452484131,0.6442570090293884,0.14008712768554688
0.805321216583252,1.234825849533081,0.1610642522573471,0.13952267169952393
-1.0737617015838623,2.201211452484131,0.10737616568803787,0.13948573172092438
1.0200735330581665,2.469651699066162,0.4295046627521515,0.13948573172092438
1.0200735330581665,2.845468282699585,0.5368808507919312,0.13948573172092438
0.10737616568803787,-0.37581658363342285,-0.4831927418708801,0.13693729043006897
-0.1610642522573471,-3.221284866333008,-0.4831927418708801,0.13650771975517273
-0.1610642522573471,1.8790829181671143,-0.5368808507919312,0.13319268822669983
-0.3221285045146942,1.610642433166504,0.21475233137607574,0.13181310892105103
-1.8790829181671143,0.9663854837417603,0.0,0.13156798481941223
-1.718018651008606,1.0200735330581665,-0.2684404253959656,0.13156798481941223
-1.1274497509002686,2.7917802333831787,-0.10737616568803787,0.13156798481941223
-1.0200735330581665,0.859009325504303,-0.21475233137607574,0.13156798481941223
-0.5905689001083374,1.8790829181671143,-0.3221285045146942,0.13156798481941223
0.5905689001083374,-0.4295046627521515,0.0,0.13156798481941223
1.5032663345336914,-0.4831927418708801,-0.5368808507919312,0.13156798481941223
1.8790829181671143,-0.6442570090293884,-0.7516331672668457,0.13156798481941223
-1.610642433166504,-0.4831927418708801,0.3221285045146942,0.13140389323234558
-1.0200735330581665,3.060220718383789,0.5905689001083374,0.1307302713394165
0.4831927418708801,0.7516331672668457,-0.6979450583457947,0.13068914413452148
-0.6979450583457947,0.859009325504303,1.1274497509002686,0.13068902492523193
0.6979450583457947,-1.6643306016921997,0.10737616568803787,0.13024717569351196
1.2885140180587769,-0.10737616568803787,-1.0737617015838623,0.13010895252227783
-1.1274497509002686,2.5770280361175537,0.4295046627521515,0.12724988162517548
0.37581658363342285,-2.254899501800537,-0.37581658363342285,0.12653285264968872
-0.912697434425354,0.7516331672668457,0.9663854837417603,0.12458424270153046
1.0737617015838623,0.5368808507919312,0.10737616568803787,0.12446171045303345
0.805321216583252,0.4831927418708801,-0.4831927418708801,0.12429726123809814
0.1610642522573471,1.610642433166504,0.1610642522573471,0.12417721748352051
-0.6979450583457947,-0.37581658363342285,-0.1610642522573471,0.12363177537918091
-0.859009325504303,1.234825849533081,0.5905689001083374,0.12328138202428818
-0.6442570090293884,1.2885140180587769,-0.2684404253959656,0.12328138202428818
-0.4831927418708801,-2.5770280361175537,0.5905689001083374,0.12328138202428818
0.2684404253959656,-0.5905689001083374,0.6442570090293884,0.12328138202428818
0.5905689001083374,1.2885140180587769,-0.805321216583252,0.12328138202428818
-1.6643306016921997,-0.859009325504303,-0.1610642522573471,0.12129709124565125
-0.37581658363342285,-3.060220718383789,1.2885140180587769,0.12086203694343567
0.053688082844018936,1.1811378002166748,-0.6442570090293884,0.1190858781337738
0.3221285045146942,-0.9663854837417603,0.37581658363342285,0.11589127779006958
0.10737616568803787,-1.8790829181671143,-0.6442570090293884,0.11581429839134216
0.9663854837417603,2.63071608543396,-0.1610642522573471,0.11546231806278229
-0.6979450583457947,1.3958901166915894,0.37581658363342285,0.11538398265838623
0.5905689001083374,1.3958901166915894,0.37581658363342285,0.11538398265838623
-1.5569543838500977,2.684404134750366,0.10737616568803787,0.11456900835037231
-1.1811378002166748,0.6442570090293884,0.4831927418708801,0.11456900835037231
-1.0737617015838623,0.5905689001083374,-0.21475233137607574,0.11456900835037231
-1.0737617015838623,2.3085875511169434,0.37581658363342285,0.11456900835037231
-0.805321216583252,-0.3221285045146942,0.053688082844018936,0.11456900835037231
-0.805321216583252,3.489725351333618,0.1610642522573471,0.11456900835037231
-0.4831927418708801,0.6979450583457947,1.2885140180587769,0.11456900835037231
-0.3221285045146942,1.4495782852172852,0.805321216583252,0.11456900835037231
-0.10737616568803787,-0.5905689001083374,0.7516331672668457,0.11456900835037231
0.0,-3.274973154067993,1.610642433166504,0.11456900835037231
0.2684404253959656,-3.274973154067993,-0.21475233137607574,0.11456900835037231
0.2684404253959656,-1.4495782852172852,-0.5905689001083374,0.11456900835037231
0.37581658363342285,-2.0938353538513184,-0.5905689001083374,0.11456900835037231
0.5368808507919312,-3.274973154067993,-0.7516331672668457,0.11456900835037231
0.5368808507919312,1.8790829181671143,-0.21475233137607574,0.11456900835037231
0.6442570090293884,-0.6442570090293884,0.1610642522573471,0.11456900835037231
0.7516331672668457,2.9528446197509766,0.912697434425354,0.11456900835037231
1.0737617015838623,3.5434134006500244,0.053688082844018936,0.11456900835037231
1.4495782852172852,0.805321216583252,-0.6979450583457947,0.11456900835037231
1.610642433166504,-0.805321216583252,-1.0737617015838623,0.11456900835037231
0.10737616568803787,-3.274973154067993,-1.1274497509002686,0.11425285041332245
-0.5905689001083374,-0.4831927418708801,0.5368808507919312,0.11425279080867767
-0.6979450583457947,1.825394868850708,0.37581658363342285,0.1136096715927124
-0.2684404253959656,-2.469651699066162,-0.912697434425354,0.11334437131881714
0.6979450583457947,1.3958901166915894,-0.4295046627521515,0.11205136775970459
-1.0737617015838623,0.6442570090293884,0.6979450583457947,0.11152505874633789
0.5905689001083374,0.5368808507919312,-0.6442570090293884,0.11152505874633789
-0.4831927418708801,0.9663854837417603,1.1811378002166748,0.11152493953704834
0.5368808507919312,1.1811378002166748,-0.37581658363342285,0.11152493953704834
1.5032663345336914,2.684404134750366,0.053688082844018936,0.11129526793956757
0.1610642522573471,-1.3958901166915894,0.10737616568803787,0.1110304594039917
-0.6442570090293884,-3.274973154067993,0.912697434425354,0.1107143759727478
-0.4831927418708801,-0.912697434425354,0.6442570090293884,0.11068558692932129
0.9663854837417603,2.3622756004333496,-0.053688082844018936,0.11060154438018799
1.2885140180587769,0.859009325504303,-0.21475233137607574,0.1102643609046936
-0.859009325504303,-0.1610642522573471,-0.1610642522573471,0.11023569107055664
0.9663854837417603,0.805321216583252,0.5905689001083374,0.11023569107055664
-0.859009325504303,3.221284866333008,0.6979450583457947,0.10962033271789551
-0.5368808507919312,-2.201211452484131,0.912697434425354,0.10903650522232056
0.053688082844018936,-3.274973154067993,1.0200735330581665,0.10888020694255829
0.5905689001083374,-0.3221285045146942,-0.21475233137607574,0.10853241384029388
-0.10737616568803787,1.610642433166504,0.3221285045146942,0.10828730463981628
-0.21475233137607574,-0.912697434425354,0.6442570090293884,0.10702148079872131
-0.2684404253959656,-2.0938353538513184,1.0737617015838623,0.1070210337638855
0.6979450583457947,3.3286612033843994,0.6442570090293884,0.10695266723632812
0.912697434425354,2.254899501800537,0.4831927418708801,0.10654382407665253
0.6442570090293884,3.489725351333618,0.053688082844018936,0.10561633110046387
-0.3221285045146942,-3.274973154067993,1.1811378002166748,0.1054995059967041
-1.9327709674835205,-0.805321216583252,0.21475233137607574,0.1053575873374939
-1.8790829181671143,0.7516331672668457,0.1610642522573471,0.1053575873374939
-1.1274497509002686,2.7917802333831787,0.5368808507919312,0.1053575873374939
-1.0737617015838623,2.415963649749756,-0.1610642522573471,0.1053575873374939
-1.0200735330581665,0.3221285045146942,-0.2684404253959656,0.1053575873374939
-1.0200735330581665,3.006532669067383,-0.1610642522573471,0.1053575873374939
-0.859009325504303,-1.342202067375183,0.10737616568803787,0.1053575873374939
-0.805321216583252,-1.6643306016921997,0.4831927418708801,0.1053575873374939
-0.6979450583457947,0.5905689001083374,1.1811378002166748,0.1053575873374939
0.053688082844018936,-3.274973154067993,-0.2684404253959656,0.1053575873374939
0.053688082844018936,1.9327709674835205,-0.6442570090293884,0.1053575873374939
0.10737616568803787,-2.201211452484131,-0.1610642522573471,0.1053575873374939
0.2684404253959656,-1.1811378002166748,0.3221285045146942,0.1053575873374939
0.5905689001083374,-1.3958901166915894,-0.37581658363342285,0.1053575873374939
0.7516331672668457,3.1675968170166016,-0.3221285045146942,0.1053575873374939
1.3958901166915894,1.0200735330581665,-0.859009325504303,0.1053575873374939
1.4495782852172852,0.0,-0.859009325504303,0.1053575873374939
1.718018651008606,-0.6979450583457947,-0.5368808507919312,0.1053575873374939
-1.0200735330581665,3.5434134006500244,0.1610642522573471,0.10417111217975616
-0.053688082844018936,-2.040147066116333,0.9663854837417603,0.10416734218597412
1.0200735330581665,0.5905689001083374,0.5368808507919312,0.10399554669857025
0.912697434425354,0.37581658363342285,-0.2684404253959656,0.1037667989730835
-1.5569543838500977,0.859009325504303,-0.3221285045146942,0.10245293378829956
-0.10737616568803787,1.2885140180587769,-0.5368808507919312,0.1022757887840271
1.1274497509002686,1.0200735330581665,-1.0737617015838623,0.10215511918067932
-0.3221285045146942,-2.5770280361175537,-0.6442570090293884,0.10133823752403259
-0.6442570090293884,1.342202067375183,0.6442570090293884,0.10116863250732422
0.37581658363342285,0.5368808507919312,-0.7516331672668457,0.10116863250732422
0.805321216583252,1.0737617015838623,0.6442570090293884,0.10116863250732422
1.2885140180587769,0.21475233137607574,-1.0200735330581665,0.10091394186019897
-0.1610642522573471,-0.7516331672668457,-0.5905689001083374,0.1006656289100647
-1.718018651008606,-0.2684404253959656,0.2684404253959656,0.10032153129577637
0.5905689001083374,-0.4295046627521515,0.2684404253959656,0.10024631023406982
0.5905689001083374,-0.859009325504303,0.2684404253959656,0.10024628043174744
0.21475233137607574,-0.1610642522573471,-0.5905689001083374,0.09986722469329834
-0.3221285045146942,2.3085875511169434,1.1811378002166748,0.09890937805175781
0.21475233137607574,2.3085875511169434,1.1811378002166748,0.09890937805175781
0.6979450583457947,3.1675968170166016,0.805321216583252,0.09890937805175781
0.859009325504303,2.845468282699585,0.7516331672668457,0.09890937805175781
0.9663854837417603,0.859009325504303,-1.0737617015838623,0.09875169396400452
-0.6442570090293884,-3.274973154067993,0.6442570090293884,0.09791523218154907
-0.37581658363342285,-2.63071608543396,1.0200735330581665,0.09791514277458191
0.2684404253959656,0.805321216583252,-0.7516331672668457,0.09709008038043976
0.6442570090293884,3.3823492527008057,-0.21475233137607574,0.09694582223892212
0.5905689001083374,3.489725351333618,0.5368808507919312,0.0965101420879364
-0.3221285045146942,1.6643306016921997,-0.10737616568803787,0.09619775414466858
-0.859009325504303,0.5368808507919312,1.0200735330581665,0.09595382213592529
0.10737616568803787,-2.684404134750366,-0.6979450583457947,0.09570494294166565
0.4831927418708801,-3.221284866333008,-0.37581658363342285,0.09567782282829285
-0.9663854837417603,0.4831927418708801,-0.37581658363342285,0.09552480280399323
-0.7516331672668457,-0.37581658363342285,0.2684404253959656,0.09473609924316406
-0.5368808507919312,1.1274497509002686,1.0200735330581665,0.09464633464813232
-0.7516331672668457,3.436037302017212,-0.10737616568803787,0.09452719986438751
-0.5368808507919312,-0.4831927418708801,-0.2684404253959656,0.09442487359046936
0.2684404253959656,-0.859009325504303,0.5905689001083374,0.0942055881023407
-0.859009325504303,2.9528446197509766,0.859009325504303,0.09351348876953125
-0.6979450583457947,3.489725351333618,0.4831927418708801,0.09351348876953125
0.21475233137607574,1.5032663345336914,-0.053688082844018936,0.093407541513443
-0.10737616568803787,-2.63071608543396,1.0200735330581665,0.09337058663368225
-1.5032663345336914,-0.912697434425354,0.0,0.09334909915924072
-0.912697434425354,0.053688082844018936,-0.2684404253959656,0.0933372974395752
0.5368808507919312,1.7717067003250122,0.37581658363342285,0.0924113392829895
0.5368808507919312,2.8991565704345703,1.0737617015838623,0.09216034412384033
0.859009325504303,2.7917802333831787,-0.3221285045146942,0.09216034412384033
-1.1811378002166748,1.1811378002166748,0.4295046627521515,0.09189297258853912
1.0200735330581665,1.234825849533081,-0.1610642522573471,0.09174621105194092
1.1274497509002686,3.3286612033843994,-0.053688082844018936,0.09162968397140503
0.912697434425354,2.5770280361175537,0.6442570090293884,0.0908052921295166
1.0200735330581665,0.3221285045146942,0.10737616568803787,0.0907144546508789
0.2684404253959656,1.9864590167999268,-0.5368808507919312,0.09009063243865967
0.5905689001083374,1.2885140180587769,-0.5905689001083374,0.09009060263633728
1.7717067003250122,-0.7516331672668457,-0.912697434425354,0.08979368209838867
1.3958901166915894,-0.5905689001083374,-0.6979450583457947,0.08979363739490509
-0.10737616568803787,-2.0938353538513184,0.5905689001083374,0.08965036273002625
-1.825394868850708,-0.859009325504303,0.053688082844018936,0.08941185474395752
-1.1274497509002686,0.5368808507919312,0.053688082844018936,0.0894007682800293
0.4831927418708801,-0.10737616568803787,-0.4831927418708801,0.0894007682800293
-0.805321216583252,1.0200735330581665,-0.3221285045146942,0.08940064907073975
-0.6442570090293884,1.234825849533081,0.805321216583252,0.08940064907073975
-0.10737616568803787,1.9864590167999268,1.0200735330581665,0.08928558230400085
-0.053688082844018936,-3.006532669067383,-0.4831927418708801,0.08902031183242798
0.053688082844018936,-2.5770280361175537,-0.912697434425354,0.08902031183242798
-0.053688082844018936,-2.040147066116333,-0.2684404253959656,0.08870726823806763
-0.6442570090293884,1.5032663345336914,-0.37581658363342285,0.0883316695690155
-0.37581658363342285,1.8790829181671143,-0.4831927418708801,0.08816896378993988
0.4831927418708801,1.342202067375183,-0.1610642522573471,0.08804777264595032
0.5905689001083374,3.5434134006500244,0.2684404253959656,0.08730170130729675
-1.0200735330581665,2.63071608543396,-0.21475233137607574,0.08672988414764404
-1.9327709674835205,0.9663854837417603,-0.21475233137607574,0.08657407760620117
0.10737616568803787,-3.274973154067993,-0.805321216583252,0.08646941184997559
0.4295046627521515,-1.3958901166915894,-0.4831927418708801,0.0863134115934372
-0.9663854837417603,2.1475234031677246,0.3221285045146942,0.08631335198879242
-2.040147066116333,0.2684404253959656,-0.37581658363342285,0.08629646897315979
1.3958901166915894,2.845468282699585,0.1610642522573471,0.08601924777030945
-0.7516331672668457,-1.4495782852172852,0.5905689001083374,0.08571334183216095
-0.053688082844018936,-1.9327709674835205,-0.4295046627521515,0.08559724688529968
0.4831927418708801,-1.718018651008606,0.21475233137607574,0.0855972170829773
0.10737616568803787,-0.4831927418708801,0.7516331672668457,0.0854499340057373
0.10737616568803787,0.9663854837417603,-0.6979450583457947,0.0854499340057373
-0.37581658363342285,-2.201211452484131,0.5368808507919312,0.08527615666389465
-1.825394868850708,-0.1610642522573471,0.1610642522573471,0.08501316606998444
-1.4495782852172852,0.805321216583252,0.5368808507919312,0.08501316606998444
-1.3958901166915894,1.0737617015838623,0.5368808507919312,0.08501316606998444
-1.2885140180587769,3.436037302017212,-0.10737616568803787,0.08501316606998444
-0.9663854837417603,2.254899501800537,-0.10737616568803787,0.08501316606998444
-0.9663854837417603,2.254899501800537,0.5368808507919312,0.08501316606998444
-0.912697434425354,0.6979450583457947,-0.37581658363342285,0.08501316606998444
-0.912697434425354,3.1675968170166016,-0.2684404253959656,0.08501316606998444
-0.805321216583252,1.9327709674835205,0.21475233137607574,0.08501316606998444
-0.7516331672668457,3.221284866333008,-0.37581658363342285,0.08501316606998444
-0.7516331672668457,3.3823492527008057,0.6442570090293884,0.08501316606998444
-0.6979450583457947,-3.3286612033843994,1.3958901166915894,0.08501316606998444
-0.6442570090293884,-3.1139087677001953,-0.912697434425354,0.08501316606998444
-0.5368808507919312,-0.6442570090293884,-0.37581658363342285,0.08501316606998444
-0.4831927418708801,0.4831927418708801,1.2885140180587769,0.08501316606998444
-0.4295046627521515,-1.234825849533081,0.7516331672668457,0.08501316606998444
-0.1610642522573471,-0.9663854837417603,-0.5905689001083374,0.08501316606998444
-0.10737616568803787,-2.8991565704345703,1.1811378002166748,0.08501316606998444
-0.10737616568803787,-1.3958901166915894,0.4831927418708801,0.08501316606998444
-0.10737616568803787,1.5569543838500977,-0.6979450583457947,0.08501316606998444
0.0,-1.3958901166915894,-0.37581658363342285,0.08501316606998444
0.1610642522573471,1.4495782852172852,0.7516331672668457,0.08501316606998444
0.2684404253959656,-1.610642433166504,0.21475233137607574,0.08501316606998444
0.4295046627521515,0.3221285045146942,-0.6979450583457947,0.08501316606998444
0.4295046627521515,1.9864590167999268,-0.4295046627521515,0.08501316606998444
0.4831927418708801,3.274973154067993,-0.4831927418708801,0.08501316606998444
0.5368808507919312,-1.1274497509002686,0.2684404253959656,0.08501316606998444
0.5905689001083374,0.2684404253959656,-0.5905689001083374,0.08501316606998444
0.5905689001083374,3.060220718383789,0.9663854837417603,0.08501316606998444
0.6979450583457947,-1.1811378002166748,0.053688082844018936,0.08501316606998444
0.6979450583457947,-0.10737616568803787,-0.2684404253959656,0.08501316606998444
0.6979450583457947,1.0200735330581665,0.859009325504303,0.08501316606998444
0.6979450583457947,1.234825849533081,0.5368808507919312,0.08501316606998444
0.6979450583457947,1.5569543838500977,-0.2684404253959656,0.08501316606998444
0.7516331672668457,2.1475234031677246,0.6442570090293884,0.08501316606998444
0.805321216583252,-1.6643306016921997,-0.10737616568803787,0.08501316606998444
0.805321216583252,2.040147066116333,0.2684404253959656,0.08501316606998444
0.859009325504303,0.7516331672668457,0.805321216583252,0.08501316606998444
0.859009325504303,2.3622756004333496,0.6442570090293884,0.08501316606998444
1.1811378002166748,2.254899501800537,0.053688082844018936,0.08501316606998444
1.5032663345336914,3.006532669067383,0.1610642522573471,0.08501316606998444
1.5569543838500977,0.1610642522573471,-0.859009325504303,0.08501316606998444
0.4831927418708801,-0.4295046627521515,0.5368808507919312,0.08488371968269348
0.805321216583252,2.0938353538513184,0.4295046627521515,0.08476351201534271
-0.10737616568803787,-0.3221285045146942,-0.4831927418708801,0.08442434668540955
-0.2684404253959656,0.805321216583252,1.2885140180587769,0.08412981033325195
0.9663854837417603,0.2684404253959656,-0.053688082844018936,0.0841296911239624
0.6442570090293884,3.060220718383789,-0.4831927418708801,0.08400440216064453
-0.10737616568803787,-0.6442570090293884,0.10737616568803787,0.08354699611663818
-0.053688082844018936,-0.5368808507919312,-0.4831927418708801,0.08354699611663818
0.0,-1.3958901166915894,-0.10737616568803787,0.08354693651199341
0.859009325504303,2.3622756004333496,-0.21475233137607574,0.08297358453273773
0.805321216583252,0.2684404253959656,-0.37581658363342285,0.08221420645713806
-1.7717067003250122,0.21475233137607574,-0.3221285045146942,0.08212938904762268
1.0200735330581665,2.684404134750366,0.37581658363342285,0.0818760097026825
-0.2684404253959656,1.5032663345336914,-0.053688082844018936,0.08186548948287964
1.0737617015838623,3.1675968170166016,-0.10737616568803787,0.08185213804244995
0.7516331672668457,1.234825849533081,0.37581658363342285,0.0818389505147934
-0.9663854837417603,0.5368808507919312,0.859009325504303,0.08148479461669922
-0.7516331672668457,1.610642433166504,0.37581658363342285,0.0813046395778656
-1.0200735330581665,2.415963649749756,0.5368808507919312,0.08127164840698242
-0.6979450583457947,2.8991565704345703,1.0200735330581665,0.08127164840698242
-0.4831927418708801,-2.5770280361175537,0.859009325504303,0.08115854859352112
-0.21475233137607574,-1.1811378002166748,0.2684404253959656,0.08107167482376099
-0.1610642522573471,-0.5905689001083374,-0.053688082844018936,0.08098167181015015
-0.9663854837417603,3.221284866333008,0.21475233137607574,0.08091479539871216
-0.912697434425354,0.21475233137607574,-0.37581658363342285,0.08062334358692169
1.1811378002166748,2.7380921840667725,0.37581658363342285,0.08057637512683868
1.1811378002166748,2.845468282699585,-0.053688082844018936,0.08057625591754913
-0.4831927418708801,-0.3221285045146942,-0.3221285045146942,0.08015990257263184
0.5368808507919312,0.053688082844018936,-0.5368808507919312,0.08015990257263184
1.0200735330581665,0.4295046627521515,0.4295046627521515,0.08015978336334229
-0.5905689001083374,-3.221284866333008,0.4831927418708801,0.08014807105064392
0.6442570090293884,1.610642433166504,0.37581658363342285,0.07966253161430359
-0.4831927418708801,-1.342202067375183,0.4295046627521515,0.07963374257087708
-0.10737616568803787,1.7717067003250122,-0.3221285045146942,0.0795045793056488
-0.4295046627521515,1.7717067003250122,-0.21475233137607574,0.07950454950332642
-0.10737616568803787,-3.1139087677001953,1.5569543838500977,0.07943694293498993
0.21475233137607574,-1.6643306016921997,-0.6442570090293884,0.07931333780288696
0.6442570090293884,-3.274973154067993,-0.5905689001083374,0.0790061354637146
-1.0737617015838623,0.4295046627521515,-0.10737616568803787,0.0790061205625534
-0.5368808507919312,2.040147066116333,0.912697434425354,0.0789036750793457
-0.10737616568803787,1.5569543838500977,0.10737616568803787,0.07890364527702332
0.21475233137607574,1.9864590167999268,1.2885140180587769,0.07890363037586212
0.3221285045146942,0.1610642522573471,-0.6979450583457947,0.07883334159851074
0.4295046627521515,-0.4831927418708801,0.1610642522573471,0.07883334159851074
1.234825849533081,1.0737617015838623,-0.21475233137607574,0.07793229818344116
0.0,-1.9864590167999268,-0.805321216583252,0.07751908898353577
0.5368808507919312,3.489725351333618,-0.10737616568803787,0.07715940475463867
0.4831927418708801,1.3958901166915894,0.5368808507919312,0.07704871892929077
-0.5368808507919312,-2.415963649749756,0.6979450583457947,0.07699140906333923
0.1610642522573471,1.6643306016921997,-0.053688082844018936,0.07636909186840057
-0.1610642522573471,-1.2885140180587769,0.7516331672668457,0.07636517286300659
-0.37581658363342285,-3.221284866333008,-0.5905689001083374,0.07636457681655884
-0.053688082844018936,-3.221284866333008,-1.234825849533081,0.07636448740959167
-1.5032663345336914,-0.5905689001083374,0.1610642522573471,0.07636193931102753
-0.912697434425354,2.9528446197509766,-0.3221285045146942,0.07578516006469727
0.805321216583252,2.9528446197509766,-0.3221285045146942,0.07578516006469727
-0.805321216583252,1.9864590167999268,0.0,0.07578504085540771
0.9663854837417603,2.7917802333831787,0.0,0.07578504085540771
0.859009325504303,0.912697434425354,0.6979450583457947,0.07574531435966492
1.3958901166915894,0.805321216583252,-0.4831927418708801,0.07488298416137695
0.2684404253959656,0.0,-0.6442570090293884,0.07484400272369385
-1.0200735330581665,0.9663854837417603,0.3221285045146942,0.0748438835144043
1.7717067003250122,-0.6979450583457947,-1.0737617015838623,0.0743732750415802
0.21475233137607574,-2.3085875511169434,-0.2684404253959656,0.0743495523929596
-1.2885140180587769,3.274973154067993,-0.053688082844018936,0.07422219216823578
-0.805321216583252,3.274973154067993,-0.21475233137607574,0.07422210276126862
-1.1811378002166748,1.2885140180587769,0.10737616568803787,0.07400628924369812
0.0,-2.0938353538513184,0.805321216583252,0.07389596104621887
-2.1475234031677246,0.3221285045146942,-0.2684404253959656,0.07355496287345886
-2.1475234031677246,0.37581658363342285,-0.053688082844018936,0.07355496287345886
-2.040147066116333,-0.6442570090293884,0.21475233137607574,0.07355496287345886
-2.040147066116333,-0.21475233137607574,0.10737616568803787,0.07355496287345886
-2.040147066116333,0.805321216583252,0.053688082844018936,0.07355496287345886
-1.8790829181671143,-0.859009325504303,-0.10737616568803787,0.07355496287345886
-1.8790829181671143,0.912697434425354,-0.4295046627521515,0.07355496287345886
-1.825394868850708,0.3221285045146942,0.053688082844018936,0.07355496287345886
-1.825394868850708,0.9663854837417603,0.21475233137607574,0.07355496287345886
-1.7717067003250122,0.859009325504303,0.3221285045146942,0.07355496287345886
-1.718018651008606,0.859009325504303,-0.4295046627521515,0.07355496287345886
-1.6643306016921997,-0.1610642522573471,0.053688082844018936,0.07355496287345886
-1.5569543838500977,2.845468282699585,0.21475233137607574,0.07355496287345886
-1.5569543838500977,3.006532669067383,0.1610642522573471,0.07355496287345886
-1.4495782852172852,2.684404134750366,0.2684404253959656,0.07355496287345886
-1.342202067375183,2.7380921840667725,0.37581658363342285,0.07355496287345886
-1.2885140180587769,2.254899501800537,0.0,0.07355496287345886
-1.2885140180587769,3.5971014499664307,-0.053688082844018936,0.07355496287345886
-1.1811378002166748,0.5368808507919312,0.21475233137607574,0.07355496287345886
-1.1274497509002686,3.3286612033843994,0.21475233137607574,0.07355496287345886
-1.0737617015838623,0.859009325504303,0.912697434425354,0.07355496287345886
-1.0200735330581665,0.1610642522573471,-0.1610642522573471,0.07355496287345886
-1.0200735330581665,1.3958901166915894,0.053688082844018936,0.07355496287345886
-1.0200735330581665,2.5770280361175537,0.6442570090293884,0.07355496287345886
-1.0200735330581665,2.845468282699585,0.6979450583457947,0.07355496287345886
-0.9663854837417603,-1.234825849533081,0.0,0.07355496287345886
-0.9663854837417603,0.0,-0.10737616568803787,0.07355496287345886
-0.9663854837417603,2.7380921840667725,-0.3221285045146942,0.07355496287345886
-0.912697434425354,-1.234825849533081,0.2684404253959656,0.07355496287345886
-0.912697434425354,2.040147066116333,0.10737616568803787,0.07355496287345886
-0.912697434425354,2.0938353538513184,0.4831927418708801,0.07355496287345886
-0.859009325504303,0.859009325504303,-0.37581658363342285,0.07355496287345886
-0.859009325504303,2.1475234031677246,0.6442570090293884,0.07355496287345886
-0.805321216583252,0.37581658363342285,1.0737617015838623,0.07355496287345886
-0.805321216583252,3.1139087677001953,0.859009325504303,0.07355496287345886
-0.7516331672668457,-1.9864590167999268,0.5905689001083374,0.07355496287345886
-0.7516331672668457,-1.8790829181671143,0.4831927418708801,0.07355496287345886
-0.7516331672668457,-0.10737616568803787,-0.3221285045146942,0.07355496287345886
-0.6979450583457947,-3.3286612033843994,1.6643306016921997,0.07355496287345886
-0.6979450583457947,-0.6979450583457947,0.5905689001083374,0.07355496287345886
-0.6979450583457947,1.0737617015838623,1.0737617015838623,0.07355496287345886
-0.6979450583457947,1.6643306016921997,-0.37581658363342285,0.07355496287345886
-0.6979450583457947,3.060220718383789,0.9663854837417603,0.07355496287345886
-0.6979450583457947,3.221284866333008,0.859009325504303,0.07355496287345886
-0.6979450583457947,3.3823492527008057,-0.2684404253959656,0.07355496287345886
-0.6442570090293884,-3.1675968170166016,1.4495782852172852,0.07355496287345886
-0.6442570090293884,-0.21475233137607574,-0.3221285045146942,0.07355496287345886
-0.6442570090293884,0.37581658363342285,1.1811378002166748,0.07355496287345886
-0.6442570090293884,3.1139087677001953,-0.5368808507919312,0.07355496287345886
-0.5905689001083374,-3.1675968170166016,-0.7516331672668457,0.07355496287345886
-0.5905689001083374,-0.37581658363342285,0.6979450583457947,0.07355496287345886
-0.5905689001083374,3.274973154067993,-0.4831927418708801,0.07355496287345886
-0.5368808507919312,-3.274973154067993,1.8790829181671143,0.07355496287345886
-0.5368808507919312,-3.060220718383789,-1.234825849533081,0.07355496287345886
-0.5368808507919312,-2.8991565704345703,-1.234825849533081,0.07355496287345886
-0.5368808507919312,-1.3958901166915894,0.10737616568803787,0.07355496287345886
-0.5368808507919312,2.201211452484131,1.0200735330581665,0.07355496287345886
-0.4831927418708801,-1.610642433166504,0.2684404253959656,0.07355496287345886
-0.4831927418708801,1.2885140180587769,0.859009325504303,0.07355496287345886
-0.4831927418708801,3.221284866333008,-0.5905689001083374,0.07355496287345886
-0.4295046627521515,-2.3622756004333496,0.5368808507919312,0.07355496287345886
-0.4295046627521515,1.234825849533081,-0.4295046627521515,0.07355496287345886
-0.4295046627521515,3.3823492527008057,-0.4831927418708801,0.07355496287345886
-0.37581658363342285,1.1274497509002686,1.1274497509002686,0.07355496287345886
-0.37581658363342285,2.1475234031677246,1.2885140180587769,0.07355496287345886
-0.3221285045146942,-3.3286612033843994,1.8790829181671143,0.07355496287345886
-0.3221285045146942,-0.4295046627521515,0.805321216583252,0.07355496287345886
-0.3221285045146942,1.9864590167999268,1.2885140180587769,0.07355496287345886
-0.2684404253959656,-2.5770280361175537,0.5368808507919312,0.07355496287345886
-0.2684404253959656,0.9663854837417603,1.234825849533081,0.07355496287345886
-0.2684404253959656,1.234825849533081,-0.4831927418708801,0.07355496287345886
-0.2684404253959656,1.718018651008606,0.7516331672668457,0.07355496287345886
-0.2684404253959656,3.3286612033843994,-0.5905689001083374,0.07355496287345886
-0.2684404253959656,3.436037302017212,-0.4831927418708801,0.07355496287345886
-0.21475233137607574,1.1274497509002686,1.1274497509002686,0.07355496287345886
-0.21475233137607574,2.469651699066162,1.234825849533081,0.07355496287345886
-0.1610642522573471,-3.221284866333008,1.7717067003250122,0.07355496287345886
-0.10737616568803787,-2.684404134750366,-0.5368808507919312,0.07355496287345886
-0.10737616568803787,-2.5233399868011475,-1.0200735330581665,0.07355496287345886
-0.10737616568803787,0.859009325504303,1.2885140180587769,0.07355496287345886
-0.053688082844018936,-3.1139087677001953,-0.3221285045146942,0.07355496287345886
-0.053688082844018936,-2.63071608543396,0.5905689001083374,0.07355496287345886
-0.053688082844018936,1.718018651008606,-0.6979450583457947,0.07355496287345886
0.0,-0.4295046627521515,0.859009325504303,0.07355496287345886
0.053688082844018936,-3.274973154067993,0.5368808507919312,0.07355496287345886
0.053688082844018936,-0.6979450583457947,0.7516331672668457,0.07355496287345886
0.053688082844018936,1.9327709674835205,1.0737617015838623,0.07355496287345886
0.053688082844018936,2.469651699066162,1.234825849533081,0.07355496287345886
0.10737616568803787,-3.274973154067993,0.6979450583457947,0.07355496287345886
0.10737616568803787,-1.4495782852172852,-0.4831927418708801,0.07355496287345886
0.10737616568803787,-1.234825849533081,0.21475233137607574,0.07355496287345886
0.1610642522573471,3.3286612033843994,-0.5905689001083374,0.07355496287345886
0.1610642522573471,3.436037302017212,-0.4831927418708801,0.07355496287345886
0.21475233137607574,-2.9528446197509766,-0.7516331672668457,0.07355496287345886
0.2684404253959656,0.3221285045146942,-0.7516331672668457,0.07355496287345886
0.2684404253959656,2.1475234031677246,1.2885140180587769,0.07355496287345886
0.2684404253959656,3.489725351333618,-0.37581658363342285,0.07355496287345886
0.3221285045146942,3.3286612033843994,-0.5368808507919312,0.07355496287345886
0.37581658363342285,-0.4295046627521515,0.6979450583457947,0.07355496287345886
0.4295046627521515,-0.859009325504303,0.5368808507919312,0.07355496287345886
0.4295046627521515,2.040147066116333,0.912697434425354,0.07355496287345886
0.4295046627521515,3.1675968170166016,-0.5905689001083374,0.07355496287345886
0.4295046627521515,3.436037302017212,-0.37581658363342285,0.07355496287345886
0.4831927418708801,-2.201211452484131,-0.21475233137607574,0.07355496287345886
0.5368808507919312,-2.1475234031677246,-0.4295046627521515,0.07355496287345886
0.5368808507919312,3.006532669067383,-0.5905689001083374,0.07355496287345886
0.5368808507919312,3.221284866333008,0.912697434425354,0.07355496287345886
0.5368808507919312,3.3286612033843994,0.805321216583252,0.07355496287345886
0.5368808507919312,3.436037302017212,0.6979450583457947,0.07355496287345886
0.5905689001083374,-0.21475233137607574,-0.37581658363342285,0.07355496287345886
0.5905689001083374,3.3286612033843994,-0.37581658363342285,0.07355496287345886
0.6442570090293884,-1.8790829181671143,0.10737616568803787,0.07355496287345886
0.6442570090293884,0.0,-0.4295046627521515,0.07355496287345886
0.6442570090293884,1.718018651008606,-0.3221285045146942,0.07355496287345886
0.6442570090293884,2.8991565704345703,-0.5368808507919312,0.07355496287345886
0.6979450583457947,-3.274973154067993,-0.859009325504303,0.07355496287345886
0.6979450583457947,-0.3221285045146942,0.1610642522573471,0.07355496287345886
0.6979450583457947,-0.21475233137607574,-0.10737616568803787,0.07355496287345886
0.6979450583457947,0.21475233137607574,-0.4831927418708801,0.07355496287345886
0.6979450583457947,0.6979450583457947,1.0200735330581665,0.07355496287345886
0.6979450583457947,0.859009325504303,0.9663854837417603,0.07355496287345886
0.7516331672668457,-1.8790829181671143,-0.10737616568803787,0.07355496287345886
0.7516331672668457,-1.610642433166504,-0.2684404253959656,0.07355496287345886
0.7516331672668457,-1.1811378002166748,-0.2684404253959656,0.07355496287345886
0.7516331672668457,0.053688082844018936,-0.3221285045146942,0.07355496287345886
0.805321216583252,0.6442570090293884,0.912697434425354,0.07355496287345886
0.805321216583252,2.5770280361175537,-0.37581658363342285,0.07355496287345886
0.805321216583252,2.5770280361175537,0.805321216583252,0.07355496287345886
0.859009325504303,0.1610642522573471,-0.2684404253959656,0.07355496287345886
0.859009325504303,2.201211452484131,-0.053688082844018936,0.07355496287345886
0.912697434425354,0.10737616568803787,-0.053688082844018936,0.07355496287345886
0.912697434425354,0.5368808507919312,0.7516331672668457,0.07355496287345886
0.9663854837417603,1.2885140180587769,0.0,0.07355496287345886
1.0200735330581665,1.1811378002166748,0.2684404253959656,0.07355496287345886
1.1274497509002686,2.7380921840667725,-0.1610642522573471,0.07355496287345886
1.1274497509002686,3.274973154067993,0.4831927418708801,0.07355496287345886
1.1274497509002686,3.5971014499664307,0.4295046627521515,0.07355496287345886
1.1811378002166748,0.6442570090293884,-0.3221285045146942,0.07355496287345886
1.234825849533081,0.10737616568803787,-1.1811378002166748,0.07355496287345886
1.234825849533081,0.6979450583457947,-0.10737616568803787,0.07355496287345886
1.234825849533081,3.650789737701416,0.053688082844018936,0.07355496287345886
1.2885140180587769,0.2684404253959656,-1.2885140180587769,0.07355496287345886
1.2885140180587769,1.0737617015838623,-1.0200735330581665,0.07355496287345886
1.2885140180587769,3.7581658363342285,0.1610642522573471,0.07355496287345886
1.342202067375183,2.3085875511169434,0.053688082844018936,0.07355496287345886
1.4495782852172852,-0.1610642522573471,-1.2885140180587769,0.07355496287345886
1.4495782852172852,0.2684404253959656,-0.912697434425354,0.07355496287345886
1.5569543838500977,-0.9663854837417603,-0.9663854837417603,0.07355496287345886
1.6643306016921997,0.0,-0.912697434425354,0.07355496287345886
0.805321216583252,-0.053688082844018936,-0.10737616568803787,0.07351088523864746
0.805321216583252,1.0200735330581665,-0.10737616568803787,0.07351088523864746
-0.5905689001083374,-1.2885140180587769,0.805321216583252,0.07339209318161011
-0.805321216583252,-1.234825849533081,0.4295046627521515,0.07339204847812653
0.859009325504303,0.5905689001083374,-0.3221285045146942,0.07326944172382355
0.2684404253959656,-1.1811378002166748,-0.6979450583457947,0.07321423292160034
-0.4295046627521515,-2.5770280361175537,-0.805321216583252,0.07314467430114746
0.1610642522573471,-3.060220718383789,-1.1274497509002686,0.07314461469650269
-0.6442570090293884,2.040147066116333,0.805321216583252,0.07294918596744537
0.5368808507919312,-3.1675968170166016,-0.5905689001083374,0.07284680008888245
-0.9663854837417603,1.1811378002166748,0.7516331672668457,0.07259760797023773
-1.3958901166915894,2.7380921840667725,0.0,0.07259751856327057
0.805321216583252,3.5434134006500244,0.10737616568803787,0.07244685292243958
-1.1274497509002686,0.4831927418708801,0.37581658363342285,0.07217621803283691
-0.912697434425354,0.37581658363342285,0.912697434425354,0.07217621803283691
-0.1610642522573471,1.1274497509002686,-0.5905689001083374,0.07217621803283691
1.0200735330581665,0.37581658363342285,0.2684404253959656,0.07217609882354736
-0.6979450583457947,-0.37581658363342285,0.4295046627521515,0.0717281848192215
0.10737616568803787,-1.0200735330581665,0.3221285045146942,0.0716644823551178
-0.6979450583457947,1.1274497509002686,-0.37581658363342285,0.07166363298892975
-0.859009325504303,2.845468282699585,-0.4295046627521515,0.07165110111236572
0.5905689001083374,1.0737617015838623,-0.859009325504303,0.07163846492767334
0.859009325504303,3.060220718383789,0.805321216583252,0.07141195237636566
1.5569543838500977,0.37581658363342285,-1.342202067375183,0.07132723927497864
1.8790829181671143,-0.6442570090293884,-0.9663854837417603,0.07127058506011963
-0.2684404253959656,-0.5905689001083374,0.4295046627521515,0.07116332650184631
0.4295046627521515,-3.1139087677001953,-0.7516331672668457,0.07116328179836273
0.912697434425354,1.0200735330581665,-1.0737617015838623,0.07102487981319427
0.6979450583457947,1.3958901166915894,-0.6442570090293884,0.07097360491752625
0.6442570090293884,-0.3221285045146942,0.4295046627521515,0.07083988189697266
0.0,-0.6979450583457947,-0.6442570090293884,0.07060080766677856
-0.4831927418708801,1.3958901166915894,-0.21475233137607574,0.07042869925498962
-0.7516331672668457,2.040147066116333,0.6442570090293884,0.07026958465576172
0.3221285045146942,2.7917802333831787,1.1811378002166748,0.07026946544647217
0.37581658363342285,-2.3085875511169434,-0.6442570090293884,0.07000088691711426
0.9663854837417603,3.1675968170166016,-0.21475233137607574,0.07000072300434113
-0.5368808507919312,-2.7380921840667725,-1.1274497509002686,0.06990125775337219
-0.6442570090293884,-2.9528446197509766,-1.0200735330581665,0.06990119814872742
-0.4295046627521515,-2.7380921840667725,-1.234825849533081,0.06990116834640503
0.053688082844018936,1.5569543838500977,0.37581658363342285,0.06977592408657074
-0.3221285045146942,-2.8991565704345703,1.1811378002166748,0.069721519947052
0.37581658363342285,1.3958901166915894,0.6442570090293884,0.06950175762176514
0.6442570090293884,1.1811378002166748,0.6979450583457947,0.06950175762176514
-1.5032663345336914,-0.4295046627521515,0.1610642522573471,0.06947848200798035
-1.7717067003250122,1.1274497509002686,-0.053688082844018936,0.06931446492671967
-0.7516331672668457,1.9327709674835205,-0.21475233137607574,0.06931443512439728
0.6979450583457947,-0.5905689001083374,-0.053688082844018936,0.06931442022323608
1.825394868850708,-0.805321216583252,-0.6442570090293884,0.0693143755197525
-2.040147066116333,0.912697434425354,-0.10737616568803787,0.06931434571743011
-1.0737617015838623,1.234825849533081,0.5368808507919312,0.0691712349653244
-0.21475233137607574,1.6643306016921997,0.053688082844018936,0.06906934082508087
1.0737617015838623,3.3823492527008057,0.1610642522573471,0.06903627514839172
-0.21475233137607574,-2.9528446197509766,1.2885140180587769,0.06890584528446198
0.7516331672668457,2.845468282699585,-0.4295046627521515,0.06890387833118439
-0.805321216583252,3.006532669067383,-0.4295046627521515,0.06888604164123535
0.6979450583457947,2.040147066116333,0.5368808507919312,0.06888604164123535
1.342202067375183,1.0200735330581665,-0.3221285045146942,0.06872439384460449
-1.0737617015838623,0.805321216583252,0.37581658363342285,0.06816220283508301
0.0,-0.1610642522573471,-0.5905689001083374,0.06816208362579346
0.4295046627521515,-0.37581658363342285,-0.1610642522573471,0.06816208362579346
0.9663854837417603,0.37581658363342285,0.5905689001083374,0.06816208362579346
-0.805321216583252,0.3221285045146942,-0.4831927418708801,0.0681619644165039
1.0737617015838623,3.5971014499664307,0.2684404253959656,0.06800630688667297
0.1610642522573471,-0.5905689001083374,0.21475233137607574,0.06797480583190918
0.5905689001083374,-0.4831927418708801,-0.3221285045146942,0.06797480583190918
-0.912697434425354,-0.10737616568803787,0.0,0.06782755255699158
-1.718018651008606,0.5905689001083374,0.10737616568803787,0.06709259748458862
-1.9864590167999268,0.37581658363342285,0.053688082844018936,0.06709256768226624
-0.6979450583457947,-0.9663854837417603,0.5905689001083374,0.06703877449035645
-0.10737616568803787,-0.9663854837417603,0.21475233137607574,0.06703877449035645
0.21475233137607574,-1.4495782852172852,0.2684404253959656,0.0670328140258789
-0.859009325504303,1.0737617015838623,0.6979450583457947,0.06697455048561096
-0.1610642522573471,-1.5032663345336914,0.37581658363342285,0.06697450578212738
1.0200735330581665,0.5368808507919312,-0.37581658363342285,0.06685183942317963
-0.37581658363342285,0.37581658363342285,1.2885140180587769,0.06683965027332306
0.5368808507919312,1.8790829181671143,-0.4295046627521515,0.06683963537216187
1.1811378002166748,0.6979450583457947,0.10737616568803787,0.06680038571357727
-0.4295046627521515,-0.4295046627521515,-0.1610642522573471,0.06663939356803894
-0.5905689001083374,-3.1139087677001953,-1.0737617015838623,0.06663379073143005
-0.37581658363342285,-3.1139087677001953,-1.2885140180587769,0.06663379073143005
-0.053688082844018936,-2.7917802333831787,1.0737617015838623,0.06647822260856628
0.3221285045146942,-1.8790829181671143,-0.6442570090293884,0.06647816300392151
-0.805321216583252,1.9864590167999268,0.37581658363342285,0.06611359119415283
0.7516331672668457,2.3085875511169434,0.7516331672668457,0.06611359119415283
-0.5368808507919312,1.7717067003250122,-0.4831927418708801,0.06579062342643738
-0.10737616568803787,1.342202067375183,-0.37581658363342285,0.06579062342643738
-0.5905689001083374,1.8790829181671143,0.5905689001083374,0.06572428345680237
0.9663854837417603,0.6979450583457947,-0.9663854837417603,0.06561437249183655
1.342202067375183,0.6979450583457947,-0.5905689001083374,0.06561437249183655
0.912697434425354,0.805321216583252,-0.1610642522573471,0.06561431288719177
-2.1475234031677246,0.1610642522573471,-0.37581658363342285,0.06555648148059845
-1.1811378002166748,3.1675968170166016,0.4831927418708801,0.06551077961921692
0.0,-1.9864590167999268,0.6979450583457947,0.06548094749450684
0.0,-3.274973154067993,-0.6979450583457947,0.0653834193944931
0.21475233137607574,-2.5770280361175537,-0.7516331672668457,0.06535926461219788
0.5368808507919312,-3.274973154067993,-0.9663854837417603,0.06523409485816956
-0.1610642522573471,-1.0200735330581665,0.37581658363342285,0.06516781449317932
-0.4831927418708801,-2.9528446197509766,1.1811378002166748,0.06511892378330231
1.5032663345336914,-0.6979450583457947,-0.5368808507919312,0.06474567949771881
0.7516331672668457,2.040147066116333,0.10737616568803787,0.06472468376159668
-0.912697434425354,2.3622756004333496,-0.2684404253959656,0.06472456455230713
-0.912697434425354,2.3622756004333496,0.6979450583457947,0.06472456455230713
-0.6979450583457947,3.489725351333618,0.3221285045146942,0.06472456455230713
0.4295046627521515,3.5434134006500244,0.5368808507919312,0.06472456455230713
-0.3221285045146942,-2.415963649749756,-0.7516331672668457,0.06471885740756989
1.1274497509002686,3.1139087677001953,0.5368808507919312,0.06465256214141846
0.10737616568803787,-3.1139087677001953,-0.2684404253959656,0.06441916525363922
-1.1811378002166748,2.9528446197509766,0.5368808507919312,0.06441915035247803
-0.053688082844018936,-2.201211452484131,-0.21475233137607574,0.06441904604434967
0.10737616568803787,1.9327709674835205,-0.4831927418708801,0.06441904604434967
0.2684404253959656,-2.201211452484131,-0.10737616568803787,0.06441904604434967
-1.9864590167999268,-0.805321216583252,0.053688082844018936,0.06441903114318848
1.4495782852172852,1.0200735330581665,-1.0200735330581665,0.06441903114318848
-1.4495782852172852,-0.7516331672668457,0.053688082844018936,0.06435313820838928
-1.1274497509002686,3.5434134006500244,0.3221285045146942,0.06429368257522583
-0.5368808507919312,-2.415963649749756,0.859009325504303,0.06417551636695862
-0.37581658363342285,-2.254899501800537,1.0737617015838623,0.06417551636695862
-0.4831927418708801,-2.469651699066162,0.9663854837417603,0.06417548656463623
-0.9663854837417603,1.0200735330581665,0.10737616568803787,0.0641329288482666
-0.7516331672668457,1.2885140180587769,0.1610642522573471,0.0641329288482666
0.5368808507919312,0.9663854837417603,1.0200735330581665,0.0641329288482666
0.0,-0.4295046627521515,-0.3221285045146942,0.06394511461257935
-1.5032663345336914,1.0737617015838623,-0.2684404253959656,0.06389954686164856
-1.342202067375183,1.1811378002166748,0.4295046627521515,0.06389948725700378
1.1274497509002686,2.3085875511169434,0.2684404253959656,0.06352280080318451
-0.1610642522573471,-0.7516331672668457,0.6979450583457947,0.0634942352771759
-0.4831927418708801,1.3958901166915894,0.7516331672668457,0.06349422037601471
-0.1610642522573471,-0.5368808507919312,0.5905689001083374,0.06349422037601471
0.053688082844018936,-3.060220718383789,1.0737617015838623,0.06348229944705963
1.2885140180587769,0.053688082844018936,-0.9663854837417603,0.06346622109413147
-0.4295046627521515,-2.5770280361175537,-0.9663854837417603,0.06334197521209717
-0.912697434425354,3.060220718383789,0.7516331672668457,0.06284484267234802
-1.0737617015838623,0.4831927418708801,0.5905689001083374,0.06278657913208008
-0.4831927418708801,0.3221285045146942,1.234825849533081,0.06278645992279053
-0.4295046627521515,-2.0938353538513184,1.0200735330581665,0.06275559961795807
0.6979450583457947,1.1811378002166748,-0.912697434425354,0.06269965320825577
-1.6643306016921997,-0.1610642522573471,-0.10737616568803787,0.0626869797706604
1.4495782852172852,-0.3221285045146942,-0.6442570090293884,0.06268692016601562
0.1610642522573471,-0.5368808507919312,-0.5905689001083374,0.06268471479415894
-0.859009325504303,1.4495782852172852,0.3221285045146942,0.06267929077148438
0.37581658363342285,-0.10737616568803787,-0.5905689001083374,0.0624520480632782
-0.9663854837417603,1.1274497509002686,0.4831927418708801,0.06244991719722748
-0.6442570090293884,-1.718018651008606,0.37581658363342285,0.06237092614173889
-0.053688082844018936,-1.9327709674835205,-0.5905689001083374,0.06224893033504486
-1.610642433166504,-0.6442570090293884,0.4295046627521515,0.06217125058174133
-0.6979450583457947,2.040147066116333,-0.3221285045146942,0.06200706958770752
-0.6442570090293884,2.201211452484131,0.912697434425354,0.06194102764129639
-0.5368808507919312,3.3823492527008057,-0.37581658363342285,0.06194102764129639
0.6442570090293884,2.201211452484131,0.805321216583252,0.06194102764129639
-0.7516331672668457,2.201211452484131,0.805321216583252,0.061940908432006836
-0.805321216583252,1.3958901166915894,-0.2684404253959656,0.06182315945625305
0.7516331672668457,-1.4495782852172852,0.10737616568803787,0.06180138885974884
0.6979450583457947,0.37581658363342285,-0.5905689001083374,0.06168369948863983
-0.805321216583252,0.5905689001083374,-0.4831927418708801,0.06143844127655029
1.0737617015838623,2.63071608543396,0.5368808507919312,0.061396822333335876
-0.912697434425354,2.1475234031677246,0.0,0.06139668822288513
-1.0200735330581665,2.3622756004333496,0.0,0.061396628618240356
0.7516331672668457,1.3958901166915894,0.2684404253959656,0.061359748244285583
0.6442570090293884,1.342202067375183,0.21475233137607574,0.06135973334312439
0.10737616568803787,-0.053688082844018936,-0.6442570090293884,0.06119704246520996
-1.0737617015838623,2.7917802333831787,0.37581658363342285,0.06094050407409668
-2.3085875511169434,0.1610642522573471,-0.10737616568803787,0.06088092178106308
-2.1475234031677246,-0.3221285045146942,0.0,0.06088092178106308
-2.040147066116333,-0.2684404253959656,-0.2684404253959656,0.06088092178106308
-2.040147066116333,0.10737616568803787,-0.4295046627521515,0.06088092178106308
-2.040147066116333,0.6442570090293884,0.10737616568803787,0.06088092178106308
-1.8790829181671143,0.21475233137607574,-0.4295046627521515,0.06088092178106308
-1.7717067003250122,-0.7516331672668457,-0.3221285045146942,0.06088092178106308
-1.718018651008606,0.2684404253959656,-0.1610642522573471,0.06088092178106308
-1.6643306016921997,-0.9663854837417603,0.0,0.06088092178106308
-1.6643306016921997,1.1811378002166748,-0.10737616568803787,0.06088092178106308
-1.234825849533081,1.234825849533081,-0.1610642522573471,0.06088092178106308
-1.234825849533081,1.2885140180587769,0.2684404253959656,0.06088092178106308
-1.1811378002166748,3.006532669067383,-0.10737616568803787,0.06088092178106308
-1.1274497509002686,3.5971014499664307,-0.053688082844018936,0.06088092178106308
-1.0737617015838623,0.2684404253959656,-0.053688082844018936,0.06088092178106308
-1.0200735330581665,0.10737616568803787,0.0,0.06088092178106308
-1.0200735330581665,0.4295046627521515,0.7516331672668457,0.06088092178106308
-0.9663854837417603,-0.053688082844018936,0.10737616568803787,0.06088092178106308
-0.859009325504303,-0.4831927418708801,-0.10737616568803787,0.06088092178106308
-0.859009325504303,2.9528446197509766,1.0200735330581665,0.06088092178106308
-0.859009325504303,3.5434134006500244,0.0,0.06088092178106308
-0.805321216583252,-1.8790829181671143,0.6979450583457947,0.06088092178106308
-0.805321216583252,-1.5569543838500977,0.6979450583457947,0.06088092178106308
-0.805321216583252,0.10737616568803787,-0.4295046627521515,0.06088092178106308
-0.7516331672668457,-3.3286612033843994,1.825394868850708,0.06088092178106308
-0.7516331672668457,-1.9864590167999268,0.7516331672668457,0.06088092178106308
-0.7516331672668457,-1.4495782852172852,0.7516331672668457,0.06088092178106308
-0.7516331672668457,1.4495782852172852,0.5368808507919312,0.06088092178106308
-0.6979450583457947,-3.436037302017212,1.5032663345336914,0.06088092178106308
-0.6979450583457947,-3.1675968170166016,0.7516331672668457,0.06088092178106308
-0.6979450583457947,-2.0938353538513184,0.805321216583252,0.06088092178106308
-0.6442570090293884,3.5434134006500244,0.053688082844018936,0.06088092178106308
-0.6442570090293884,3.5434134006500244,0.21475233137607574,0.06088092178106308
-0.5905689001083374,-3.436037302017212,1.342202067375183,0.06088092178106308
-0.5905689001083374,-3.060220718383789,0.4295046627521515,0.06088092178106308
-0.5905689001083374,-3.006532669067383,1.0737617015838623,0.06088092178106308
-0.5905689001083374,-2.7917802333831787,0.5368808507919312,0.06088092178106308
-0.5905689001083374,-2.7380921840667725,-0.9663854837417603,0.06088092178106308
-0.5905689001083374,-2.684404134750366,0.6979450583457947,0.06088092178106308
-0.5905689001083374,-0.7516331672668457,0.6979450583457947,0.06088092178106308
-0.5368808507919312,-3.060220718383789,1.3958901166915894,0.06088092178106308
-0.5368808507919312,-0.912697434425354,-0.4295046627521515,0.06088092178106308
-0.5368808507919312,1.5032663345336914,0.805321216583252,0.06088092178106308
-0.5368808507919312,2.845468282699585,1.1274497509002686,0.06088092178106308
-0.5368808507919312,3.006532669067383,-0.6442570090293884,0.06088092178106308
-0.5368808507919312,3.5434134006500244,0.5368808507919312,0.06088092178106308
-0.4831927418708801,-3.3286612033843994,0.4831927418708801,0.06088092178106308
-0.4831927418708801,-3.3286612033843994,0.9663854837417603,0.06088092178106308
-0.4831927418708801,-3.1139087677001953,0.37581658363342285,0.06088092178106308
-0.4831927418708801,-2.0938353538513184,0.4831927418708801,0.06088092178106308
-0.4295046627521515,-3.006532669067383,-1.342202067375183,0.06088092178106308
-0.4295046627521515,-1.0737617015838623,0.6979450583457947,0.06088092178106308
-0.4295046627521515,1.9327709674835205,0.859009325504303,0.06088092178106308
-0.37581658363342285,-2.469651699066162,1.0737617015838623,0.06088092178106308
-0.37581658363342285,-0.2684404253959656,-0.4295046627521515,0.06088092178106308
-0.37581658363342285,1.234825849533081,0.9663854837417603,0.06088092178106308
-0.37581658363342285,3.060220718383789,-0.6979450583457947,0.06088092178106308
-0.3221285045146942,0.4831927418708801,1.342202067375183,0.06088092178106308
-0.3221285045146942,0.6442570090293884,1.342202067375183,0.06088092178106308
-0.2684404253959656,-3.060220718383789,-1.342202067375183,0.06088092178106308
-0.2684404253959656,-2.7380921840667725,1.1274497509002686,0.06088092178106308
-0.2684404253959656,-2.0938353538513184,0.4831927418708801,0.06088092178106308
-0.2684404253959656,1.8790829181671143,1.1811378002166748,0.06088092178106308
-0.21475233137607574,-3.3286612033843994,-0.6442570090293884,0.06088092178106308
-0.21475233137607574,-3.006532669067383,1.4495782852172852,0.06088092178106308
-0.21475233137607574,-1.9327709674835205,1.1274497509002686,0.06088092178106308
-0.21475233137607574,3.1675968170166016,-0.6979450583457947,0.06088092178106308
-0.1610642522573471,-3.3286612033843994,1.0737617015838623,0.06088092178106308
-0.1610642522573471,-3.1675968170166016,-1.342202067375183,0.06088092178106308
-0.1610642522573471,-0.4295046627521515,0.859009325504303,0.06088092178106308
-0.1610642522573471,0.4831927418708801,1.342202067375183,0.06088092178106308
-0.1610642522573471,0.6442570090293884,1.342202067375183,0.06088092178106308
-0.1610642522573471,1.3958901166915894,0.859009325504303,0.06088092178106308
-0.10737616568803787,-3.3286612033843994,-0.3221285045146942,0.06088092178106308
-0.10737616568803787,-2.3622756004333496,-0.9663854837417603,0.06088092178106308
-0.10737616568803787,-2.201211452484131,1.0737617015838623,0.06088092178106308
-0.10737616568803787,-2.1475234031677246,-0.912697434425354,0.06088092178106308
-0.10737616568803787,1.8790829181671143,1.1274497509002686,0.06088092178106308
-0.10737616568803787,3.274973154067993,-0.6442570090293884,0.06088092178106308
-0.10737616568803787,3.436037302017212,-0.5368808507919312,0.06088092178106308
-0.053688082844018936,-3.3286612033843994,1.7717067003250122,0.06088092178106308
-0.053688082844018936,-1.3958901166915894,0.6442570090293884,0.06088092178106308
-0.053688082844018936,-0.9663854837417603,-0.6979450583457947,0.06088092178106308
-0.053688082844018936,-0.9663854837417603,0.6442570090293884,0.06088092178106308
-0.053688082844018936,-0.805321216583252,0.7516331672668457,0.06088092178106308
0.0,-3.3286612033843994,-0.9663854837417603,0.06088092178106308
0.0,-3.3286612033843994,-0.4295046627521515,0.06088092178106308
0.0,-2.684404134750366,0.912697434425354,0.06088092178106308
0.0,-2.63071608543396,0.7516331672668457,0.06088092178106308
0.0,-1.8790829181671143,0.9663854837417603,0.06088092178106308
0.0,-1.342202067375183,0.053688082844018936,0.06088092178106308
0.0,1.4495782852172852,0.859009325504303,0.06088092178106308
0.0,3.1675968170166016,-0.6979450583457947,0.06088092178106308
0.0,3.3823492527008057,-0.5905689001083374,0.06088092178106308
0.053688082844018936,-3.3286612033843994,0.859009325504303,0.06088092178106308
0.053688082844018936,-1.9327709674835205,0.805321216583252,0.06088092178106308
0.053688082844018936,0.805321216583252,1.2885140180587769,0.06088092178106308
0.053688082844018936,1.8790829181671143,1.234825849533081,0.06088092178106308
0.10737616568803787,-3.3286612033843994,1.4495782852172852,0.06088092178106308
0.10737616568803787,-3.1139087677001953,0.9663854837417603,0.06088092178106308
0.10737616568803787,-0.912697434425354,-0.7516331672668457,0.06088092178106308
0.10737616568803787,0.1610642522573471,-0.7516331672668457,0.06088092178106308
0.10737616568803787,0.4295046627521515,-0.805321216583252,0.06088092178106308
0.10737616568803787,0.805321216583252,-0.7516331672668457,0.06088092178106308
0.10737616568803787,0.912697434425354,1.234825849533081,0.06088092178106308
0.1610642522573471,-2.7380921840667725,-0.859009325504303,0.06088092178106308
0.1610642522573471,-0.805321216583252,0.6979450583457947,0.06088092178106308
0.1610642522573471,1.718018651008606,0.6979450583457947,0.06088092178106308
0.21475233137607574,-1.0200735330581665,-0.7516331672668457,0.06088092178106308
0.21475233137607574,0.5368808507919312,-0.805321216583252,0.06088092178106308
0.21475233137607574,1.8790829181671143,-0.7516331672668457,0.06088092178106308
0.2684404253959656,-1.9864590167999268,-0.6979450583457947,0.06088092178106308
0.2684404253959656,1.2885140180587769,-0.805321216583252,0.06088092178106308
0.2684404253959656,3.060220718383789,-0.6979450583457947,0.06088092178106308
0.3221285045146942,-3.3286612033843994,-0.7516331672668457,0.06088092178106308
0.3221285045146942,-0.859009325504303,-0.7516331672668457,0.06088092178106308
0.3221285045146942,1.9327709674835205,-0.6979450583457947,0.06088092178106308
0.37581658363342285,-2.415963649749756,-0.5368808507919312,0.06088092178106308
0.37581658363342285,-1.2885140180587769,-0.5905689001083374,0.06088092178106308
0.37581658363342285,2.9528446197509766,-0.6979450583457947,0.06088092178106308
0.4295046627521515,-1.1811378002166748,0.37581658363342285,0.06088092178106308
0.4295046627521515,0.053688082844018936,-0.6442570090293884,0.06088092178106308
0.4295046627521515,1.9327709674835205,-0.5905689001083374,0.06088092178106308
0.4295046627521515,2.7917802333831787,-0.6979450583457947,0.06088092178106308
0.4295046627521515,3.5971014499664307,0.10737616568803787,0.06088092178106308
0.4295046627521515,3.5971014499664307,0.2684404253959656,0.06088092178106308
0.4831927418708801,-3.3286612033843994,-0.5905689001083374,0.06088092178106308
0.4831927418708801,1.1811378002166748,-0.912697434425354,0.06088092178106308
0.4831927418708801,3.5971014499664307,0.4295046627521515,0.06088092178106308
0.5368808507919312,-0.912697434425354,0.4295046627521515,0.06088092178106308
0.5368808507919312,2.845468282699585,-0.6442570090293884,0.06088092178106308
0.5905689001083374,-3.274973154067993,-0.2684404253959656,0.06088092178106308
0.5905689001083374,0.912697434425354,-0.859009325504303,0.06088092178106308
0.5905689001083374,1.5032663345336914,0.5368808507919312,0.06088092178106308
0.6442570090293884,1.8790829181671143,0.21475233137607574,0.06088092178106308
0.6979450583457947,-0.805321216583252,0.10737616568803787,0.06088092178106308
0.6979450583457947,-0.5905689001083374,-0.3221285045146942,0.06088092178106308
0.6979450583457947,1.9864590167999268,0.37581658363342285,0.06088092178106308
0.7516331672668457,-0.7516331672668457,0.0,0.06088092178106308
0.7516331672668457,-0.6442570090293884,-0.21475233137607574,0.06088092178106308
0.7516331672668457,-0.21475233137607574,0.053688082844018936,0.06088092178106308
0.7516331672668457,1.718018651008606,0.2684404253959656,0.06088092178106308
0.805321216583252,-1.1811378002166748,-0.10737616568803787,0.06088092178106308
0.805321216583252,0.912697434425354,0.859009325504303,0.06088092178106308
0.859009325504303,-1.5569543838500977,0.0,0.06088092178106308
0.912697434425354,0.053688082844018936,0.10737616568803787,0.06088092178106308
0.912697434425354,1.234825849533081,0.37581658363342285,0.06088092178106308
0.9663854837417603,0.1610642522573471,0.1610642522573471,0.06088092178106308
0.9663854837417603,1.342202067375183,-0.3221285045146942,0.06088092178106308
1.0737617015838623,2.469651699066162,-0.1610642522573471,0.06088092178106308
1.1274497509002686,0.4831927418708801,0.3221285045146942,0.06088092178106308
1.1274497509002686,0.859009325504303,0.4831927418708801,0.06088092178106308
1.1811378002166748,0.5905689001083374,-0.7516331672668457,0.06088092178106308
1.234825849533081,3.489725351333618,-0.053688082844018936,0.06088092178106308
1.2885140180587769,0.6442570090293884,-0.6979450583457947,0.06088092178106308
1.3958901166915894,0.912697434425354,-0.37581658363342285,0.06088092178106308
1.4495782852172852,0.9663854837417603,-0.5905689001083374,0.06088092178106308
1.6643306016921997,0.37581658363342285,-1.234825849533081,0.06088092178106308
1.6643306016921997,0.37581658363342285,-1.0737617015838623,0.06088092178106308
1.7717067003250122,-0.053688082844018936,-1.0200735330581665,0.06088092178106308
1.7717067003250122,0.10737616568803787,-0.9663854837417603,0.06088092178106308
2.040147066116333,-0.5368808507919312,-0.859009325504303,0.06088092178106308
-0.10737616568803787,-3.436037302017212,1.6643306016921997,0.060848087072372437
-0.4831927418708801,1.718018651008606,0.2684404253959656,0.06078168749809265
-0.37581658363342285,1.825394868850708,0.6979450583457947,0.06078168749809265
-0.4831927418708801,1.5032663345336914,0.2684404253959656,0.060781627893447876
0.0,3.489725351333618,-0.4295046627521515,0.0605463981628418
0.37581658363342285,3.489725351333618,0.6979450583457947,0.0605463981628418
0.4295046627521515,3.489725351333618,-0.21475233137607574,0.0605463981628418
0.5905689001083374,2.7380921840667725,-0.5905689001083374,0.0605463981628418
0.7516331672668457,2.7380921840667725,0.859009325504303,0.0605463981628418
-1.1274497509002686,1.0200735330581665,-0.21475233137607574,0.06052127480506897
1.4495782852172852,0.5905689001083374,-1.5032663345336914,0.060516357421875
-1.7717067003250122,-0.1610642522573471,-0.21475233137607574,0.060486406087875366
0.9663854837417603,1.1274497509002686,-1.0200735330581665,0.06048358976840973
-1.0737617015838623,0.6979450583457947,-0.053688082844018936,0.06047642230987549
0.0,1.8790829181671143,-0.4295046627521515,0.060382455587387085
1.342202067375183,2.845468282699585,0.3221285045146942,0.0602092444896698
1.4495782852172852,0.3221285045146942,-1.3958901166915894,0.06018109619617462
-0.7516331672668457,0.4295046627521515,-0.5368808507919312,0.0600886344909668
0.7516331672668457,-0.21475233137607574,0.3221285045146942,0.0600886344909668
0.7516331672668457,0.4295046627521515,0.9663854837417603,0.0600886344909668
-0.859009325504303,-0.21475233137607574,0.21475233137607574,0.060088515281677246
-0.6442570090293884,-2.9528446197509766,-0.859009325504303,0.06002509593963623
0.21475233137607574,-2.9528446197509766,-0.9663854837417603,0.06002509593963623
-0.10737616568803787,-1.1274497509002686,-0.5368808507919312,0.06002020835876465
0.053688082844018936,-0.805321216583252,-0.6979450583457947,0.06002020835876465
0.1610642522573471,-0.6979450583457947,-0.6979450583457947,0.06002020835876465
0.6442570090293884,-1.234825849533081,-0.4295046627521515,0.06002014875411987
-0.4831927418708801,-2.7380921840667725,0.4831927418708801,0.05991894006729126
0.053688082844018936,-1.5569543838500977,0.053688082844018936,0.05991891026496887
0.859009325504303,1.1811378002166748,0.5368808507919312,0.05989557504653931
-0.805321216583252,1.1811378002166748,-0.3221285045146942,0.05984474718570709
0.4295046627521515,3.006532669067383,1.0737617015838623,0.05969245731830597
-0.9663854837417603,0.3221285045146942,0.805321216583252,0.0593322217464447
-0.859009325504303,0.2684404253959656,0.9663854837417603,0.05933217704296112
1.3958901166915894,1.0737617015838623,-0.6979450583457947,0.05933046340942383
-0.4831927418708801,1.8790829181671143,0.6979450583457947,0.059268489480018616
0.10737616568803787,-3.221284866333008,0.859009325504303,0.05916943401098251
-1.234825849533081,1.2885140180587769,-0.053688082844018936,0.05916932225227356
-0.6442570090293884,-3.060220718383789,0.5368808507919312,0.05916931480169296
0.37581658363342285,1.2885140180587769,-0.859009325504303,0.059169284999370575
0.4831927418708801,0.1610642522573471,-0.6442570090293884,0.059169284999370575
0.2684404253959656,0.6442570090293884,-0.805321216583252,0.05916927754878998
0.1610642522573471,1.8790829181671143,1.1811378002166748,0.05916927009820938
0.6979450583457947,-0.5368808507919312,-0.21475233137607574,0.05916927009820938
-0.10737616568803787,1.5032663345336914,0.859009325504303,0.059169262647628784
0.053688082844018936,-1.0200735330581665,-0.6979450583457947,0.059169262647628784
0.7516331672668457,-0.6979450583457947,-0.10737616568803787,0.059169262647628784
-0.6979450583457947,-3.1139087677001953,0.6442570090293884,0.05916925519704819
-0.053688082844018936,-0.859009325504303,-0.6442570090293884,0.05916925519704819
0.6442570090293884,-0.5905689001083374,-0.4295046627521515,0.05916925519704819
1.9327709674835205,-0.5368808507919312,-0.912697434425354,0.059169232845306396
-0.1610642522573471,1.8790829181671143,1.234825849533081,0.0591692253947258
-1.234825849533081,1.1274497509002686,-0.21475233137607574,0.0591692179441452
-0.3221285045146942,-2.9528446197509766,-1.342202067375183,0.0591692179441452
0.2684404253959656,3.1675968170166016,-0.6442570090293884,0.05916920304298401
-0.5368808507919312,2.040147066116333,-0.4295046627521515,0.059149980545043945
-0.2684404253959656,1.7717067003250122,-0.21475233137607574,0.059149980545043945
0.053688082844018936,1.9327709674835205,0.912697434425354,0.059149980545043945
0.37581658363342285,2.8991565704345703,1.1274497509002686,0.059149980545043945
0.4831927418708801,1.9864590167999268,0.7516331672668457,0.059149980545043945
0.5905689001083374,2.040147066116333,0.6979450583457947,0.059149980545043945
0.6442570090293884,1.9327709674835205,0.10737616568803787,0.059149980545043945
0.6442570090293884,2.7917802333831787,0.9663854837417603,0.059149980545043945
-0.859009325504303,2.684404134750366,-0.4295046627521515,0.059149861335754395
-0.5905689001083374,3.3823492527008057,0.7516331672668457,0.059149861335754395
-0.4831927418708801,3.5971014499664307,0.4295046627521515,0.059149861335754395
0.1610642522573471,3.1139087677001953,-0.6979450583457947,0.059149861335754395
0.3221285045146942,2.254899501800537,1.0737617015838623,0.059149861335754395
0.3221285045146942,3.5434134006500244,-0.21475233137607574,0.059149861335754395
0.37581658363342285,1.825394868850708,-0.1610642522573471,0.059149861335754395
0.805321216583252,3.1139087677001953,-0.1610642522573471,0.059149861335754395
-0.6442570090293884,-0.859009325504303,0.6442570090293884,0.05909106135368347
-0.4831927418708801,-1.0737617015838623,0.5905689001083374,0.05909106135368347
-0.6442570090293884,-3.1139087677001953,0.9663854837417603,0.05906236171722412
-0.053688082844018936,1.4495782852172852,-0.2684404253959656,0.05900830030441284
0.5905689001083374,1.4495782852172852,-0.2684404253959656,0.059008270502090454
0.10737616568803787,0.053688082844018936,-0.6979450583457947,0.0588531419634819
0.3221285045146942,-0.4831927418708801,-0.5368808507919312,0.058848246932029724
1.234825849533081,0.7516331672668457,0.21475233137607574,0.058848172426223755
-0.7516331672668457,1.1274497509002686,0.7516331672668457,0.05873703956604004
-0.6979450583457947,0.0,-0.4295046627521515,0.05873703956604004
-0.5368808507919312,1.1274497509002686,-0.4295046627521515,0.05873703956604004
-2.0938353538513184,-0.2684404253959656,-0.1610642522573471,0.058707356452941895
0.4831927418708801,-3.060220718383789,-0.6442570090293884,0.058661580085754395
-0.859009325504303,3.3286612033843994,0.21475233137607574,0.058504000306129456
-1.1811378002166748,3.274973154067993,0.37581658363342285,0.05850397050380707
1.4495782852172852,2.684404134750366,0.21475233137607574,0.05848135054111481
1.5032663345336914,2.5233399868011475,0.10737616568803787,0.058481261134147644
-0.2684404253959656,-0.912697434425354,0.4831927418708801,0.058429211378097534
-0.6979450583457947,-1.342202067375183,0.053688082844018936,0.058429181575775146
-1.0737617015838623,0.6979450583457947,0.859009325504303,0.058251574635505676
-0.859009325504303,-1.342202067375183,0.4831927418708801,0.05811642110347748
-1.7717067003250122,-0.805321216583252,0.37581658363342285,0.058111533522605896
0.6442570090293884,1.2885140180587769,0.053688082844018936,0.05809004604816437
-0.3221285045146942,3.221284866333008,-0.6442570090293884,0.057953596115112305
0.10737616568803787,-3.1675968170166016,0.5905689001083374,0.05795356631278992
-2.0938353538513184,-0.6979450583457947,0.10737616568803787,0.057953521609306335
-0.4295046627521515,2.254899501800537,1.0737617015838623,0.05795349180698395
0.5905689001083374,0.7516331672668457,1.0737617015838623,0.05795349180698395
-0.053688082844018936,0.9663854837417603,1.234825849533081,0.057953476905822754
1.2885140180587769,0.6979450583457947,-0.37581658363342285,0.057953476905822754
1.2885140180587769,0.805321216583252,-0.053688082844018936,0.057953476905822754
0.6442570090293884,0.5905689001083374,1.0737617015838623,0.05795346200466156
0.859009325504303,0.0,0.0,0.05795346200466156
0.859009325504303,0.053688082844018936,-0.1610642522573471,0.05795346200466156
1.1811378002166748,1.1274497509002686,-0.9663854837417603,0.05795346200466156
1.2885140180587769,0.0,-1.234825849533081,0.05795346200466156
-1.1274497509002686,0.4295046627521515,0.1610642522573471,0.057953447103500366
0.053688082844018936,1.7717067003250122,-0.7516331672668457,0.057953447103500366
0.053688082844018936,3.274973154067993,-0.6442570090293884,0.057953447103500366
-2.201211452484131,0.4295046627521515,-0.1610642522573471,0.05795343220233917
-0.805321216583252,0.0,-0.37581658363342285,0.05795343220233917
-0.4831927418708801,-3.221284866333008,-0.6979450583457947,0.05795343220233917
-0.1610642522573471,3.489725351333618,-0.4295046627521515,0.05795343220233917
0.1610642522573471,3.5434134006500244,-0.3221285045146942,0.05795343220233917
0.859009325504303,2.5233399868011475,-0.2684404253959656,0.05795343220233917
0.9663854837417603,0.6442570090293884,0.6979450583457947,0.05795343220233917
-1.8790829181671143,0.4295046627521515,0.10737616568803787,0.05795341730117798
-1.234825849533081,0.5905689001083374,0.3221285045146942,0.05795341730117798
-0.9663854837417603,-1.1811378002166748,0.1610642522573471,0.05795341730117798
-0.3221285045146942,3.489725351333618,-0.37581658363342285,0.05795341730117798
0.0,-2.7380921840667725,-0.5905689001083374,0.05795341730117798
0.6979450583457947,-1.825394868850708,0.0,0.05795341730117798
-0.805321216583252,-1.825394868850708,0.5905689001083374,0.057953402400016785
-0.6442570090293884,-2.040147066116333,0.5368808507919312,0.057953402400016785
-0.37581658363342285,-2.469651699066162,0.4831927418708801,0.057953402400016785
-0.37581658363342285,1.6643306016921997,0.805321216583252,0.057953402400016785
0.37581658363342285,3.060220718383789,-0.6442570090293884,0.057953402400016785
0.859009325504303,2.684404134750366,0.7516331672668457,0.05795338749885559
-1.0200735330581665,2.845468282699585,-0.2684404253959656,0.0579533725976944
-0.6979450583457947,-3.221284866333008,1.5569543838500977,0.0579533725976944
-0.6442570090293884,-3.274973154067993,1.7717067003250122,0.0579533725976944
0.7516331672668457,2.684404134750366,-0.4295046627521515,0.0579533725976944
1.1811378002166748,0.053688082844018936,-1.0737617015838623,0.0579533725976944
1.5569543838500977,0.3221285045146942,-0.9663854837417603,0.0579533725976944
-0.9663854837417603,2.684404134750366,0.6979450583457947,0.0579533576965332
-0.805321216583252,1.5032663345336914,-0.3221285045146942,0.05779901146888733
0.859009325504303,1.3958901166915894,-0.4831927418708801,0.05772526562213898
-1.1274497509002686,1.342202067375183,0.0,0.05750209093093872
0.805321216583252,-0.10737616568803787,0.053688082844018936,0.05738389492034912
-0.1610642522573471,1.0200735330581665,1.1811378002166748,0.05738377571105957
0.1610642522573471,-0.37581658363342285,0.859009325504303,0.05738377571105957
0.9663854837417603,0.6979450583457947,0.053688082844018936,0.05738377571105957
0.9663854837417603,0.2684404253959656,0.4831927418708801,0.05738365650177002
0.053688082844018936,-0.5905689001083374,-0.5905689001083374,0.057365477085113525
-0.053688082844018936,-0.4831927418708801,-0.21475233137607574,0.057342469692230225
0.053688082844018936,-0.859009325504303,0.6979450583457947,0.05731171369552612
-1.5032663345336914,2.5233399868011475,0.053688082844018936,0.057235077023506165
-1.1811378002166748,2.3085875511169434,-0.053688082844018936,0.057235077023506165
-1.2885140180587769,0.7516331672668457,0.5905689001083374,0.05723501741886139
-1.2885140180587769,2.684404134750366,-0.10737616568803787,0.057234987616539
-1.3958901166915894,0.912697434425354,0.6442570090293884,0.057234957814216614
-1.3958901166915894,2.7380921840667725,0.1610642522573471,0.057234928011894226
0.6979450583457947,3.489725351333618,-0.10737616568803787,0.057210132479667664
-0.6442570090293884,1.1274497509002686,0.912697434425354,0.05720643699169159
-0.9663854837417603,2.9528446197509766,0.7516331672668457,0.057205282151699066
0.21475233137607574,-0.5368808507919312,0.4295046627521515,0.05715683102607727
0.37581658363342285,-0.7516331672668457,0.5905689001083374,0.05715681612491608
1.718018651008606,-0.6442570090293884,-1.1811378002166748,0.05713506042957306
0.053688082844018936,-3.006532669067383,-0.37581658363342285,0.05702626705169678
-0.10737616568803787,-1.9327709674835205,1.0737617015838623,0.05689689517021179
-1.825394868850708,-0.805321216583252,-0.21475233137607574,0.05676615238189697
-0.9663854837417603,1.0200735330581665,0.4295046627521515,0.05666448175907135
0.9663854837417603,2.415963649749756,0.21475233137607574,0.05664302408695221
1.342202067375183,2.7917802333831787,0.0,0.05664287507534027
0.21475233137607574,-0.37581658363342285,-0.3221285045146942,0.05663783848285675
0.5905689001083374,-2.0938353538513184,-0.3221285045146942,0.0566021203994751
-0.37581658363342285,-3.274973154067993,0.4295046627521515,0.05660206079483032
-0.37581658363342285,-2.684404134750366,0.4831927418708801,0.05660206079483032
0.0,-3.3286612033843994,0.6442570090293884,0.05660206079483032
0.053688082844018936,-3.1139087677001953,0.4831927418708801,0.056602030992507935
0.7516331672668457,-1.7717067003250122,-0.2684404253959656,0.056602030992507935
-0.37581658363342285,-3.3286612033843994,1.0200735330581665,0.05660200119018555
0.0,-2.040147066116333,-0.10737616568803787,0.05660200119018555
-0.859009325504303,0.4831927418708801,-0.4831927418708801,0.05632801353931427
-1.0200735330581665,3.060220718383789,0.0,0.056302398443222046
0.37581658363342285,-3.3286612033843994,-0.37581658363342285,0.0561751127243042
-1.2885140180587769,1.1811378002166748,0.5368808507919312,0.05615071952342987
-0.2684404253959656,-1.610642433166504,0.3221285045146942,0.05608704686164856
0.053688082844018936,-1.825394868850708,0.859009325504303,0.05608704686164856
-0.2684404253959656,-1.2885140180587769,0.859009325504303,0.056086987257003784
0.2684404253959656,-0.37581658363342285,0.805321216583252,0.05602884292602539
-2.1475234031677246,-0.21475233137607574,-0.053688082844018936,0.05598101019859314
-1.9327709674835205,-0.21475233137607574,-0.2684404253959656,0.05598092079162598
-0.859009325504303,0.6442570090293884,1.1274497509002686,0.055899038910865784
-0.2684404253959656,-2.254899501800537,1.1274497509002686,0.05587466061115265
0.9663854837417603,0.9663854837417603,0.6442570090293884,0.05576305091381073
-1.1811378002166748,3.5434134006500244,0.4295046627521515,0.05575649440288544
-1.234825849533081,3.5971014499664307,0.3221285045146942,0.05575644224882126
0.805321216583252,-1.7717067003250122,0.0,0.055733755230903625
0.053688082844018936,2.0938353538513184,-0.6442570090293884,0.055706799030303955
0.6979450583457947,-1.5032663345336914,-0.3221285045146942,0.0557066947221756
-1.8790829181671143,0.5905689001083374,0.1610642522573471,0.055706679821014404
-1.825394868850708,-0.912697434425354,0.2684404253959656,0.05570665001869202
0.6442570090293884,3.221284866333008,-0.4295046627521515,0.05570663511753082
-0.053688082844018936,2.040147066116333,-0.5905689001083374,0.05570662021636963
0.6979450583457947,-1.2885140180587769,-0.3221285045146942,0.055706605315208435
1.1811378002166748,3.3286612033843994,0.37581658363342285,0.05570372939109802
0.859009325504303,3.221284866333008,0.1610642522573471,0.05570361018180847
-1.3958901166915894,-0.7516331672668457,0.1610642522573471,0.05569710582494736
-1.5569543838500977,-0.7516331672668457,0.0,0.055697001516819
0.0,-2.3085875511169434,-0.21475233137607574,0.05563109368085861
-0.2684404253959656,-0.6442570090293884,-0.5368808507919312,0.055553823709487915
-0.2684404253959656,-0.3221285045146942,-0.4295046627521515,0.055553823709487915
-0.2684404253959656,-1.234825849533081,0.10737616568803787,0.055526018142700195
-0.5905689001083374,-0.4295046627521515,0.37581658363342285,0.055523842573165894
0.2684404253959656,-3.3286612033843994,-1.1274497509002686,0.05552378296852112
0.6979450583457947,3.5971014499664307,0.1610642522573471,0.055447861552238464
0.4831927418708801,-1.3958901166915894,-0.053688082844018936,0.055383726954460144
-0.912697434425354,2.469651699066162,-0.3221285045146942,0.055325575172901154
0.37581658363342285,1.8790829181671143,-0.2684404253959656,0.055207639932632446
-1.718018651008606,2.684404134750366,0.053688082844018936,0.05520762503147125
-1.342202067375183,0.6442570090293884,0.4295046627521515,0.05520762503147125
0.912697434425354,3.5971014499664307,0.053688082844018936,0.05520762503147125
-0.805321216583252,3.5434134006500244,0.3221285045146942,0.05520761013031006
-1.1274497509002686,0.6442570090293884,0.3221285045146942,0.055207595229148865
0.2684404253959656,1.718018651008606,-0.10737616568803787,0.05513930320739746
0.4295046627521515,1.4495782852172852,0.3221285045146942,0.05511152744293213
-0.805321216583252,2.3085875511169434,0.805321216583252,0.05494892597198486
0.9663854837417603,2.7917802333831787,0.1610642522573471,0.05494892597198486
-1.825394868850708,0.805321216583252,-0.4831927418708801,0.0548805296421051
0.7516331672668457,1.342202067375183,-0.7516331672668457,0.054781846702098846
0.1610642522573471,0.6979450583457947,-0.7516331672668457,0.05476275086402893
-0.7516331672668457,1.1274497509002686,-0.21475233137607574,0.05473148822784424
-0.10737616568803787,-3.3286612033843994,-0.6979450583457947,0.05466676503419876
0.0,-1.2885140180587769,-0.4831927418708801,0.05465131998062134
0.21475233137607574,-1.2885140180587769,-0.5905689001083374,0.05465131998062134
0.5368808507919312,-1.2885140180587769,-0.4831927418708801,0.05465131998062134
0.7516331672668457,-1.0737617015838623,-0.053688082844018936,0.05465131998062134
-0.053688082844018936,-2.469651699066162,-0.912697434425354,0.05449908971786499
-0.859009325504303,-0.3221285045146942,-0.10737616568803787,0.05443146824836731
1.610642433166504,-0.5905689001083374,-0.6442570090293884,0.05441293120384216
0.4831927418708801,3.5434134006500244,0.0,0.05434900522232056
0.9663854837417603,2.469651699066162,-0.21475233137607574,0.05431443452835083
0.859009325504303,3.3286612033843994,0.6442570090293884,0.054111599922180176
0.805321216583252,1.0737617015838623,0.053688082844018936,0.054052382707595825
-0.37581658363342285,-1.9864590167999268,1.1274497509002686,0.05404330790042877
0.7516331672668457,2.415963649749756,0.805321216583252,0.05393653362989426
0.0,1.6643306016921997,0.10737616568803787,0.053886041045188904
0.10737616568803787,1.6643306016921997,0.3221285045146942,0.053886041045188904
0.4831927418708801,-0.9663854837417603,0.3221285045146942,0.05388534069061279
-0.859009325504303,1.8790829181671143,-0.1610642522573471,0.05372890830039978
-0.9663854837417603,1.4495782852172852,-0.1610642522573471,0.05372881889343262
1.1811378002166748,1.1811378002166748,-0.1610642522573471,0.0535760372877121
0.0,-2.8991565704345703,1.0737617015838623,0.05357213318347931
-1.7717067003250122,1.0737617015838623,0.1610642522573471,0.05354511737823486
-1.5569543838500977,0.9663854837417603,0.4831927418708801,0.05354511737823486
-1.5569543838500977,1.1811378002166748,-0.1610642522573471,0.053545087575912476
-0.3221285045146942,2.040147066116333,-0.5368808507919312,0.05354499816894531
0.5368808507919312,2.040147066116333,-0.3221285045146942,0.05354499816894531
-1.0200735330581665,2.8991565704345703,0.4831927418708801,0.05354487895965576
-0.912697434425354,2.5233399868011475,0.7516331672668457,0.05354487895965576
-0.6979450583457947,2.9528446197509766,-0.5368808507919312,0.05354487895965576
-0.2684404253959656,2.9528446197509766,-0.7516331672668457,0.05354487895965576
0.1610642522573471,2.9528446197509766,-0.7516331672668457,0.05354487895965576
0.21475233137607574,2.469651699066162,1.1811378002166748,0.05354487895965576
0.5368808507919312,2.1475234031677246,0.859009325504303,0.05354487895965576
0.5905689001083374,1.9327709674835205,-0.053688082844018936,0.05354487895965576
-0.5905689001083374,3.5434134006500244,0.37581658363342285,0.05354475975036621
-0.9663854837417603,0.805321216583252,0.805321216583252,0.05347898602485657
-0.2684404253959656,-3.1675968170166016,-1.2885140180587769,0.05341638624668121
-0.5905689001083374,-3.006532669067383,-1.1274497509002686,0.053416334092617035
0.6442570090293884,1.0737617015838623,-0.2684404253959656,0.05331385135650635
-0.7516331672668457,0.21475233137607574,1.0200735330581665,0.0533137321472168
-0.7516331672668457,1.234825849533081,0.0,0.0533137321472168
-0.6442570090293884,1.0200735330581665,-0.4295046627521515,0.0533137321472168
-0.6442570090293884,1.0200735330581665,0.9663854837417603,0.0533137321472168
-0.10737616568803787,1.0200735330581665,-0.6442570090293884,0.0533137321472168
0.5368808507919312,1.0200735330581665,-0.4295046627521515,0.0533137321472168
0.859009325504303,0.4295046627521515,0.805321216583252,0.0533137321472168
0.9663854837417603,0.21475233137607574,0.37581658363342285,0.0533137321472168
1.1811378002166748,0.6442570090293884,0.0,0.053249798715114594
0.1610642522573471,-1.342202067375183,0.2684404253959656,0.05301743745803833
0.805321216583252,1.2885140180587769,-0.859009325504303,0.05295875668525696
1.1274497509002686,1.234825849533081,-0.2684404253959656,0.052958667278289795
-1.9864590167999268,0.4831927418708801,0.10737616568803787,0.052957624197006226
0.1610642522573471,-3.3286612033843994,-0.9663854837417603,0.05291295051574707
-0.4295046627521515,-0.4295046627521515,0.6979450583457947,0.05291284620761871
0.3221285045146942,-3.006532669067383,-0.805321216583252,0.05291280150413513
-0.2684404253959656,1.7717067003250122,-0.6442570090293884,0.05278831720352173
-0.21475233137607574,1.6643306016921997,0.4295046627521515,0.05277696251869202
-0.21475233137607574,1.5569543838500977,0.4295046627521515,0.05277693271636963
0.0,1.5569543838500977,0.21475233137607574,0.05277693271636963
-0.859009325504303,-1.5032663345336914,0.1610642522573471,0.05273693799972534
-0.859009325504303,-1.5032663345336914,0.4831927418708801,0.05273692309856415
0.6979450583457947,3.3823492527008057,0.1610642522573471,0.05264374613761902
0.6442570090293884,3.5971014499664307,0.4295046627521515,0.05264368653297424
-1.0737617015838623,3.1675968170166016,0.4295046627521515,0.05257484316825867
0.9663854837417603,2.7917802333831787,0.2684404253959656,0.052427247166633606
0.5368808507919312,-1.610642433166504,0.3221285045146942,0.052424535155296326
0.2684404253959656,-1.342202067375183,0.3221285045146942,0.05242452025413513
0.4295046627521515,-1.610642433166504,0.3221285045146942,0.05242452025413513
0.6979450583457947,-1.342202067375183,0.10737616568803787,0.05242450535297394
0.10737616568803787,-0.5368808507919312,0.5905689001083374,0.052369147539138794
0.10737616568803787,-3.3286612033843994,1.1811378002166748,0.0522850900888443
-0.912697434425354,-0.1610642522573471,0.10737616568803787,0.05222265422344208
0.10737616568803787,-1.718018651008606,-0.5905689001083374,0.052195072174072266
0.912697434425354,3.5971014499664307,0.1610642522573471,0.05216854810714722
-0.1610642522573471,3.006532669067383,-0.7516331672668457,0.0521388053894043
0.053688082844018936,-0.5905689001083374,0.1610642522573471,0.052075400948524475
0.2684404253959656,-0.5368808507919312,0.21475233137607574,0.05207538604736328
-0.5905689001083374,-2.3085875511169434,0.805321216583252,0.05202771723270416
-0.4831927418708801,-2.3085875511169434,1.0200735330581665,0.05202765762805939
0.805321216583252,1.4495782852172852,0.0,0.05201058089733124
-0.4295046627521515,2.201211452484131,1.1811378002166748,0.05200690031051636
-0.3221285045146942,1.9327709674835205,0.912697434425354,0.052006796002388
-0.1610642522573471,1.4495782852172852,-0.1610642522573471,0.052006736397743225
0.053688082844018936,1.4495782852172852,-0.1610642522573471,0.052006736397743225
-0.4295046627521515,-0.4831927418708801,0.4831927418708801,0.05195355415344238
-0.2684404253959656,1.4495782852172852,0.6442570090293884,0.05195355415344238
0.4831927418708801,-0.3221285045146942,0.6979450583457947,0.05195355415344238
0.4831927418708801,0.912697434425354,-0.5368808507919312,0.05195355415344238
-0.6979450583457947,1.234825849533081,-0.10737616568803787,0.05195343494415283
0.4831927418708801,-0.4295046627521515,-0.2684404253959656,0.05194658041000366
0.21475233137607574,-1.3958901166915894,-0.4295046627521515,0.05194646120071411
0.3221285045146942,-1.3958901166915894,0.0,0.05194646120071411
-1.234825849533081,2.684404134750366,0.3221285045146942,0.051918789744377136
-1.0737617015838623,2.7380921840667725,0.10737616568803787,0.051918670535087585
-0.7516331672668457,0.21475233137607574,-0.4831927418708801,0.051888227462768555
0.9663854837417603,0.4831927418708801,0.6442570090293884,0.0518881231546402
0.5905689001083374,1.6643306016921997,0.4831927418708801,0.05184592306613922
0.4295046627521515,-3.3286612033843994,-0.4831927418708801,0.05181151628494263
0.0,-3.3286612033843994,-0.5905689001083374,0.05181148648262024
-0.053688082844018936,1.3958901166915894,-0.6442570090293884,0.051768720149993896
0.10737616568803787,1.718018651008606,-0.1610642522573471,0.051768720149993896
0.37581658363342285,1.1811378002166748,-0.4295046627521515,0.051768720149993896
0.1610642522573471,1.2885140180587769,-0.7516331672668457,0.05176869034767151
0.912697434425354,1.1274497509002686,-0.10737616568803787,0.051710158586502075
1.1274497509002686,0.912697434425354,0.3221285045146942,0.05171012878417969
1.0200735330581665,1.234825849533081,0.10737616568803787,0.0517100989818573
-1.718018651008606,-0.9663854837417603,0.10737616568803787,0.05169396102428436
-1.5032663345336914,-0.6442570090293884,0.3221285045146942,0.051693856716156006
-1.610642433166504,-0.2684404253959656,0.1610642522573471,0.05153132975101471
0.3221285045146942,-2.201211452484131,-0.21475233137607574,0.0515303760766983
0.3221285045146942,-2.415963649749756,-0.4295046627521515,0.05153028666973114
-0.37581658363342285,1.825394868850708,-0.3221285045146942,0.05143788456916809
-0.2684404253959656,1.825394868850708,-0.3221285045146942,0.05143788456916809
-0.5905689001083374,1.6643306016921997,-0.4831927418708801,0.05143779516220093
-0.37581658363342285,1.4495782852172852,-0.1610642522573471,0.05143779516220093
-0.21475233137607574,-3.006532669067383,1.1811378002166748,0.05114439129829407
1.3958901166915894,3.060220718383789,0.053688082844018936,0.05113327503204346
-1.0200735330581665,2.9528446197509766,0.0,0.051073700189590454
1.2885140180587769,2.8991565704345703,0.0,0.050932273268699646
1.234825849533081,2.845468282699585,0.4295046627521515,0.050931960344314575
-0.2684404253959656,-2.5233399868011475,1.0737617015838623,0.05084303021430969
-1.0737617015838623,2.7380921840667725,0.2684404253959656,0.05073082447052002
-0.7516331672668457,1.9864590167999268,0.4831927418708801,0.05073082447052002
-0.4295046627521515,2.9528446197509766,-0.6979450583457947,0.05073082447052002
0.3221285045146942,3.5971014499664307,0.4831927418708801,0.05073070526123047
0.9663854837417603,2.9528446197509766,0.6979450583457947,0.050721898674964905
-1.5569543838500977,0.6979450583457947,-0.2684404253959656,0.05071347951889038
0.5905689001083374,1.1274497509002686,0.805321216583252,0.05059158802032471
-0.37581658363342285,-0.9663854837417603,0.5368808507919312,0.05037863552570343
-0.5905689001083374,-1.0200735330581665,0.5905689001083374,0.050378620624542236
0.053688082844018936,1.6643306016921997,0.4295046627521515,0.0502743273973465
-0.805321216583252,1.5569543838500977,0.4831927418708801,0.050203725695610046
-0.6442570090293884,-2.845468282699585,-0.9663854837417603,0.05014914274215698
-0.4295046627521515,-2.845468282699585,-1.2885140180587769,0.05014900863170624
-0.5905689001083374,-2.845468282699585,-1.1274497509002686,0.050148867070674896
0.2684404253959656,-1.2885140180587769,0.1610642522573471,0.050033748149871826
-0.3221285045146942,-2.7917802333831787,-1.2885140180587769,0.04991838335990906
-0.1610642522573471,-2.63071608543396,-0.6442570090293884,0.04991835355758667
-0.053688082844018936,-3.3286612033843994,-0.805321216583252,0.04991835355758667
-0.3221285045146942,-2.5770280361175537,-1.0737617015838623,0.04991832375526428
-0.3221285045146942,-3.1139087677001953,-0.5368808507919312,0.049918293952941895
0.1610642522573471,-3.1139087677001953,-0.805321216583252,0.049918293952941895
-0.5368808507919312,-3.221284866333008,-0.859009325504303,0.04991823434829712
0.4295046627521515,2.7917802333831787,1.1274497509002686,0.0497807115316391
1.6643306016921997,2.684404134750366,0.053688082844018936,0.049768999218940735
0.7516331672668457,1.0737617015838623,-0.9663854837417603,0.04973870515823364
0.859009325504303,1.1811378002166748,-0.9663854837417603,0.04973870515823364
0.859009325504303,1.342202067375183,-0.37581658363342285,0.04973870515823364
1.0737617015838623,0.5905689001083374,-0.805321216583252,0.04973870515823364
1.0737617015838623,1.1811378002166748,-0.9663854837417603,0.04973870515823364
0.859009325504303,0.912697434425354,-0.1610642522573471,0.04973864555358887
1.3958901166915894,1.0200735330581665,-0.4831927418708801,0.04973864555358887
-0.4295046627521515,-0.6979450583457947,-0.4831927418708801,0.04972861707210541
-0.2684404253959656,-0.9663854837417603,-0.2684404253959656,0.049728602170944214
-0.5368808507919312,-1.9864590167999268,1.0737617015838623,0.049715280532836914
-0.053688082844018936,-1.5569543838500977,0.4831927418708801,0.049715280532836914
-0.6442570090293884,-2.040147066116333,0.912697434425354,0.04971522092819214
1.234825849533081,1.0200735330581665,-1.1811378002166748,0.04969760775566101
0.805321216583252,1.1274497509002686,0.3221285045146942,0.04966938495635986
-0.7516331672668457,-0.5905689001083374,0.4831927418708801,0.04966813325881958
-0.7516331672668457,-0.4831927418708801,0.37581658363342285,0.04966813325881958
-0.21475233137607574,-0.5905689001083374,0.2684404253959656,0.04966813325881958
-0.6442570090293884,-0.37581658363342285,0.053688082844018936,0.04966810345649719
-0.5368808507919312,-0.805321216583252,-0.37581658363342285,0.04966810345649719
-0.10737616568803787,-0.805321216583252,0.1610642522573471,0.04966810345649719
1.1274497509002686,2.63071608543396,0.4295046627521515,0.04963243007659912
-0.5368808507919312,0.859009325504303,1.2885140180587769,0.049539342522621155
-0.4295046627521515,0.859009325504303,1.2885140180587769,0.049539342522621155
-0.9663854837417603,0.6979450583457947,0.805321216583252,0.04953920841217041
0.7516331672668457,0.5368808507919312,-0.6442570090293884,0.04953920841217041
0.6442570090293884,0.6442570090293884,-0.5368808507919312,0.049539193511009216
-0.21475233137607574,-0.6979450583457947,-0.1610642522573471,0.049474313855171204
1.3958901166915894,0.6979450583457947,-1.5032663345336914,0.04940071702003479
1.0737617015838623,0.912697434425354,-1.1811378002166748,0.0494006872177124
-1.825394868850708,0.10737616568803787,-0.37581658363342285,0.049379050731658936
-1.718018651008606,0.10737616568803787,-0.2684404253959656,0.049379006028175354
0.2684404253959656,1.5032663345336914,0.2684404253959656,0.04932181537151337
-0.5368808507919312,2.9528446197509766,1.0737617015838623,0.04932105541229248
-0.9663854837417603,3.1139087677001953,0.37581658363342285,0.04932093620300293
-0.7516331672668457,2.040147066116333,-0.1610642522573471,0.04932093620300293
-0.4295046627521515,2.040147066116333,-0.4831927418708801,0.04932093620300293
0.3221285045146942,1.9864590167999268,0.859009325504303,0.04932093620300293
0.5905689001083374,1.9864590167999268,0.5905689001083374,0.04932093620300293
0.7516331672668457,2.0938353538513184,0.0,0.04932093620300293
0.859009325504303,3.1139087677001953,0.053688082844018936,0.04932093620300293
0.859009325504303,3.1139087677001953,0.37581658363342285,0.04932093620300293
0.0,1.6643306016921997,0.21475233137607574,0.04932081699371338
0.10737616568803787,3.5971014499664307,-0.21475233137607574,0.04932081699371338
0.1610642522573471,2.0938353538513184,-0.5905689001083374,0.04932081699371338
0.37581658363342285,3.5971014499664307,0.37581658363342285,0.04932081699371338
0.21475233137607574,-0.5368808507919312,0.3221285045146942,0.04922795295715332
0.3221285045146942,1.3958901166915894,-0.10737616568803787,0.04922795295715332
0.4295046627521515,0.9663854837417603,1.0737617015838623,0.04922795295715332
0.5368808507919312,-0.5905689001083374,-0.5368808507919312,0.04922795295715332
0.9663854837417603,0.4295046627521515,0.0,0.04922783374786377
0.1610642522573471,1.1274497509002686,-0.805321216583252,0.04922772943973541
0.5905689001083374,-0.3221285045146942,0.5368808507919312,0.049210354685783386
0.5905689001083374,-0.4295046627521515,0.4295046627521515,0.049210324883461
0.805321216583252,1.3958901166915894,-0.5905689001083374,0.04907660186290741
0.5905689001083374,1.342202067375183,-0.3221285045146942,0.04901285469532013
0.5368808507919312,-3.1139087677001953,-0.805321216583252,0.04888692498207092
0.37581658363342285,-3.221284866333008,-0.7516331672668457,0.04888685792684555
-0.9663854837417603,0.9663854837417603,0.0,0.048802196979522705
0.805321216583252,2.254899501800537,-0.1610642522573471,0.048534780740737915
0.7516331672668457,1.5569543838500977,0.2684404253959656,0.04852381348609924
-1.6643306016921997,-0.805321216583252,0.0,0.04847954213619232
-0.6979450583457947,-0.3221285045146942,0.5368808507919312,0.04832203686237335
0.5905689001083374,1.7717067003250122,-0.4295046627521515,0.048098593950271606
1.0200735330581665,0.37581658363342285,-0.1610642522573471,0.04808598756790161
-0.053688082844018936,-1.4495782852172852,-0.21475233137607574,0.04796150326728821
0.053688082844018936,-1.4495782852172852,0.0,0.04796150326728821
-0.053688082844018936,-1.342202067375183,-0.21475233137607574,0.047961458563804626
-0.1610642522573471,-0.5905689001083374,-0.5368808507919312,0.047961413860321045
0.7516331672668457,3.006532669067383,0.7516331672668457,0.04790914058685303
-0.5905689001083374,3.489725351333618,-0.10737616568803787,0.04790902137756348
-0.37581658363342285,2.7380921840667725,1.1811378002166748,0.04790902137756348
0.0,3.006532669067383,-0.7516331672668457,0.04790902137756348
0.2684404253959656,1.718018651008606,0.2684404253959656,0.04790902137756348
0.2684404253959656,2.1475234031677246,-0.5905689001083374,0.04790902137756348
0.7516331672668457,3.221284866333008,0.5368808507919312,0.04790902137756348
-1.0737617015838623,0.3221285045146942,0.053688082844018936,0.04786264896392822
-0.21475233137607574,-0.5368808507919312,0.053688082844018936,0.04786264896392822
-0.2684404253959656,0.3221285045146942,1.2885140180587769,0.04786252975463867
-0.053688082844018936,-0.5368808507919312,0.0,0.04786252975463867
0.10737616568803787,0.6979450583457947,1.2885140180587769,0.04786252975463867
0.3221285045146942,-0.37581658363342285,-0.21475233137607574,0.04786252975463867
0.5368808507919312,0.6442570090293884,1.1274497509002686,0.04786252975463867
0.5368808507919312,1.0737617015838623,0.912697434425354,0.04786252975463867
0.9663854837417603,0.21475233137607574,0.2684404253959656,0.04786241054534912
0.6442570090293884,-1.610642433166504,0.2684404253959656,0.04781608283519745
-1.1274497509002686,3.5434134006500244,0.053688082844018936,0.04768174886703491
0.912697434425354,3.489725351333618,0.10737616568803787,0.04760338366031647
0.7516331672668457,3.006532669067383,-0.4295046627521515,0.04750397801399231
-0.805321216583252,1.718018651008606,0.3221285045146942,0.04745461046695709
-0.7516331672668457,1.718018651008606,0.4831927418708801,0.04745461046695709
-1.2885140180587769,2.7917802333831787,0.0,0.04745260626077652
0.912697434425354,0.21475233137607574,-0.1610642522573471,0.04737870395183563
-0.7516331672668457,0.6979450583457947,1.0737617015838623,0.047374218702316284
0.6442570090293884,0.6979450583457947,-0.7516331672668457,0.04737411439418793
-0.10737616568803787,-1.0200735330581665,0.4831927418708801,0.04736931622028351
-0.4295046627521515,-1.234825849533081,0.37581658363342285,0.04736927151679993
-0.3221285045146942,-1.0200735330581665,0.6979450583457947,0.04736927151679993
0.2684404253959656,-0.6979450583457947,-0.6979450583457947,0.04735596477985382
1.0200735330581665,3.650789737701416,0.37581658363342285,0.047327637672424316
0.7516331672668457,0.5368808507919312,0.9663854837417603,0.047287553548812866
0.7516331672668457,-0.21475233137607574,0.21475233137607574,0.04728753864765167
-0.6442570090293884,1.9864590167999268,0.6979450583457947,0.047100991010665894
0.1610642522573471,-1.1274497509002686,-0.6979450583457947,0.04683595895767212
-2.201211452484131,0.2684404253959656,-0.1610642522573471,0.04677256941795349
-1.7717067003250122,0.2684404253959656,-0.053688082844018936,0.046772509813308716
-1.9327709674835205,0.2684404253959656,0.10737616568803787,0.04677248001098633
-1.5569543838500977,-0.5368808507919312,0.4831927418708801,0.04665932059288025
-0.859009325504303,-1.1274497509002686,0.4295046627521515,0.04665810614824295
0.4295046627521515,-0.5368808507919312,0.5905689001083374,0.04662469029426575
0.1610642522573471,3.221284866333008,-0.6442570090293884,0.04649540036916733
0.1610642522573471,-2.845468282699585,-0.7516331672668457,0.04649539291858673
0.5368808507919312,-2.040147066116333,-0.4831927418708801,0.04649539291858673
-0.9663854837417603,2.469651699066162,0.6442570090293884,0.04649537801742554
-0.6442570090293884,-3.221284866333008,1.6643306016921997,0.04649537801742554
0.4295046627521515,-3.3286612033843994,-1.0737617015838623,0.04649537801742554
0.4295046627521515,2.1475234031677246,0.9663854837417603,0.04649537801742554
0.7516331672668457,2.469651699066162,-0.37581658363342285,0.04649537801742554
-1.1274497509002686,3.1139087677001953,-0.10737616568803787,0.04649536311626434
-0.1610642522573471,-2.7917802333831787,1.1274497509002686,0.04649536311626434
0.4295046627521515,3.274973154067993,0.912697434425354,0.04649534821510315
1.1274497509002686,3.650789737701416,0.1610642522573471,0.04649534821510315
-2.0938353538513184,-0.3221285045146942,0.10737616568803787,0.046495333313941956
-2.0938353538513184,0.805321216583252,-0.053688082844018936,0.046495333313941956
-0.10737616568803787,2.5233399868011475,1.234825849533081,0.046495333313941956
-0.6979450583457947,3.274973154067993,0.7516331672668457,0.04649532586336136
-0.5905689001083374,3.274973154067993,0.859009325504303,0.04649532586336136
1.234825849533081,0.2684404253959656,-1.1811378002166748,0.04649532586336136
1.342202067375183,-0.1610642522573471,-1.234825849533081,0.04649532586336136
-0.912697434425354,-1.3958901166915894,0.2684404253959656,0.04649531841278076
-0.912697434425354,2.5770280361175537,-0.3221285045146942,0.04649531841278076
-0.912697434425354,2.7917802333831787,0.7516331672668457,0.04649531841278076
-0.37581658363342285,1.4495782852172852,0.0,0.04649531841278076
-0.3221285045146942,-0.4831927418708801,-0.053688082844018936,0.04649531841278076
0.912697434425354,0.7516331672668457,-0.053688082844018936,0.04649531841278076
0.912697434425354,2.684404134750366,0.5368808507919312,0.04649531841278076
0.912697434425354,2.9528446197509766,0.4295046627521515,0.04649531841278076
-0.805321216583252,0.7516331672668457,-0.4295046627521515,0.04649530351161957
0.10737616568803787,-1.342202067375183,-0.5368808507919312,0.04649530351161957
1.0200735330581665,3.274973154067993,0.5368808507919312,0.04649530351161957
1.6643306016921997,0.21475233137607574,-0.912697434425354,0.04649530351161957
-2.0938353538513184,-0.5368808507919312,0.1610642522573471,0.046495288610458374
-1.342202067375183,0.7516331672668457,0.4831927418708801,0.046495288610458374
-1.234825849533081,2.7380921840667725,0.4295046627521515,0.046495288610458374
-0.6979450583457947,-1.342202067375183,0.7516331672668457,0.046495288610458374
-0.5368808507919312,-3.3286612033843994,0.805321216583252,0.046495288610458374
-0.5368808507919312,-2.684404134750366,0.805321216583252,0.046495288610458374
-0.4295046627521515,-3.060220718383789,1.4495782852172852,0.046495288610458374
-0.4295046627521515,-2.63071608543396,-1.0737617015838623,0.046495288610458374
-0.3221285045146942,-3.060220718383789,1.4495782852172852,0.046495288610458374
-0.1610642522573471,-1.825394868850708,1.1274497509002686,0.046495288610458374
-0.10737616568803787,1.6643306016921997,-0.5905689001083374,0.046495288610458374
0.053688082844018936,-2.9528446197509766,-0.5905689001083374,0.046495288610458374
0.2684404253959656,1.3958901166915894,0.6979450583457947,0.046495288610458374
0.805321216583252,0.805321216583252,0.912697434425354,0.046495288610458374
0.859009325504303,1.0200735330581665,0.21475233137607574,0.046495288610458374
1.342202067375183,0.3221285045146942,-0.912697434425354,0.046495288610458374
1.8790829181671143,-0.4295046627521515,-0.7516331672668457,0.046495288610458374
-0.21475233137607574,-2.5233399868011475,-1.0737617015838623,0.04649528115987778
1.3958901166915894,0.1610642522573471,-0.912697434425354,0.04649528115987778
-1.1811378002166748,3.489725351333618,-0.1610642522573471,0.04649527370929718
-0.5368808507919312,0.805321216583252,1.1811378002166748,0.04649527370929718
-0.4295046627521515,1.2885140180587769,-0.3221285045146942,0.04649527370929718
-0.2684404253959656,1.610642433166504,0.805321216583252,0.04649527370929718
0.5905689001083374,-1.0200735330581665,0.21475233137607574,0.04649527370929718
1.342202067375183,0.859009325504303,-0.805321216583252,0.04649527370929718
1.6643306016921997,-0.912697434425354,-0.9663854837417603,0.04649527370929718
1.718018651008606,-0.5905689001083374,-0.6979450583457947,0.04649527370929718
-0.805321216583252,1.234825849533081,0.7516331672668457,0.04649526625871658
0.5368808507919312,3.5971014499664307,0.10737616568803787,0.04649526625871658
-1.5569543838500977,0.5905689001083374,-0.10737616568803787,0.046495258808135986
-0.5368808507919312,-2.9528446197509766,0.4295046627521515,0.046495258808135986
-0.21475233137607574,1.7717067003250122,0.6442570090293884,0.046495258808135986
-0.1610642522573471,-1.1274497509002686,-0.4295046627521515,0.046495258808135986
0.0,-1.5032663345336914,0.6442570090293884,0.046495258808135986
0.053688082844018936,-1.1274497509002686,-0.6442570090293884,0.046495258808135986
0.4831927418708801,-1.8790829181671143,0.1610642522573471,0.046495258808135986
0.4831927418708801,-0.4831927418708801,-0.4295046627521515,0.046495258808135986
0.5905689001083374,1.2885140180587769,0.5905689001083374,0.046495258808135986
0.912697434425354,1.1811378002166748,0.0,0.046495258808135986
1.1274497509002686,0.805321216583252,-0.1610642522573471,0.046495258808135986
1.5032663345336914,0.912697434425354,-0.805321216583252,0.046495258808135986
-1.8790829181671143,0.3221285045146942,-0.4295046627521515,0.04649525135755539
-0.053688082844018936,-3.274973154067993,0.4831927418708801,0.04649525135755539
0.10737616568803787,0.2684404253959656,-0.7516331672668457,0.04649525135755539
0.21475233137607574,-0.859009325504303,-0.7516331672668457,0.04649525135755539
0.21475233137607574,0.21475233137607574,-0.7516331672668457,0.04649525135755539
0.9663854837417603,0.1610642522573471,0.053688082844018936,0.04649525135755539
-2.0938353538513184,-0.4295046627521515,0.1610642522573471,0.04649524390697479
-2.0938353538513184,0.5368808507919312,0.053688082844018936,0.04649524390697479
-1.9864590167999268,-0.5368808507919312,0.2684404253959656,0.04649524390697479
-1.718018651008606,-0.6979450583457947,0.37581658363342285,0.04649524390697479
-1.718018651008606,0.6979450583457947,0.2684404253959656,0.04649524390697479
-1.6643306016921997,0.7516331672668457,0.37581658363342285,0.04649524390697479
-1.6643306016921997,0.859009325504303,0.4295046627521515,0.04649524390697479
-1.5032663345336914,2.5233399868011475,0.1610642522573471,0.04649524390697479
-1.3958901166915894,-0.859009325504303,0.10737616568803787,0.04649524390697479
-1.3958901166915894,-0.6442570090293884,0.10737616568803787,0.04649524390697479
-1.2885140180587769,0.7516331672668457,0.6979450583457947,0.04649524390697479
-1.2885140180587769,2.5233399868011475,0.37581658363342285,0.04649524390697479
-1.234825849533081,2.254899501800537,0.21475233137607574,0.04649524390697479
-1.234825849533081,2.3622756004333496,0.3221285045146942,0.04649524390697479
-1.1811378002166748,2.5770280361175537,-0.1610642522573471,0.04649524390697479
-1.1811378002166748,3.5971014499664307,0.21475233137607574,0.04649524390697479
-1.1274497509002686,0.4295046627521515,0.2684404253959656,0.04649524390697479
-1.0737617015838623,0.37581658363342285,0.5368808507919312,0.04649524390697479
-1.0200735330581665,-1.1274497509002686,0.053688082844018936,0.04649524390697479
-1.0200735330581665,0.1610642522573471,-0.3221285045146942,0.04649524390697479
-1.0200735330581665,1.1274497509002686,0.859009325504303,0.04649524390697479
-1.0200735330581665,3.5971014499664307,0.3221285045146942,0.04649524390697479
-0.9663854837417603,0.21475233137607574,0.7516331672668457,0.04649524390697479
-0.9663854837417603,1.0200735330581665,-0.3221285045146942,0.04649524390697479
-0.912697434425354,0.21475233137607574,0.859009325504303,0.04649524390697479
-0.912697434425354,0.912697434425354,1.0737617015838623,0.04649524390697479
-0.912697434425354,1.8790829181671143,-0.053688082844018936,0.04649524390697479
-0.912697434425354,1.8790829181671143,0.053688082844018936,0.04649524390697479
-0.859009325504303,-0.4295046627521515,0.1610642522573471,0.04649524390697479
-0.859009325504303,1.3958901166915894,0.4295046627521515,0.04649524390697479
-0.859009325504303,2.1475234031677246,-0.10737616568803787,0.04649524390697479
-0.859009325504303,2.201211452484131,-0.21475233137607574,0.04649524390697479
-0.859009325504303,2.7917802333831787,0.859009325504303,0.04649524390697479
-0.805321216583252,-1.6643306016921997,0.3221285045146942,0.04649524390697479
-0.805321216583252,-0.7516331672668457,0.5368808507919312,0.04649524390697479
-0.805321216583252,-0.2684404253959656,0.37581658363342285,0.04649524390697479
-0.805321216583252,0.10737616568803787,0.912697434425354,0.04649524390697479
-0.7516331672668457,-1.7717067003250122,0.37581658363342285,0.04649524390697479
-0.7516331672668457,1.825394868850708,-0.2684404253959656,0.04649524390697479
-0.7516331672668457,2.0938353538513184,0.7516331672668457,0.04649524390697479
-0.7516331672668457,2.1475234031677246,-0.3221285045146942,0.04649524390697479
-0.6979450583457947,-0.5368808507919312,-0.2684404253959656,0.04649524390697479
-0.6979450583457947,-0.2684404253959656,0.6442570090293884,0.04649524390697479
-0.6979450583457947,0.10737616568803787,-0.4831927418708801,0.04649524390697479
-0.6979450583457947,2.3085875511169434,0.912697434425354,0.04649524390697479
-0.6442570090293884,-0.5905689001083374,0.6442570090293884,0.04649524390697479
-0.6442570090293884,-0.2684404253959656,0.7516331672668457,0.04649524390697479
-0.6442570090293884,0.6979450583457947,1.2885140180587769,0.04649524390697479
-0.6442570090293884,1.9327709674835205,-0.1610642522573471,0.04649524390697479
-0.6442570090293884,2.1475234031677246,-0.4295046627521515,0.04649524390697479
-0.6442570090293884,3.3286612033843994,-0.37581658363342285,0.04649524390697479
-0.5905689001083374,-3.1139087677001953,1.5569543838500977,0.04649524390697479
-0.5905689001083374,-2.5233399868011475,0.7516331672668457,0.04649524390697479
-0.5905689001083374,-2.3622756004333496,0.5368808507919312,0.04649524390697479
-0.5905689001083374,-0.10737616568803787,-0.4295046627521515,0.04649524390697479
-0.5905689001083374,0.2684404253959656,1.1811378002166748,0.04649524390697479
-0.5905689001083374,3.1675968170166016,0.9663854837417603,0.04649524390697479
-0.5368808507919312,-3.006532669067383,1.2885140180587769,0.04649524390697479
-0.5368808507919312,-2.684404134750366,-0.859009325504303,0.04649524390697479
-0.5368808507919312,-1.718018651008606,0.3221285045146942,0.04649524390697479
-0.5368808507919312,1.342202067375183,-0.4295046627521515,0.04649524390697479
-0.5368808507919312,3.489725351333618,0.6442570090293884,0.04649524390697479
-0.4831927418708801,-1.2885140180587769,0.859009325504303,0.04649524390697479
-0.4831927418708801,-0.3221285045146942,0.805321216583252,0.04649524390697479
-0.4831927418708801,-0.21475233137607574,-0.4295046627521515,0.04649524390697479
-0.4831927418708801,2.845468282699585,-0.6979450583457947,0.04649524390697479
-0.4295046627521515,-1.342202067375183,0.053688082844018936,0.04649524390697479
-0.4295046627521515,2.415963649749756,1.1274497509002686,0.04649524390697479
-0.37581658363342285,3.5971014499664307,0.5368808507919312,0.04649524390697479
-0.3221285045146942,-3.3286612033843994,-0.5368808507919312,0.04649524390697479
-0.3221285045146942,-0.859009325504303,0.7516331672668457,0.04649524390697479
-0.3221285045146942,1.1274497509002686,-0.5368808507919312,0.04649524390697479
-0.3221285045146942,3.5434134006500244,-0.2684404253959656,0.04649524390697479
-0.2684404253959656,-3.221284866333008,1.825394868850708,0.04649524390697479
-0.2684404253959656,-3.060220718383789,1.610642433166504,0.04649524390697479
-0.2684404253959656,-2.3085875511169434,-0.859009325504303,0.04649524390697479
-0.2684404253959656,-0.3221285045146942,0.912697434425354,0.04649524390697479
-0.21475233137607574,-3.3286612033843994,0.4831927418708801,0.04649524390697479
-0.21475233137607574,-3.006532669067383,-0.4831927418708801,0.04649524390697479
-0.21475233137607574,-2.684404134750366,0.4831927418708801,0.04649524390697479
-0.21475233137607574,-2.5770280361175537,-0.4831927418708801,0.04649524390697479
-0.21475233137607574,-0.4831927418708801,0.6979450583457947,0.04649524390697479
-0.21475233137607574,1.6643306016921997,-0.6979450583457947,0.04649524390697479
-0.21475233137607574,3.5434134006500244,-0.3221285045146942,0.04649524390697479
-0.1610642522573471,-3.3823492527008057,1.7717067003250122,0.04649524390697479
-0.1610642522573471,-2.254899501800537,-0.912697434425354,0.04649524390697479
-0.1610642522573471,-2.040147066116333,-0.37581658363342285,0.04649524390697479
-0.1610642522573471,-1.0737617015838623,0.21475233137607574,0.04649524390697479
-0.1610642522573471,-0.21475233137607574,-0.5368808507919312,0.04649524390697479
-0.1610642522573471,2.3085875511169434,1.5032663345336914,0.04649524390697479
-0.10737616568803787,-2.040147066116333,-0.859009325504303,0.04649524390697479
-0.10737616568803787,-1.9864590167999268,-0.6979450583457947,0.04649524390697479
-0.10737616568803787,-1.3958901166915894,0.912697434425354,0.04649524390697479
-0.10737616568803787,-1.2885140180587769,0.37581658363342285,0.04649524390697479
-0.10737616568803787,-1.234825849533081,-0.4295046627521515,0.04649524390697479
-0.10737616568803787,3.1675968170166016,-0.6979450583457947,0.04649524390697479
-0.053688082844018936,-3.1675968170166016,1.718018651008606,0.04649524390697479
-0.053688082844018936,-3.060220718383789,-1.2885140180587769,0.04649524390697479
-0.053688082844018936,-1.825394868850708,-0.5368808507919312,0.04649524390697479
-0.053688082844018936,-1.7717067003250122,-0.4295046627521515,0.04649524390697479
-0.053688082844018936,-1.0737617015838623,-0.6442570090293884,0.04649524390697479
-0.053688082844018936,-0.053688082844018936,-0.6442570090293884,0.04649524390697479
-0.053688082844018936,2.254899501800537,1.5569543838500977,0.04649524390697479
0.0,-2.63071608543396,-1.0737617015838623,0.04649524390697479
0.0,-1.234825849533081,0.10737616568803787,0.04649524390697479
0.0,0.053688082844018936,-0.6979450583457947,0.04649524390697479
0.0,0.21475233137607574,-0.7516331672668457,0.04649524390697479
0.0,2.5770280361175537,1.234825849533081,0.04649524390697479
0.053688082844018936,-3.1139087677001953,-1.234825849533081,0.04649524390697479
0.053688082844018936,-0.9663854837417603,0.6442570090293884,0.04649524390697479
0.053688082844018936,1.0200735330581665,1.1811378002166748,0.04649524390697479
0.053688082844018936,1.5032663345336914,-0.805321216583252,0.04649524390697479
0.053688082844018936,1.610642433166504,-0.805321216583252,0.04649524390697479
0.10737616568803787,-3.221284866333008,-0.9663854837417603,0.04649524390697479
0.10737616568803787,-3.221284866333008,1.5032663345336914,0.04649524390697479
0.10737616568803787,-2.415963649749756,-0.912697434425354,0.04649524390697479
0.10737616568803787,-1.5569543838500977,0.1610642522573471,0.04649524390697479
0.10737616568803787,0.5368808507919312,-0.805321216583252,0.04649524390697479
0.10737616568803787,1.0737617015838623,1.1274497509002686,0.04649524390697479
0.1610642522573471,1.610642433166504,0.7516331672668457,0.04649524390697479
0.21475233137607574,0.4295046627521515,-0.805321216583252,0.04649524390697479
0.21475233137607574,0.9663854837417603,1.1811378002166748,0.04649524390697479
0.21475233137607574,2.7380921840667725,1.234825849533081,0.04649524390697479
0.21475233137607574,3.5971014499664307,-0.1610642522573471,0.04649524390697479
0.2684404253959656,-0.7516331672668457,0.6979450583457947,0.04649524390697479
0.2684404253959656,-0.3221285045146942,-0.5905689001083374,0.04649524390697479
0.2684404253959656,1.5032663345336914,0.6979450583457947,0.04649524390697479
0.2684404253959656,2.63071608543396,1.1811378002166748,0.04649524390697479
0.2684404253959656,2.7917802333831787,-0.7516331672668457,0.04649524390697479
0.3221285045146942,-2.469651699066162,-0.6442570090293884,0.04649524390697479
0.3221285045146942,-1.7717067003250122,0.21475233137607574,0.04649524390697479
0.3221285045146942,0.859009325504303,1.1811378002166748,0.04649524390697479
0.3221285045146942,0.9663854837417603,1.1274497509002686,0.04649524390697479
0.3221285045146942,1.9327709674835205,1.234825849533081,0.04649524390697479
0.3221285045146942,2.201211452484131,1.1811378002166748,0.04649524390697479
0.3221285045146942,3.3823492527008057,-0.4295046627521515,0.04649524390697479
0.3221285045146942,3.5971014499664307,-0.053688082844018936,0.04649524390697479
0.37581658363342285,-3.3286612033843994,-0.053688082844018936,0.04649524390697479
0.37581658363342285,-3.006532669067383,-0.6979450583457947,0.04649524390697479
0.37581658363342285,-0.3221285045146942,0.805321216583252,0.04649524390697479
0.4295046627521515,-3.3286612033843994,-0.859009325504303,0.04649524390697479
0.4295046627521515,-2.3085875511169434,-0.5368808507919312,0.04649524390697479
0.4295046627521515,-1.9327709674835205,-0.5905689001083374,0.04649524390697479
0.4295046627521515,-0.7516331672668457,-0.6979450583457947,0.04649524390697479
0.4295046627521515,-0.6442570090293884,-0.6442570090293884,0.04649524390697479
0.4295046627521515,3.1139087677001953,1.0200735330581665,0.04649524390697479
0.4295046627521515,3.3823492527008057,0.805321216583252,0.04649524390697479
0.4831927418708801,-3.1139087677001953,-0.4831927418708801,0.04649524390697479
0.4831927418708801,0.4295046627521515,-0.7516331672668457,0.04649524390697479
0.4831927418708801,2.254899501800537,0.9663854837417603,0.04649524390697479
0.5368808507919312,-3.1675968170166016,-0.912697434425354,0.04649524390697479
0.5368808507919312,0.859009325504303,1.0737617015838623,0.04649524390697479
0.5368808507919312,3.1675968170166016,-0.5368808507919312,0.04649524390697479
0.5368808507919312,3.436037302017212,-0.3221285045146942,0.04649524390697479
0.5905689001083374,-2.0938353538513184,-0.1610642522573471,0.04649524390697479
0.5905689001083374,-0.2684404253959656,0.6442570090293884,0.04649524390697479
0.5905689001083374,0.37581658363342285,-0.6979450583457947,0.04649524390697479
0.5905689001083374,2.3085875511169434,0.912697434425354,0.04649524390697479
0.6442570090293884,-1.9864590167999268,0.0,0.04649524390697479
0.6442570090293884,-1.718018651008606,0.2684404253959656,0.04649524390697479
0.6442570090293884,-1.0737617015838623,0.1610642522573471,0.04649524390697479
0.6442570090293884,1.6643306016921997,-0.4831927418708801,0.04649524390697479
0.6442570090293884,2.63071608543396,-0.5368808507919312,0.04649524390697479
0.6979450583457947,-1.9864590167999268,-0.2684404253959656,0.04649524390697479
0.6979450583457947,-1.5032663345336914,0.21475233137607574,0.04649524390697479
0.6979450583457947,-0.6979450583457947,-0.4295046627521515,0.04649524390697479
0.6979450583457947,-0.3221285045146942,0.3221285045146942,0.04649524390697479
0.6979450583457947,1.7717067003250122,-0.1610642522573471,0.04649524390697479
0.6979450583457947,2.8991565704345703,1.0737617015838623,0.04649524390697479
0.7516331672668457,-0.6979450583457947,-0.3221285045146942,0.04649524390697479
0.7516331672668457,-0.1610642522573471,0.4831927418708801,0.04649524390697479
0.7516331672668457,0.0,-0.21475233137607574,0.04649524390697479
0.7516331672668457,1.6643306016921997,-0.1610642522573471,0.04649524390697479
0.7516331672668457,2.1475234031677246,-0.10737616568803787,0.04649524390697479
0.7516331672668457,2.3622756004333496,-0.3221285045146942,0.04649524390697479
0.805321216583252,-3.3286612033843994,-0.805321216583252,0.04649524390697479
0.805321216583252,3.274973154067993,0.7516331672668457,0.04649524390697479
0.859009325504303,-0.053688082844018936,0.21475233137607574,0.04649524390697479
0.859009325504303,0.7516331672668457,-0.9663854837417603,0.04649524390697479
0.859009325504303,2.469651699066162,0.7516331672668457,0.04649524390697479
0.912697434425354,0.053688082844018936,0.21475233137607574,0.04649524390697479
0.912697434425354,0.37581658363342285,0.6979450583457947,0.04649524390697479
0.912697434425354,2.63071608543396,-0.3221285045146942,0.04649524390697479
0.9663854837417603,2.1475234031677246,0.37581658363342285,0.04649524390697479
1.0200735330581665,3.650789737701416,0.1610642522573471,0.04649524390697479
1.0737617015838623,0.37581658363342285,-0.053688082844018936,0.04649524390697479
1.0737617015838623,2.254899501800537,0.37581658363342285,0.04649524390697479
1.1274497509002686,0.5368808507919312,0.4295046627521515,0.04649524390697479
1.1274497509002686,1.234825849533081,-0.053688082844018936,0.04649524390697479
1.1274497509002686,2.3622756004333496,-0.10737616568803787,0.04649524390697479
1.1811378002166748,0.5905689001083374,-0.4831927418708801,0.04649524390697479
1.1811378002166748,3.650789737701416,0.3221285045146942,0.04649524390697479
1.234825849533081,0.859009325504303,0.2684404253959656,0.04649524390697479
1.234825849533081,2.3085875511169434,0.21475233137607574,0.04649524390697479
1.2885140180587769,0.6442570090293884,-0.4831927418708801,0.04649524390697479
1.2885140180587769,0.6979450583457947,-0.2684404253959656,0.04649524390697479
1.2885140180587769,1.1274497509002686,-0.3221285045146942,0.04649524390697479
1.2885140180587769,3.274973154067993,0.37581658363342285,0.04649524390697479
1.342202067375183,-0.2684404253959656,-1.1811378002166748,0.04649524390697479
1.342202067375183,-0.10737616568803787,-0.859009325504303,0.04649524390697479
1.342202067375183,3.5971014499664307,0.0,0.04649524390697479
1.342202067375183,3.7044777870178223,0.053688082844018936,0.04649524390697479
1.4495782852172852,-0.6442570090293884,-1.1274497509002686,0.04649524390697479
1.4495782852172852,-0.21475233137607574,-0.6979450583457947,0.04649524390697479
1.4495782852172852,0.6442570090293884,-0.7516331672668457,0.04649524390697479
1.4495782852172852,3.1139087677001953,0.2684404253959656,0.04649524390697479
1.5569543838500977,2.845468282699585,0.1610642522573471,0.04649524390697479
1.610642433166504,-0.6442570090293884,-1.234825849533081,0.04649524390697479
1.610642433166504,-0.3221285045146942,-0.5905689001083374,0.04649524390697479
1.610642433166504,-0.1610642522573471,-1.2885140180587769,0.04649524390697479
1.7717067003250122,0.21475233137607574,-1.0200735330581665,0.04649524390697479
1.825394868850708,0.10737616568803787,-1.0737617015838623,0.04649524390697479
-0.805321216583252,1.234825849533081,0.4295046627521515,0.046495236456394196
-0.5905689001083374,-0.7516331672668457,0.5905689001083374,0.046495236456394196
-0.1610642522573471,0.7516331672668457,1.342202067375183,0.046495236456394196
-0.053688082844018936,-1.3958901166915894,0.7516331672668457,0.046495236456394196
1.4495782852172852,0.9663854837417603,-0.6979450583457947,0.046495236456394196
-2.201211452484131,0.21475233137607574,-0.2684404253959656,0.0464952290058136
-1.9327709674835205,0.912697434425354,0.1610642522573471,0.0464952290058136
-1.8790829181671143,-0.2684404253959656,0.21475233137607574,0.0464952290058136
-0.859009325504303,-1.234825849533081,-0.053688082844018936,0.0464952290058136
-0.859009325504303,3.1139087677001953,-0.37581658363342285,0.0464952290058136
-0.7516331672668457,-0.21475233137607574,-0.2684404253959656,0.0464952290058136
-0.7516331672668457,0.4295046627521515,1.1811378002166748,0.0464952290058136
-0.7516331672668457,0.859009325504303,-0.4295046627521515,0.0464952290058136
-0.6442570090293884,-3.436037302017212,1.610642433166504,0.0464952290058136
-0.5905689001083374,0.4831927418708801,1.1811378002166748,0.0464952290058136
-0.4831927418708801,-1.5032663345336914,0.37581658363342285,0.0464952290058136
-0.37581658363342285,-3.1675968170166016,0.37581658363342285,0.0464952290058136
-0.3221285045146942,2.469651699066162,1.1811378002166748,0.0464952290058136
-0.21475233137607574,-3.3286612033843994,1.825394868850708,0.0464952290058136
-0.21475233137607574,-0.6979450583457947,0.805321216583252,0.0464952290058136
-0.1610642522573471,-2.63071608543396,0.5368808507919312,0.0464952290058136
-0.1610642522573471,-2.5233399868011475,0.5368808507919312,0.0464952290058136
-0.1610642522573471,1.7717067003250122,-0.6979450583457947,0.0464952290058136
-0.053688082844018936,0.7516331672668457,1.2885140180587769,0.0464952290058136
0.0,-0.5368808507919312,0.6442570090293884,0.0464952290058136
0.1610642522573471,-1.6643306016921997,0.1610642522573471,0.0464952290058136
0.3221285045146942,-1.5569543838500977,0.3221285045146942,0.0464952290058136
0.37581658363342285,-0.9663854837417603,0.5368808507919312,0.0464952290058136
0.6442570090293884,-1.1811378002166748,0.21475233137607574,0.0464952290058136
0.6979450583457947,1.9864590167999268,0.21475233137607574,0.0464952290058136
0.7516331672668457,0.9663854837417603,0.7516331672668457,0.0464952290058136
1.1811378002166748,0.7516331672668457,-0.2684404253959656,0.0464952290058136
1.2885140180587769,1.0200735330581665,-0.10737616568803787,0.0464952290058136
1.2885140180587769,1.1274497509002686,-0.859009325504303,0.0464952290058136
1.3958901166915894,-0.4295046627521515,-0.6979450583457947,0.0464952290058136
1.5569543838500977,-0.10737616568803787,-0.7516331672668457,0.0464952290058136
1.7717067003250122,-0.859009325504303,-0.805321216583252,0.0464952290058136
-1.0200735330581665,1.234825849533081,0.6442570090293884,0.046495221555233
-0.9663854837417603,2.040147066116333,0.21475233137607574,0.046495221555233
-0.10737616568803787,2.415963649749756,1.234825849533081,0.046495221555233
0.0,-1.718018651008606,-0.4831927418708801,0.046495221555233
0.0,-1.1811378002166748,-0.5905689001083374,0.046495221555233
0.1610642522573471,0.3221285045146942,-0.805321216583252,0.046495221555233
0.4831927418708801,-2.1475234031677246,-0.10737616568803787,0.046495221555233
0.6442570090293884,0.10737616568803787,-0.4831927418708801,0.046495221555233
-2.201211452484131,0.2684404253959656,-0.053688082844018936,0.046495214104652405
-1.7717067003250122,0.9663854837417603,-0.4295046627521515,0.046495214104652405
-1.6643306016921997,0.7516331672668457,-0.4295046627521515,0.046495214104652405
-1.6643306016921997,0.9663854837417603,-0.4295046627521515,0.046495214104652405
-1.5569543838500977,0.859009325504303,0.4831927418708801,0.046495214104652405
-0.5905689001083374,-0.6442570090293884,0.5905689001083374,0.046495214104652405
-0.5905689001083374,-0.6442570090293884,0.6979450583457947,0.046495214104652405
-0.5905689001083374,3.060220718383789,1.0200735330581665,0.046495214104652405
-0.5905689001083374,3.436037302017212,-0.2684404253959656,0.046495214104652405
-0.5368808507919312,-0.4831927418708801,0.6979450583457947,0.046495214104652405
-0.4295046627521515,3.436037302017212,-0.37581658363342285,0.046495214104652405
-0.21475233137607574,-1.0200735330581665,-0.4831927418708801,0.046495214104652405
0.053688082844018936,-3.1139087677001953,1.5032663345336914,0.046495214104652405
0.053688082844018936,2.040147066116333,1.0200735330581665,0.046495214104652405
0.3221285045146942,1.9327709674835205,-0.37581658363342285,0.046495214104652405
0.6979450583457947,2.5770280361175537,-0.4831927418708801,0.046495214104652405
0.7516331672668457,1.1274497509002686,0.4831927418708801,0.046495214104652405
1.342202067375183,2.7380921840667725,0.2684404253959656,0.046495214104652405
1.4495782852172852,2.9528446197509766,0.2684404253959656,0.046495214104652405
1.5032663345336914,-0.859009325504303,-0.9663854837417603,0.046495214104652405
1.5032663345336914,-0.7516331672668457,-0.9663854837417603,0.046495214104652405
1.5569543838500977,-1.0200735330581665,-0.859009325504303,0.046495214104652405
1.718018651008606,-0.7516331672668457,-1.1811378002166748,0.046495214104652405
0.6442570090293884,-0.9663854837417603,0.1610642522573471,0.04649520665407181
-1.6643306016921997,0.859009325504303,-0.21475233137607574,0.04649519920349121
-1.1811378002166748,0.6442570090293884,-0.10737616568803787,0.04649519920349121
-1.0200735330581665,0.805321216583252,0.0,0.04649519920349121
-1.0200735330581665,2.3622756004333496,0.21475233137607574,0.04649519920349121
-1.0200735330581665,2.684404134750366,0.5368808507919312,0.04649519920349121
-0.859009325504303,2.040147066116333,0.2684404253959656,0.04649519920349121
-0.805321216583252,-1.6643306016921997,0.6442570090293884,0.04649519920349121
-0.805321216583252,2.254899501800537,-0.3221285045146942,0.04649519920349121
-0.6442570090293884,-0.5905689001083374,-0.3221285045146942,0.04649519920349121
-0.37581658363342285,0.21475233137607574,1.234825849533081,0.04649519920349121
-0.2684404253959656,-0.805321216583252,0.5368808507919312,0.04649519920349121
-0.2684404253959656,-0.5368808507919312,0.805321216583252,0.04649519920349121
-0.21475233137607574,1.5569543838500977,0.859009325504303,0.04649519920349121
0.053688082844018936,-1.4495782852172852,-0.2684404253959656,0.04649519920349121
0.053688082844018936,3.5434134006500244,-0.3221285045146942,0.04649519920349121
0.21475233137607574,0.805321216583252,1.234825849533081,0.04649519920349121
0.37581658363342285,2.1475234031677246,-0.5368808507919312,0.04649519920349121
0.37581658363342285,3.221284866333008,0.9663854837417603,0.04649519920349121
0.6442570090293884,0.9663854837417603,0.9663854837417603,0.04649519920349121
0.6442570090293884,1.610642433166504,-0.37581658363342285,0.04649519920349121
0.6979450583457947,-1.1274497509002686,-0.4295046627521515,0.04649519920349121
0.912697434425354,0.912697434425354,0.2684404253959656,0.04649519920349121
1.234825849533081,3.1675968170166016,-0.053688082844018936,0.04649519920349121
-1.9864590167999268,-0.805321216583252,-0.10737616568803787,0.046495191752910614
-0.5368808507919312,3.1139087677001953,-0.5905689001083374,0.046495191752910614
0.10737616568803787,-2.8991565704345703,-0.6442570090293884,0.046495191752910614
1.3958901166915894,0.37581658363342285,-0.859009325504303,0.046495191752910614
1.825394868850708,-0.4831927418708801,-0.6979450583457947,0.046495191752910614
-1.9327709674835205,-0.6442570090293884,0.2684404253959656,0.04649518430233002
-1.7717067003250122,-0.10737616568803787,0.053688082844018936,0.04649518430233002
-1.4495782852172852,2.63071608543396,0.0,0.04649518430233002
-0.5905689001083374,-2.8991565704345703,0.4831927418708801,0.04649518430233002
-0.4831927418708801,-1.5032663345336914,0.21475233137607574,0.04649518430233002
0.10737616568803787,-1.1274497509002686,0.2684404253959656,0.04649518430233002
0.3221285045146942,-2.201211452484131,-0.6979450583457947,0.04649518430233002
0.4831927418708801,-2.201211452484131,-0.5368808507919312,0.04649518430233002
1.5569543838500977,-0.6979450583457947,-1.1811378002166748,0.04649518430233002
1.5569543838500977,0.7516331672668457,-0.805321216583252,0.04649518430233002
-1.9327709674835205,0.10737616568803787,-0.4295046627521515,0.04649517685174942
-1.3958901166915894,3.5971014499664307,-0.10737616568803787,0.04649517685174942
-1.342202067375183,2.63071608543396,0.3221285045146942,0.04649517685174942
-0.9663854837417603,-1.1274497509002686,-0.053688082844018936,0.04649517685174942
-0.4295046627521515,1.1274497509002686,-0.4831927418708801,0.04649517685174942
-0.2684404253959656,-3.3286612033843994,1.9864590167999268,0.04649517685174942
0.0,-2.5770280361175537,0.912697434425354,0.04649517685174942
1.1274497509002686,3.489725351333618,0.4831927418708801,0.04649517685174942
-0.805321216583252,-1.1274497509002686,0.5368808507919312,0.04649516940116882
-0.1610642522573471,1.4495782852172852,-0.6442570090293884,0.04649516940116882
0.10737616568803787,1.5569543838500977,0.805321216583252,0.04649516940116882
0.21475233137607574,-3.006532669067383,-0.859009325504303,0.04649516940116882
0.7516331672668457,-1.7717067003250122,-0.1610642522573471,0.04649516940116882
0.9663854837417603,3.1139087677001953,-0.053688082844018936,0.04649516940116882
-1.3958901166915894,2.3085875511169434,0.0,0.046495161950588226
-0.859009325504303,2.254899501800537,0.6979450583457947,0.046495161950588226
-0.912697434425354,3.5434134006500244,0.2684404253959656,0.04649515450000763
0.912697434425354,2.3622756004333496,0.3221285045146942,0.04649515450000763
0.912697434425354,2.7380921840667725,0.6442570090293884,0.04649515450000763
1.9327709674835205,-0.4831927418708801,-0.805321216583252,0.04649515450000763
0.912697434425354,1.1274497509002686,0.2684404253959656,0.046458303928375244
1.0737617015838623,0.6979450583457947,0.0,0.04637265205383301
0.859009325504303,0.6979450583457947,-0.21475233137607574,0.04637259244918823
0.0,-2.201211452484131,0.9663854837417603,0.04627251625061035
0.0,-2.201211452484131,0.6442570090293884,0.046272486448287964
-0.21475233137607574,-2.201211452484131,0.5368808507919312,0.046272456645965576
-0.1610642522573471,1.6643306016921997,0.1610642522573471,0.046250149607658386
-0.3221285045146942,-2.3085875511169434,0.4831927418708801,0.046232208609580994
-0.5368808507919312,-0.37581658363342285,-0.10737616568803787,0.04614481329917908
0.053688082844018936,-0.5905689001083374,0.6979450583457947,0.046058475971221924
0.0,1.0200735330581665,-0.6442570090293884,0.046058446168899536
0.053688082844018936,-0.5905689001083374,0.805321216583252,0.046058446168899536
0.1610642522573471,1.0200735330581665,-0.805321216583252,0.046058446168899536
-1.0737617015838623,1.0737617015838623,0.37581658363342285,0.045945242047309875
-1.234825849533081,3.1675968170166016,-0.053688082844018936,0.0458282008767128
-1.234825849533081,3.274973154067993,0.053688082844018936,0.04582805186510086
0.805321216583252,-0.1610642522573471,0.1610642522573471,0.045702919363975525
0.21475233137607574,-2.415963649749756,-0.3221285045146942,0.04570058733224869
0.21475233137607574,-2.201211452484131,-0.3221285045146942,0.04570058733224869
1.342202067375183,0.5905689001083374,-1.5032663345336914,0.045623213052749634
1.5032663345336914,0.912697434425354,-0.912697434425354,0.045623213052749634
1.342202067375183,0.37581658363342285,-1.3958901166915894,0.04562315344810486
1.3958901166915894,1.0200735330581665,-1.1274497509002686,0.04562315344810486
1.5569543838500977,0.4831927418708801,-1.3958901166915894,0.04562315344810486
-0.859009325504303,1.7717067003250122,0.2684404253959656,0.045535869896411896
0.9663854837417603,0.5368808507919312,-0.4831927418708801,0.045479387044906616
0.7516331672668457,0.3221285045146942,-0.4831927418708801,0.045479342341423035
-0.5905689001083374,1.6643306016921997,-0.3221285045146942,0.04544404149055481
-0.912697434425354,1.4495782852172852,0.21475233137607574,0.04544401168823242
-0.37581658363342285,1.718018651008606,0.053688082844018936,0.04544401168823242
-0.053688082844018936,1.8790829181671143,1.234825849533081,0.045419156551361084
0.10737616568803787,1.9327709674835205,1.342202067375183,0.045419126749038696
-0.2684404253959656,1.5569543838500977,0.6979450583457947,0.045419007539749146
-0.2684404253959656,2.3085875511169434,1.342202067375183,0.045419007539749146
0.0,2.3085875511169434,1.5032663345336914,0.04541897773742676
-0.10737616568803787,2.3622756004333496,1.4495782852172852,0.04541894793510437
0.805321216583252,2.254899501800537,0.5905689001083374,0.04530903697013855
0.1610642522573471,-1.9864590167999268,-0.7516331672668457,0.04524990916252136
0.21475233137607574,-1.9864590167999268,-0.5905689001083374,0.04524990916252136
-1.0200735330581665,1.0200735330581665,0.21475233137607574,0.045206308364868164
-0.912697434425354,2.040147066116333,0.37581658363342285,0.04519517719745636
-0.859009325504303,0.7516331672668457,1.1274497509002686,0.045192405581474304
0.4295046627521515,-1.0737617015838623,0.3221285045146942,0.045173004269599915
1.4495782852172852,0.912697434425354,-0.4831927418708801,0.04516730457544327
1.342202067375183,0.805321216583252,-0.37581658363342285,0.045167192816734314
0.2684404253959656,-0.805321216583252,0.3221285045146942,0.04514801502227783
0.21475233137607574,2.201211452484131,-0.6442570090293884,0.04508146643638611
0.21475233137607574,-3.3286612033843994,-0.859009325504303,0.04503899812698364
0.21475233137607574,-3.3286612033843994,-0.7516331672668457,0.045038968324661255
-1.8790829181671143,1.0737617015838623,-0.1610642522573471,0.044934362173080444
-1.9864590167999268,0.912697434425354,-0.3221285045146942,0.04493430256843567
0.805321216583252,3.436037302017212,0.6442570090293884,0.04490010440349579
-0.21475233137607574,2.040147066116333,-0.5905689001083374,0.04487043619155884
-1.0737617015838623,2.5770280361175537,-0.10737616568803787,0.04477854073047638
-1.0737617015838623,2.7380921840667725,-0.2684404253959656,0.04477851092815399
0.2684404253959656,1.8790829181671143,1.1811378002166748,0.04469941556453705
-0.859009325504303,1.5569543838500977,0.3221285045146942,0.044696807861328125
0.805321216583252,3.3286612033843994,-0.2684404253959656,0.04455091059207916
0.6442570090293884,3.3823492527008057,-0.053688082844018936,0.04455086588859558
0.912697434425354,3.5434134006500244,-0.053688082844018936,0.04455077648162842
0.6979450583457947,1.5032663345336914,0.3221285045146942,0.044466666877269745
0.053688082844018936,1.234825849533081,-0.4831927418708801,0.04439377784729004
0.859009325504303,3.060220718383789,-0.3221285045146942,0.04426499456167221
0.9663854837417603,0.805321216583252,0.4295046627521515,0.04394683241844177
0.4831927418708801,-0.21475233137607574,-0.3221285045146942,0.043946802616119385
-0.5368808507919312,-1.2885140180587769,0.3221285045146942,0.04373916983604431
-0.053688082844018936,-3.274973154067993,-1.1274497509002686,0.04368574917316437
-0.37581658363342285,-3.274973154067993,-0.6979450583457947,0.04368571192026138
-0.4295046627521515,-3.1139087677001953,-0.5905689001083374,0.043685562908649445
-0.1610642522573471,-1.342202067375183,0.859009325504303,0.043685004115104675
0.912697434425354,2.5233399868011475,-0.053688082844018936,0.04366171360015869
-1.0200735330581665,2.5233399868011475,-0.053688082844018936,0.04366159439086914
1.0200735330581665,0.859009325504303,-1.234825849533081,0.043589845299720764
1.1274497509002686,0.9663854837417603,-1.234825849533081,0.04358974099159241
-1.4495782852172852,1.1811378002166748,0.4295046627521515,0.04347673058509827
0.5368808507919312,1.234825849533081,-0.21475233137607574,0.043460696935653687
0.4295046627521515,1.825394868850708,0.4831927418708801,0.04339265823364258
0.10737616568803787,1.5032663345336914,0.4831927418708801,0.04339253902435303
-0.4295046627521515,1.9327709674835205,-0.37581658363342285,0.04333941638469696
-0.5905689001083374,-2.040147066116333,1.0200735330581665,0.04327521473169327
-0.37581658363342285,-1.610642433166504,0.3221285045146942,0.04325184226036072
0.053688082844018936,-1.825394868850708,0.7516331672668457,0.04325184226036072
-0.37581658363342285,-1.2885140180587769,0.859009325504303,0.04325178265571594
-0.7516331672668457,1.2885140180587769,0.2684404253959656,0.04324324429035187
-0.4295046627521515,-0.6979450583457947,-0.3221285045146942,0.043232619762420654
-0.37581658363342285,-2.3622756004333496,1.0737617015838623,0.04320058226585388
0.10737616568803787,-2.0938353538513184,-0.053688082844018936,0.04307231307029724
-0.4831927418708801,-2.845468282699585,0.4295046627521515,0.043072253465652466
-0.4831927418708801,-2.845468282699585,1.0737617015838623,0.043072253465652466
-0.4831927418708801,-3.3286612033843994,0.5905689001083374,0.04307222366333008
-0.10737616568803787,-3.3286612033843994,0.5368808507919312,0.04307222366333008
-0.10737616568803787,-3.3286612033843994,0.9663854837417603,0.04307222366333008
0.0,-3.3286612033843994,0.7516331672668457,0.04307222366333008
0.10737616568803787,-1.610642433166504,-0.5368808507919312,0.04307222366333008
0.5368808507919312,-1.9327709674835205,0.10737616568803787,0.04307222366333008
-0.2684404253959656,-3.3286612033843994,1.0200735330581665,0.04307219386100769
0.0,-1.5569543838500977,-0.37581658363342285,0.04307219386100769
0.0,-1.5569543838500977,-0.053688082844018936,0.04307219386100769
0.4831927418708801,-1.9864590167999268,-0.5368808507919312,0.04307219386100769
0.6442570090293884,-1.9864590167999268,-0.37581658363342285,0.04307219386100769
-0.053688082844018936,-3.1675968170166016,0.4295046627521515,0.0430721640586853
-0.21475233137607574,-2.684404134750366,-0.5905689001083374,0.04307212680578232
0.805321216583252,2.1475234031677246,0.053688082844018936,0.0430435985326767
0.859009325504303,2.1475234031677246,0.3221285045146942,0.0430435836315155
1.1274497509002686,2.0938353538513184,0.10737616568803787,0.04304356873035431
1.0200735330581665,2.3085875511169434,0.3221285045146942,0.043043553829193115
0.21475233137607574,-3.1139087677001953,-0.2684404253959656,0.04295700043439865
-1.5032663345336914,0.6979450583457947,0.4295046627521515,0.04292398691177368
-1.718018651008606,1.0200735330581665,0.3221285045146942,0.042923957109451294
-1.610642433166504,0.5905689001083374,0.0,0.042923957109451294
-1.1811378002166748,0.805321216583252,0.4295046627521515,0.042923957109451294
0.4295046627521515,3.5434134006500244,-0.10737616568803787,0.04289080202579498
1.1274497509002686,3.006532669067383,0.5368808507919312,0.04272353649139404
-0.912697434425354,1.342202067375183,0.053688082844018936,0.04272274672985077
0.10737616568803787,1.718018651008606,0.4831927418708801,0.0427161380648613
0.859009325504303,2.040147066116333,0.10737616568803787,0.042651474475860596
0.10737616568803787,-2.040147066116333,-0.805321216583252,0.0425310954451561
-1.1811378002166748,2.415963649749756,0.4295046627521515,0.04252685606479645
0.1610642522573471,-2.63071608543396,-0.859009325504303,0.04248809814453125
0.1610642522573471,-2.5233399868011475,-0.859009325504303,0.04248809814453125
0.10737616568803787,-2.684404134750366,-0.9663854837417603,0.04248802363872528
0.2684404253959656,-2.469651699066162,-0.7516331672668457,0.04242509603500366
-0.1610642522573471,-2.1475234031677246,-0.3221285045146942,0.04242503643035889
-0.4831927418708801,-0.7516331672668457,-0.4295046627521515,0.04242132604122162
-1.0200735330581665,0.10737616568803787,0.10737616568803787,0.04238295555114746
-0.6442570090293884,0.1610642522573471,1.0737617015838623,0.04238295555114746
-0.37581658363342285,-0.3221285045146942,0.859009325504303,0.04238295555114746
-0.21475233137607574,-0.4831927418708801,-0.10737616568803787,0.04238295555114746
0.5368808507919312,0.805321216583252,-0.5368808507919312,0.04238295555114746
0.5368808507919312,1.2885140180587769,-0.053688082844018936,0.04238295555114746
-1.0200735330581665,0.3221285045146942,0.6442570090293884,0.04238283634185791
0.3221285045146942,0.6442570090293884,1.234825849533081,0.04238283634185791
-1.610642433166504,-0.6979450583457947,-0.21475233137607574,0.042328208684921265
-2.1475234031677246,-0.4295046627521515,0.053688082844018936,0.04232817888259888
-1.5032663345336914,-0.5368808507919312,0.053688082844018936,0.04232817888259888
-1.8790829181671143,-0.37581658363342285,0.2684404253959656,0.04232814908027649
-1.825394868850708,-0.6979450583457947,0.21475233137607574,0.04232814908027649
1.6643306016921997,-0.4831927418708801,-0.6442570090293884,0.04232814908027649
1.5569543838500977,-0.2684404253959656,-0.6442570090293884,0.0423281192779541
-2.040147066116333,-0.7516331672668457,-0.053688082844018936,0.042328089475631714
-2.040147066116333,-0.4831927418708801,0.21475233137607574,0.042328089475631714
-1.5032663345336914,0.6442570090293884,-0.21475233137607574,0.042276978492736816
-0.805321216583252,2.040147066116333,0.5368808507919312,0.04225963354110718
-0.9663854837417603,3.1139087677001953,0.10737616568803787,0.04224193096160889
-0.10737616568803787,3.5434134006500244,-0.3221285045146942,0.04224193096160889
0.4831927418708801,2.63071608543396,-0.6442570090293884,0.04224193096160889
0.859009325504303,2.254899501800537,0.3221285045146942,0.04224193096160889
-0.4831927418708801,3.5971014499664307,0.3221285045146942,0.042241811752319336
-0.10737616568803787,2.1475234031677246,-0.6442570090293884,0.042241811752319336
-0.21475233137607574,1.9327709674835205,1.0737617015838623,0.04222284257411957
-0.21475233137607574,1.9327709674835205,0.9663854837417603,0.042222797870635986
-0.053688082844018936,1.9327709674835205,0.912697434425354,0.042222753167152405
1.234825849533081,1.1811378002166748,-0.2684404253959656,0.04211784899234772
-0.5368808507919312,1.2885140180587769,0.7516331672668457,0.042107775807380676
-0.859009325504303,0.9663854837417603,-0.21475233137607574,0.04210776090621948
-0.7516331672668457,1.1811378002166748,0.859009325504303,0.04210774600505829
-1.0737617015838623,0.5905689001083374,-0.053688082844018936,0.042107611894607544
-1.7717067003250122,0.053688082844018936,-0.3221285045146942,0.04206359386444092
0.1610642522573471,1.1274497509002686,-0.5368808507919312,0.04197835922241211
0.9663854837417603,3.650789737701416,0.2684404253959656,0.041904062032699585
0.9663854837417603,3.3286612033843994,0.1610642522573471,0.041903942823410034
0.9663854837417603,3.3286612033843994,0.5905689001083374,0.041903913021087646
1.1811378002166748,0.3221285045146942,-1.0200735330581665,0.041807740926742554
1.1811378002166748,0.3221285045146942,-1.234825849533081,0.041807711124420166
1.234825849533081,0.9663854837417603,-0.9663854837417603,0.041807711124420166
1.6643306016921997,0.4831927418708801,-1.234825849533081,0.041807711124420166
0.912697434425354,3.060220718383789,0.0,0.04178634285926819
0.9663854837417603,0.6979450583457947,-1.0737617015838623,0.0417618453502655
1.0200735330581665,0.805321216583252,-0.1610642522573471,0.04176178574562073
1.342202067375183,-0.6979450583457947,-0.7516331672668457,0.041714757680892944
1.342202067375183,-0.4831927418708801,-0.7516331672668457,0.041714757680892944
-0.10737616568803787,-2.469651699066162,1.0737617015838623,0.04163452982902527
-0.2684404253959656,-2.1475234031677246,0.5905689001083374,0.04163438081741333
-0.21475233137607574,-3.1139087677001953,1.6643306016921997,0.04155278205871582
-0.5368808507919312,-3.221284866333008,1.7717067003250122,0.04155275225639343
-0.4295046627521515,1.3958901166915894,-0.10737616568803787,0.04155273735523224
-0.10737616568803787,-3.436037302017212,1.5569543838500977,0.04155266284942627
0.4831927418708801,1.234825849533081,-0.5368808507919312,0.04141782224178314
0.21475233137607574,1.9327709674835205,-0.6442570090293884,0.04141776263713837
1.234825849533081,2.3622756004333496,-0.053688082844018936,0.04128043353557587
1.3958901166915894,2.415963649749756,0.053688082844018936,0.04128043353557587
1.1274497509002686,2.5770280361175537,-0.1610642522573471,0.04128037393093109
1.234825849533081,2.5770280361175537,0.37581658363342285,0.04128037393093109
1.1811378002166748,0.859009325504303,0.37581658363342285,0.0412803515791893
0.9663854837417603,2.63071608543396,0.2684404253959656,0.041280344128608704
1.3958901166915894,2.63071608543396,-0.053688082844018936,0.041280344128608704
1.234825849533081,2.7380921840667725,-0.10737616568803787,0.041280314326286316
1.0737617015838623,2.254899501800537,-0.053688082844018936,0.04125127196311951
0.053688082844018936,1.7717067003250122,-0.21475233137607574,0.0412217453122139
0.21475233137607574,0.10737616568803787,-0.6979450583457947,0.04121686518192291
0.3221285045146942,-0.4831927418708801,0.10737616568803787,0.041216857731342316
1.2885140180587769,0.805321216583252,0.053688082844018936,0.04117909073829651
-0.4831927418708801,-0.805321216583252,0.7516331672668457,0.04116727411746979
-0.5368808507919312,1.9864590167999268,0.805321216583252,0.04114656150341034
-0.6979450583457947,0.2684404253959656,-0.5368808507919312,0.04110229015350342
0.4295046627521515,-3.060220718383789,-0.4295046627521515,0.04107162356376648
0.5905689001083374,-3.274973154067993,-0.4831927418708801,0.041044071316719055
0.7516331672668457,-3.274973154067993,-0.5368808507919312,0.04104404151439667
-0.37581658363342285,-0.5368808507919312,0.4295046627521515,0.041036948561668396
-1.0737617015838623,0.2684404253959656,0.1610642522573471,0.041008710861206055
-0.6442570090293884,-0.37581658363342285,0.1610642522573471,0.041008710861206055
0.053688082844018936,0.6979450583457947,-0.7516331672668457,0.041008710861206055
0.053688082844018936,1.5032663345336914,0.053688082844018936,0.041008710861206055
0.1610642522573471,0.5905689001083374,1.2885140180587769,0.041008710861206055
0.4831927418708801,0.7516331672668457,1.1274497509002686,0.041008710861206055
0.6442570090293884,-0.2684404253959656,0.053688082844018936,0.041008710861206055
0.805321216583252,-0.10737616568803787,0.37581658363342285,0.041008710861206055
-0.805321216583252,-0.21475233137607574,0.4831927418708801,0.041008591651916504
-0.7516331672668457,0.6979450583457947,-0.4831927418708801,0.041008591651916504
-0.3221285045146942,1.0200735330581665,1.1274497509002686,0.041008591651916504
-0.2684404253959656,-0.21475233137607574,-0.4831927418708801,0.041008591651916504
-0.2684404253959656,1.1811378002166748,1.0200735330581665,0.041008591651916504
0.37581658363342285,1.0737617015838623,1.0200735330581665,0.041008591651916504
0.5368808507919312,1.234825849533081,0.6979450583457947,0.041008591651916504
0.9663854837417603,0.6979450583457947,0.1610642522573471,0.041008591651916504
-0.053688082844018936,-1.2885140180587769,-0.053688082844018936,0.04098689556121826
0.37581658363342285,-0.4295046627521515,-0.053688082844018936,0.04098689556121826
0.4295046627521515,-0.5368808507919312,-0.5368808507919312,0.04098689556121826
0.5905689001083374,-0.7516331672668457,-0.5905689001083374,0.04098689556121826
-0.21475233137607574,-1.0200735330581665,-0.37581658363342285,0.040986835956573486
0.10737616568803787,-1.234825849533081,-0.5905689001083374,0.040986835956573486
0.1610642522573471,-1.3958901166915894,-0.053688082844018936,0.040986835956573486
0.7516331672668457,1.3958901166915894,0.053688082844018936,0.040979936718940735
-0.6442570090293884,-2.3622756004333496,0.7516331672668457,0.040962740778923035
0.3221285045146942,-1.7717067003250122,-0.6442570090293884,0.04089805483818054
0.2684404253959656,-1.5032663345336914,0.10737616568803787,0.04082240164279938
-0.912697434425354,3.1139087677001953,-0.10737616568803787,0.04082024097442627
-0.805321216583252,2.469651699066162,-0.4295046627521515,0.04082024097442627
-0.4831927418708801,2.3622756004333496,1.0737617015838623,0.04082024097442627
-0.37581658363342285,3.5434134006500244,0.6442570090293884,0.04082012176513672
0.2684404253959656,3.5434134006500244,0.6442570090293884,0.04082012176513672
0.053688082844018936,-1.7717067003250122,-0.5368808507919312,0.040795378386974335
-0.805321216583252,-0.859009325504303,0.5368808507919312,0.040747225284576416
-0.37581658363342285,-1.2885140180587769,0.10737616568803787,0.040747225284576416
-0.37581658363342285,-0.859009325504303,0.5368808507919312,0.040747225284576416
0.3221285045146942,-1.610642433166504,-0.6442570090293884,0.040736906230449677
0.21475233137607574,-1.7717067003250122,-0.6979450583457947,0.040736787021160126
0.3221285045146942,1.825394868850708,-0.7516331672668457,0.04065313935279846
0.5368808507919312,1.825394868850708,-0.5368808507919312,0.04065313935279846
0.21475233137607574,1.9327709674835205,-0.4295046627521515,0.040653079748153687
0.6442570090293884,1.5032663345336914,-0.5368808507919312,0.040653079748153687
0.0,1.2885140180587769,-0.4295046627521515,0.0406530499458313
0.37581658363342285,-1.6643306016921997,0.2684404253959656,0.040566012263298035
-1.234825849533081,3.3286612033843994,-0.1610642522573471,0.040565937757492065
1.610642433166504,2.5770280361175537,0.053688082844018936,0.040557458996772766
0.0,1.825394868850708,-0.3221285045146942,0.040545664727687836
-0.1610642522573471,1.7717067003250122,-0.21475233137607574,0.04054562747478485
-0.053688082844018936,1.7717067003250122,-0.4295046627521515,0.04054561257362366
0.3221285045146942,-1.4495782852172852,0.37581658363342285,0.04041577875614166
-0.1610642522573471,-1.610642433166504,0.37581658363342285,0.04040159285068512
0.6979450583457947,1.718018651008606,0.37581658363342285,0.040387704968452454
0.5368808507919312,1.5569543838500977,0.37581658363342285,0.04038764536380768
0.6442570090293884,3.436037302017212,0.21475233137607574,0.040346696972846985
0.4831927418708801,0.4295046627521515,-0.6442570090293884,0.04032778739929199
-0.912697434425354,3.1675968170166016,0.4831927418708801,0.040253639221191406
-0.2684404253959656,1.5032663345336914,0.37581658363342285,0.04021354019641876
-0.3221285045146942,1.825394868850708,-0.5905689001083374,0.04020223021507263
-0.2684404253959656,-3.1139087677001953,1.1811378002166748,0.04020223021507263
-0.2684404253959656,-3.1139087677001953,1.3958901166915894,0.04020215570926666
-0.7516331672668457,1.610642433166504,0.5368808507919312,0.04010289907455444
-0.6979450583457947,1.7717067003250122,0.5368808507919312,0.04010289907455444
-0.21475233137607574,2.1475234031677246,1.0737617015838623,0.040102869272232056
0.10737616568803787,2.1475234031677246,1.0737617015838623,0.040102869272232056
-0.4831927418708801,1.610642433166504,0.805321216583252,0.04010283946990967
-0.21475233137607574,2.3622756004333496,1.2885140180587769,0.04010277986526489
0.10737616568803787,2.3622756004333496,1.2885140180587769,0.04010277986526489
-0.21475233137607574,1.718018651008606,0.5368808507919312,0.04007767140865326
1.6643306016921997,-0.9663854837417603,-0.859009325504303,0.04007767140865326
1.4495782852172852,-0.912697434425354,-0.912697434425354,0.040077656507492065
-0.5368808507919312,-1.342202067375183,0.21475233137607574,0.04007764160633087
-0.21475233137607574,1.5032663345336914,0.5368808507919312,0.040077611804008484
-0.1610642522573471,1.4495782852172852,0.7516331672668457,0.0400775671005249
0.7516331672668457,1.0200735330581665,-0.21475233137607574,0.03993603587150574
1.1811378002166748,0.5905689001083374,-0.6442570090293884,0.03993603587150574
0.6979450583457947,1.234825849533081,-0.37581658363342285,0.03993600606918335
0.912697434425354,1.0200735330581665,-0.1610642522573471,0.03993600606918335
-0.4831927418708801,-3.221284866333008,0.4295046627521515,0.03990212082862854
1.0200735330581665,0.3221285045146942,0.37581658363342285,0.039890408515930176
1.0200735330581665,0.4831927418708801,0.3221285045146942,0.039890408515930176
0.4295046627521515,0.0,-0.5368808507919312,0.03989032655954361
-0.5368808507919312,-0.3221285045146942,-0.21475233137607574,0.039890311658382416
1.0737617015838623,3.436037302017212,-0.10737616568803787,0.03987865149974823
1.234825849533081,3.274973154067993,0.0,0.03987865149974823
-1.7717067003250122,-0.912697434425354,-0.053688082844018936,0.03976711630821228
0.9663854837417603,1.342202067375183,-0.21475233137607574,0.0397622287273407
0.9663854837417603,1.342202067375183,-0.10737616568803787,0.0397622287273407
-0.6979450583457947,0.2684404253959656,1.0737617015838623,0.03967682272195816
0.4831927418708801,1.0737617015838623,-0.4831927418708801,0.039676815271377563
-0.805321216583252,1.2885140180587769,0.053688082844018936,0.039676785469055176
0.805321216583252,0.37581658363342285,0.859009325504303,0.039676785469055176
1.2885140180587769,-0.2684404253959656,-1.0200735330581665,0.03966771066188812
1.2885140180587769,-0.1610642522573471,-0.912697434425354,0.039667680859565735
1.2885140180587769,-0.053688082844018936,-0.912697434425354,0.039667680859565735
-0.21475233137607574,-3.221284866333008,-1.234825849533081,0.03957413136959076
-0.5905689001083374,-2.7917802333831787,-0.859009325504303,0.03956398367881775
-0.1610642522573471,-2.5770280361175537,-0.7516331672668457,0.039563924074172974
-0.912697434425354,-0.21475233137607574,0.0,0.039548613131046295
0.6979450583457947,-1.610642433166504,-0.053688082844018936,0.03952948749065399
0.7516331672668457,-1.825394868850708,0.10737616568803787,0.0395294725894928
0.5368808507919312,-1.610642433166504,0.10737616568803787,0.03952944278717041
-0.912697434425354,0.859009325504303,0.7516331672668457,0.03951147198677063
1.0737617015838623,2.845468282699585,0.0,0.03947388380765915
-0.859009325504303,2.469651699066162,0.805321216583252,0.03944572061300278
0.5905689001083374,2.0938353538513184,0.805321216583252,0.039445579051971436
-0.6442570090293884,2.8991565704345703,-0.5905689001083374,0.03944554924964905
-1.610642433166504,1.0200735330581665,0.4295046627521515,0.03944532573223114
-0.912697434425354,0.3221285045146942,-0.4295046627521515,0.03942686319351196
0.053688082844018936,-2.9528446197509766,1.0200735330581665,0.039418384432792664
1.1274497509002686,1.1274497509002686,-0.21475233137607574,0.039414405822753906
0.5905689001083374,-0.4831927418708801,-0.21475233137607574,0.03940136730670929
0.5368808507919312,3.489725351333618,0.37581658363342285,0.03939652442932129
-0.4295046627521515,3.489725351333618,-0.2684404253959656,0.03939640522003174
-0.4295046627521515,3.489725351333618,0.6979450583457947,0.03939640522003174
0.6979450583457947,1.0737617015838623,-0.1610642522573471,0.039351269602775574
-0.805321216583252,1.9327709674835205,-0.10737616568803787,0.039261579513549805
0.0,-0.2684404253959656,-0.5905689001083374,0.03921408951282501
-0.10737616568803787,-0.1610642522573471,-0.5905689001083374,0.039214082062244415
-0.859009325504303,1.1811378002166748,0.805321216583252,0.03918801248073578
-0.4831927418708801,-1.234825849533081,0.4831927418708801,0.03918798267841339
1.1274497509002686,1.0200735330581665,0.3221285045146942,0.03918798267841339
0.9663854837417603,0.859009325504303,0.3221285045146942,0.03918793797492981
0.4831927418708801,1.825394868850708,0.2684404253959656,0.03909711539745331
0.5905689001083374,1.8790829181671143,0.3221285045146942,0.039097100496292114
-0.7516331672668457,0.859009325504303,0.9663854837417603,0.03908762335777283
0.6979450583457947,2.469651699066162,0.859009325504303,0.03905396908521652
-1.1811378002166748,3.060220718383789,0.5368808507919312,0.03904636204242706
-1.0200735330581665,3.006532669067383,0.4295046627521515,0.039046332240104675
-1.0737617015838623,3.221284866333008,0.5905689001083374,0.039046287536621094
-0.9663854837417603,3.221284866333008,0.5905689001083374,0.03904624283313751
-0.1610642522573471,-1.2885140180587769,0.2684404253959656,0.03897857666015625
0.7516331672668457,1.1274497509002686,0.0,0.038938067853450775
0.4831927418708801,-0.5905689001083374,0.1610642522573471,0.03890638053417206
0.6442570090293884,-0.5905689001083374,0.3221285045146942,0.03890638053417206
0.6442570090293884,-0.6979450583457947,0.3221285045146942,0.038906365633010864
-0.4295046627521515,-2.5770280361175537,0.7516331672668457,0.03889164328575134
-0.4831927418708801,-2.684404134750366,0.912697434425354,0.03889160603284836
1.342202067375183,1.0200735330581665,-0.21475233137607574,0.03865177929401398
0.9663854837417603,2.63071608543396,0.4831927418708801,0.038577601313591
1.1811378002166748,2.8991565704345703,0.4831927418708801,0.038577571511268616
0.9663854837417603,2.5233399868011475,0.2684404253959656,0.03857754170894623
-0.912697434425354,2.1475234031677246,0.1610642522573471,0.038577497005462646
1.1811378002166748,2.415963649749756,0.37581658363342285,0.038577497005462646
1.1811378002166748,2.7917802333831787,0.4831927418708801,0.038577497005462646
0.9663854837417603,2.415963649749756,0.5905689001083374,0.03857746720314026
-0.10737616568803787,-2.5233399868011475,-0.859009325504303,0.03849153220653534
0.0,-2.415963649749756,-0.9663854837417603,0.03849136084318161
1.342202067375183,0.2684404253959656,-1.1811378002166748,0.03839883208274841
1.5569543838500977,-0.10737616568803787,-1.342202067375183,0.03839883208274841
-1.7717067003250122,-0.4295046627521515,0.3221285045146942,0.038372740149497986
1.0737617015838623,3.3823492527008057,0.053688082844018936,0.038339897990226746
0.2684404253959656,-2.5233399868011475,-0.5368808507919312,0.03830742835998535
-0.053688082844018936,-2.5770280361175537,-0.805321216583252,0.038307398557662964
0.21475233137607574,-2.5770280361175537,-0.6442570090293884,0.038307398557662964
0.053688082844018936,-2.0938353538513184,-0.3221285045146942,0.038307249546051025
-0.21475233137607574,1.5569543838500977,0.053688082844018936,0.03830687701702118
-1.0737617015838623,0.3221285045146942,0.4295046627521515,0.038254618644714355
-1.0737617015838623,0.6442570090293884,0.10737616568803787,0.038254618644714355
0.10737616568803787,-0.5368808507919312,0.10737616568803787,0.038254618644714355
-0.21475233137607574,1.3958901166915894,-0.21475233137607574,0.038254499435424805
0.4295046627521515,1.3958901166915894,0.4295046627521515,0.038254499435424805
0.859009325504303,0.3221285045146942,0.7516331672668457,0.038254499435424805
-0.5905689001083374,1.825394868850708,0.2684404253959656,0.03824314475059509
0.5368808507919312,-0.805321216583252,-0.6442570090293884,0.03821080923080444
0.0,-1.0200735330581665,0.21475233137607574,0.03821074962615967
0.37581658363342285,-1.1811378002166748,0.21475233137607574,0.03821074962615967
0.6979450583457947,-1.1811378002166748,-0.10737616568803787,0.03821069002151489
0.6979450583457947,-1.0200735330581665,0.053688082844018936,0.03821069002151489
-1.8790829181671143,1.0200735330581665,-0.3221285045146942,0.038208648562431335
-1.0200735330581665,0.912697434425354,-0.053688082844018936,0.038208648562431335
1.8790829181671143,-0.6979450583457947,-0.5905689001083374,0.038208648562431335
-0.5368808507919312,1.8790829181671143,-0.1610642522573471,0.03820863366127014
-0.4295046627521515,1.8790829181671143,-0.2684404253959656,0.03820863366127014
0.4295046627521515,-0.4295046627521515,0.053688082844018936,0.03820863366127014
1.0737617015838623,3.274973154067993,-0.1610642522573471,0.03819821774959564
1.1274497509002686,3.060220718383789,-0.10737616568803787,0.03819798678159714
-0.3221285045146942,1.5032663345336914,0.053688082844018936,0.03818470984697342
-0.2684404253959656,1.4495782852172852,-0.1610642522573471,0.03818470239639282
1.0737617015838623,2.7917802333831787,0.37581658363342285,0.03817416727542877
0.9663854837417603,2.7917802333831787,0.37581658363342285,0.038174115121364594
-0.9663854837417603,-0.053688082844018936,-0.21475233137607574,0.03817109763622284
-1.5569543838500977,-0.9663854837417603,-0.10737616568803787,0.03815928101539612
-0.1610642522573471,-2.684404134750366,1.1274497509002686,0.038137853145599365
1.9327709674835205,-0.37581658363342285,-0.859009325504303,0.03810995817184448
0.10737616568803787,1.5569543838500977,0.0,0.03810085356235504
-2.040147066116333,0.912697434425354,0.0,0.03806181997060776
1.825394868850708,-0.805321216583252,-0.7516331672668457,0.03806178271770477
-1.7717067003250122,1.1274497509002686,0.053688082844018936,0.03806170076131821
-0.805321216583252,2.845468282699585,0.912697434425354,0.03799508512020111
-0.805321216583252,3.5434134006500244,0.4295046627521515,0.03799489140510559
-0.6442570090293884,3.436037302017212,0.5905689001083374,0.0379948765039444
-0.4831927418708801,3.274973154067993,0.912697434425354,0.037970900535583496
-0.9663854837417603,2.8991565704345703,0.5905689001083374,0.037970781326293945
-0.7516331672668457,2.8991565704345703,-0.4831927418708801,0.037970781326293945
-0.4831927418708801,2.7380921840667725,1.1274497509002686,0.037970781326293945
-0.4831927418708801,3.3823492527008057,0.805321216583252,0.037970781326293945
-0.2684404253959656,3.060220718383789,-0.6979450583457947,0.037970781326293945
0.1610642522573471,1.7717067003250122,0.5905689001083374,0.037970781326293945
0.1610642522573471,1.9864590167999268,0.912697434425354,0.037970781326293945
0.37581658363342285,1.7717067003250122,0.2684404253959656,0.037970781326293945
0.37581658363342285,2.63071608543396,-0.6979450583457947,0.037970781326293945
0.6442570090293884,2.469651699066162,-0.4831927418708801,0.037970781326293945
0.859009325504303,2.8991565704345703,0.5905689001083374,0.037970781326293945
-0.9663854837417603,3.1139087677001953,0.2684404253959656,0.037970662117004395
-0.10737616568803787,3.5971014499664307,-0.21475233137607574,0.037970662117004395
0.0,3.5971014499664307,-0.21475233137607574,0.037970662117004395
0.1610642522573471,3.5971014499664307,0.5905689001083374,0.037970662117004395
0.3221285045146942,1.825394868850708,0.5905689001083374,0.037970662117004395
-0.2684404253959656,1.610642433166504,0.37581658363342285,0.03796352446079254
-0.4831927418708801,1.610642433166504,0.2684404253959656,0.03796350955963135
1.5569543838500977,0.4295046627521515,-0.912697434425354,0.037953078746795654
0.859009325504303,3.1139087677001953,-0.053688082844018936,0.037941694259643555
-0.7516331672668457,2.8991565704345703,0.912697434425354,0.037931449711322784
-1.8790829181671143,0.2684404253959656,-0.3221285045146942,0.03792086988687515
-1.5032663345336914,-0.4295046627521515,0.053688082844018936,0.03789769113063812
-2.1475234031677246,0.4295046627521515,-0.3221285045146942,0.03789761662483215
-2.1475234031677246,0.6979450583457947,-0.053688082844018936,0.03789761662483215
-2.1475234031677246,0.7516331672668457,-0.10737616568803787,0.03789761662483215
-1.610642433166504,0.6979450583457947,-0.37581658363342285,0.03789761662483215
-2.201211452484131,0.5368808507919312,-0.1610642522573471,0.037897586822509766
-1.825394868850708,0.912697434425354,-0.1610642522573471,0.037897586822509766
-1.7717067003250122,0.7516331672668457,0.053688082844018936,0.037897586822509766
-1.7717067003250122,0.3221285045146942,-0.37581658363342285,0.03789755702018738
-1.718018651008606,0.3221285045146942,-0.3221285045146942,0.03789755702018738
0.21475233137607574,1.7717067003250122,-0.1610642522573471,0.03785116970539093
0.7516331672668457,0.1610642522573471,-0.37581658363342285,0.0378359854221344
-0.912697434425354,1.342202067375183,0.4831927418708801,0.03778290003538132
-0.805321216583252,1.342202067375183,0.4831927418708801,0.03778290003538132
-0.9663854837417603,1.2885140180587769,0.4831927418708801,0.03778288513422012
-0.7516331672668457,1.2885140180587769,0.4831927418708801,0.03778288513422012
-0.7516331672668457,1.342202067375183,0.5368808507919312,0.03778288513422012
-0.5368808507919312,1.234825849533081,-0.37581658363342285,0.03778288513422012
0.1610642522573471,-0.6442570090293884,0.7516331672668457,0.03778287023305893
0.1610642522573471,-0.6979450583457947,0.6979450583457947,0.037782855331897736
0.21475233137607574,-0.6979450583457947,0.7516331672668457,0.037782855331897736
0.3221285045146942,-0.4831927418708801,0.5368808507919312,0.037782855331897736
-1.0737617015838623,0.6979450583457947,0.37581658363342285,0.03778284788131714
-0.805321216583252,1.2885140180587769,-0.2684404253959656,0.03778282552957535
-0.5368808507919312,1.3958901166915894,-0.3221285045146942,0.037782810628414154
-0.859009325504303,1.0737617015838623,0.5905689001083374,0.03778276592493057
-0.859009325504303,2.5233399868011475,-0.37581658363342285,0.037665046751499176
-0.9663854837417603,2.5233399868011475,-0.2684404253959656,0.03766500949859619
-0.859009325504303,2.415963649749756,-0.37581658363342285,0.037664905190467834
-0.21475233137607574,1.5032663345336914,0.10737616568803787,0.037619516253471375
0.21475233137607574,-2.5770280361175537,-0.5368808507919312,0.0376189723610878
1.5569543838500977,-0.053688082844018936,-1.3958901166915894,0.03752756118774414
0.1610642522573471,1.5569543838500977,0.6442570090293884,0.03731308877468109
0.1610642522573471,1.5569543838500977,0.3221285045146942,0.0373130738735199
0.1610642522573471,-0.912697434425354,0.6442570090293884,0.03730285167694092
1.1274497509002686,3.3823492527008057,0.4295046627521515,0.03728671371936798
-0.9663854837417603,0.6979450583457947,-0.21475233137607574,0.03728385269641876
-0.5905689001083374,0.6979450583457947,1.1811378002166748,0.03728385269641876
-1.0737617015838623,0.6979450583457947,-0.3221285045146942,0.037283822894096375
-0.5905689001083374,0.5905689001083374,1.2885140180587769,0.03728380799293518
0.2684404253959656,-2.0938353538513184,-0.6979450583457947,0.03728380799293518
0.2684404253959656,-2.0938353538513184,-0.4831927418708801,0.03728380799293518
-0.805321216583252,3.3823492527008057,0.053688082844018936,0.03728377819061279
0.1610642522573471,-1.5569543838500977,-0.5905689001083374,0.03728377819061279
-1.825394868850708,0.5368808507919312,0.10737616568803787,0.037283770740032196
-1.1811378002166748,2.3085875511169434,0.2684404253959656,0.0372837632894516
-1.0737617015838623,0.7516331672668457,0.4831927418708801,0.0372837632894516
0.2684404253959656,-1.5569543838500977,-0.6979450583457947,0.0372837632894516
0.37581658363342285,-1.5569543838500977,-0.5905689001083374,0.0372837632894516
0.6442570090293884,2.9528446197509766,1.0200735330581665,0.0372837632894516
1.5032663345336914,-0.6979450583457947,-1.0737617015838623,0.0372837632894516
0.6442570090293884,-1.5569543838500977,-0.37581658363342285,0.037283748388290405
0.5368808507919312,0.912697434425354,-0.7516331672668457,0.03721900284290314
0.5368808507919312,0.912697434425354,-0.6442570090293884,0.03721898794174194
0.5368808507919312,1.0200735330581665,-0.5368808507919312,0.03721897304058075
0.5368808507919312,1.1274497509002686,-0.5368808507919312,0.03721894323825836
0.1610642522573471,1.9327709674835205,0.9663854837417603,0.037105366587638855
-0.1610642522573471,1.5032663345336914,0.0,0.03710535168647766
-0.805321216583252,0.6979450583457947,1.1811378002166748,0.037091419100761414
-0.5905689001083374,-0.37581658363342285,-0.3221285045146942,0.03708350658416748
0.859009325504303,2.469651699066162,-0.1610642522573471,0.03707655519247055
-0.4831927418708801,-2.63071608543396,0.7516331672668457,0.037034742534160614
-0.4831927418708801,-2.5233399868011475,0.7516331672668457,0.037034742534160614
0.5368808507919312,-0.5368808507919312,0.1610642522573471,0.03702002763748169
-1.4495782852172852,2.845468282699585,0.10737616568803787,0.03700718283653259
-1.342202067375183,3.221284866333008,0.37581658363342285,0.03700694441795349
-1.0200735330581665,3.1675968170166016,0.3221285045146942,0.03700694441795349
-0.053688082844018936,-0.5905689001083374,0.21475233137607574,0.03700658679008484
0.21475233137607574,-0.912697434425354,0.4831927418708801,0.03700658679008484
0.2684404253959656,-0.805321216583252,0.4295046627521515,0.03700658679008484
-0.1610642522573471,-0.5368808507919312,0.4831927418708801,0.03700655698776245
0.21475233137607574,-0.6979450583457947,0.2684404253959656,0.03700655698776245
-0.21475233137607574,-1.5569543838500977,0.2684404253959656,0.03690342605113983
0.21475233137607574,1.718018651008606,0.053688082844018936,0.03688706457614899
-1.0200735330581665,3.221284866333008,0.6442570090293884,0.036880165338516235
0.2684404253959656,1.825394868850708,-0.21475233137607574,0.036875635385513306
0.0,1.718018651008606,-0.2684404253959656,0.03687557578086853
0.21475233137607574,1.1811378002166748,-0.4831927418708801,0.03687557578086853
0.2684404253959656,1.610642433166504,-0.10737616568803787,0.03687557578086853
0.4295046627521515,1.342202067375183,-0.7516331672668457,0.03687557578086853
0.4831927418708801,1.3958901166915894,-0.7516331672668457,0.03687557578086853
0.5368808507919312,1.3958901166915894,-0.6979450583457947,0.03687557578086853
0.5368808507919312,1.718018651008606,-0.2684404253959656,0.03687557578086853
0.5368808507919312,1.7717067003250122,-0.3221285045146942,0.03687557578086853
0.4295046627521515,1.2885140180587769,-0.2684404253959656,0.036875516176223755
-1.0737617015838623,0.5368808507919312,0.4831927418708801,0.03687477111816406
-0.2684404253959656,-0.5368808507919312,0.3221285045146942,0.03687477111816406
0.0,1.0737617015838623,1.1274497509002686,0.03687477111816406
0.21475233137607574,-0.4295046627521515,0.6979450583457947,0.03687477111816406
0.21475233137607574,0.912697434425354,-0.6442570090293884,0.03687477111816406
0.5368808507919312,0.4295046627521515,1.1274497509002686,0.03687477111816406
0.5368808507919312,0.5368808507919312,1.1274497509002686,0.03687477111816406
-1.0737617015838623,0.6979450583457947,0.21475233137607574,0.03687465190887451
-0.9663854837417603,0.7516331672668457,0.6979450583457947,0.03687465190887451
-0.912697434425354,-0.10737616568803787,0.21475233137607574,0.03687465190887451
-0.859009325504303,1.1274497509002686,0.10737616568803787,0.03687465190887451
-0.859009325504303,1.1274497509002686,0.4295046627521515,0.03687465190887451
-0.6979450583457947,0.6442570090293884,-0.5368808507919312,0.03687465190887451
-0.6442570090293884,1.342202067375183,0.21475233137607574,0.03687465190887451
-0.4831927418708801,0.21475233137607574,1.1811378002166748,0.03687465190887451
-0.21475233137607574,1.2885140180587769,-0.37581658363342285,0.03687465190887451
-0.10737616568803787,-0.37581658363342285,-0.3221285045146942,0.03687465190887451
0.0,1.342202067375183,-0.3221285045146942,0.03687465190887451
0.37581658363342285,0.7516331672668457,1.1811378002166748,0.03687465190887451
0.5368808507919312,1.342202067375183,0.21475233137607574,0.03687465190887451
0.7516331672668457,0.6442570090293884,-0.37581658363342285,0.03687465190887451
0.805321216583252,0.5368808507919312,0.859009325504303,0.03687465190887451
0.6442570090293884,2.469651699066162,0.912697434425354,0.036872439086437225
-0.5905689001083374,1.0200735330581665,1.0737617015838623,0.03686213493347168
-0.5905689001083374,1.0737617015838623,1.1274497509002686,0.0368620902299881
-0.4831927418708801,1.234825849533081,0.9663854837417603,0.03686201572418213
-0.2684404253959656,-0.7516331672668457,-0.2684404253959656,0.03681503236293793
-0.1610642522573471,-0.6979450583457947,-0.4295046627521515,0.03681501746177673
0.912697434425354,0.37581658363342285,-0.4295046627521515,0.03676702082157135
-0.5368808507919312,-1.234825849533081,0.4295046627521515,0.03673844784498215
-0.5905689001083374,-2.0938353538513184,0.805321216583252,0.036692678928375244
-0.4295046627521515,-2.1475234031677246,0.6979450583457947,0.036692678928375244
-0.4295046627521515,-2.1475234031677246,0.805321216583252,0.036692678928375244
-0.6442570090293884,-1.9327709674835205,0.4831927418708801,0.03669258952140808
-0.4295046627521515,-1.342202067375183,0.5368808507919312,0.03669258952140808
0.0,-1.7717067003250122,0.9663854837417603,0.03669258952140808
-0.805321216583252,-1.7717067003250122,0.6979450583457947,0.03669255971908569
-0.1610642522573471,-1.9864590167999268,0.4831927418708801,0.03669255971908569
-0.10737616568803787,-1.5032663345336914,1.0200735330581665,0.03669255971908569
-0.1610642522573471,-1.4495782852172852,1.0200735330581665,0.03669250011444092
0.6979450583457947,0.6442570090293884,-0.6979450583457947,0.0366191565990448
1.0737617015838623,1.2885140180587769,-0.3221285045146942,0.0366191565990448
1.1811378002166748,0.9663854837417603,-0.21475233137607574,0.0366191565990448
0.6442570090293884,1.234825849533081,-0.4831927418708801,0.036619096994400024
1.1274497509002686,0.4295046627521515,0.0,0.03660254180431366
1.1274497509002686,0.4295046627521515,0.21475233137607574,0.03660254180431366
1.0737617015838623,0.6979450583457947,0.10737616568803787,0.03660249710083008
1.1811378002166748,0.5905689001083374,0.21475233137607574,0.036602482199668884
-0.21475233137607574,1.8790829181671143,-0.37581658363342285,0.03658394515514374
0.0,1.825394868850708,-0.5368808507919312,0.036583930253982544
-0.10737616568803787,1.8790829181671143,-0.6979450583457947,0.036583900451660156
-0.6442570090293884,2.3622756004333496,0.9663854837417603,0.03654301166534424
-0.5368808507919312,2.8991565704345703,-0.6442570090293884,0.03654301166534424
-0.37581658363342285,3.274973154067993,-0.5368808507919312,0.03654301166534424
-0.053688082844018936,1.7717067003250122,-0.21475233137607574,0.03654301166534424
0.053688082844018936,3.650789737701416,0.4831927418708801,0.03654301166534424
0.37581658363342285,2.684404134750366,1.1274497509002686,0.03654301166534424
0.5368808507919312,1.9327709674835205,0.5368808507919312,0.03654301166534424
0.912697434425354,2.415963649749756,0.10737616568803787,0.03654301166534424
-0.912697434425354,2.201211452484131,0.4295046627521515,0.03654289245605469
-0.805321216583252,2.3622756004333496,-0.37581658363342285,0.03654289245605469
-0.5368808507919312,3.5434134006500244,0.0,0.03654289245605469
-0.4831927418708801,3.1139087677001953,1.0200735330581665,0.03654289245605469
-0.3221285045146942,2.5770280361175537,1.1811378002166748,0.03654289245605469
-0.2684404253959656,1.825394868850708,0.6979450583457947,0.03654289245605469
0.805321216583252,3.1675968170166016,0.4295046627521515,0.03654289245605469
-0.4831927418708801,3.489725351333618,-0.21475233137607574,0.0365300178527832
0.0,-1.5032663345336914,-0.1610642522573471,0.03650331497192383
-0.053688082844018936,-0.4295046627521515,-0.5368808507919312,0.03650324046611786
-0.053688082844018936,-0.4295046627521515,-0.4295046627521515,0.036503225564956665
-0.1610642522573471,-0.6442570090293884,0.21475233137607574,0.03650321066379547
-0.053688082844018936,-0.6442570090293884,-0.5368808507919312,0.03650321066379547
-0.10737616568803787,-0.6442570090293884,-0.4831927418708801,0.03650319576263428
-0.053688082844018936,-0.5905689001083374,-0.5905689001083374,0.036503180861473083
-0.859009325504303,0.3221285045146942,-0.37581658363342285,0.036499567329883575
-0.805321216583252,1.1811378002166748,0.053688082844018936,0.036481067538261414
-0.912697434425354,1.1274497509002686,-0.3221285045146942,0.03648105263710022
-0.5905689001083374,1.3958901166915894,0.2684404253959656,0.036468833684921265
0.4831927418708801,1.3958901166915894,0.2684404253959656,0.036468833684921265
0.5905689001083374,1.2885140180587769,0.4831927418708801,0.03646878898143768
1.0737617015838623,2.7917802333831787,-0.053688082844018936,0.036452509462833405
0.9663854837417603,2.7380921840667725,-0.2684404253959656,0.03639046847820282
-0.3221285045146942,-3.3286612033843994,0.4831927418708801,0.036388397216796875
-0.912697434425354,-0.2684404253959656,-0.053688082844018936,0.036377809941768646
-0.1610642522573471,1.3958901166915894,-0.2684404253959656,0.036347538232803345
-1.8790829181671143,-0.7516331672668457,-0.2684404253959656,0.036224305629730225
-0.2684404253959656,-0.6979450583457947,0.4295046627521515,0.03621283173561096
0.0,-2.7380921840667725,0.5905689001083374,0.03614091873168945
-0.6442570090293884,-2.9528446197509766,0.5905689001083374,0.03614085912704468
-0.10737616568803787,-2.63071608543396,0.6979450583457947,0.03614085912704468
-0.053688082844018936,-1.9327709674835205,-0.1610642522573471,0.03614085912704468
0.10737616568803787,-3.060220718383789,0.5905689001083374,0.03614085912704468
-0.4295046627521515,-3.060220718383789,1.1274497509002686,0.03614082932472229
0.053688082844018936,-2.040147066116333,-0.37581658363342285,0.03614082932472229
0.4831927418708801,-1.3958901166915894,-0.2684404253959656,0.03614082932472229
0.4831927418708801,-1.3958901166915894,-0.1610642522573471,0.03614082932472229
0.6979450583457947,-1.718018651008606,-0.053688082844018936,0.03614082932472229
0.6979450583457947,-1.610642433166504,-0.1610642522573471,0.03614082932472229
0.5905689001083374,-2.040147066116333,-0.053688082844018936,0.0361407995223999
-0.21475233137607574,-3.3286612033843994,-0.7516331672668457,0.03605419397354126
0.1610642522573471,-2.9528446197509766,-1.0737617015838623,0.03605419397354126
-0.5905689001083374,-0.3221285045146942,-0.2684404253959656,0.036036089062690735
1.0200735330581665,0.2684404253959656,0.3221285045146942,0.03603599965572357
0.5368808507919312,-0.37581658363342285,-0.37581658363342285,0.03602907061576843
0.3221285045146942,-0.1610642522573471,-0.4831927418708801,0.03602905571460724
1.0200735330581665,0.5368808507919312,0.2684404253959656,0.036029040813446045
1.0200735330581665,0.5368808507919312,0.37581658363342285,0.036029040813446045
1.1274497509002686,0.7516331672668457,0.4831927418708801,0.036029040813446045
-0.37581658363342285,0.805321216583252,1.234825849533081,0.03592042624950409
-0.37581658363342285,0.805321216583252,1.342202067375183,0.035920366644859314
-0.1610642522573471,1.5032663345336914,0.4831927418708801,0.035848818719387054
-0.1610642522573471,1.718018651008606,0.4831927418708801,0.03584875911474228
1.718018651008606,-0.912697434425354,-0.859009325504303,0.03584869205951691
0.37581658363342285,-3.1675968170166016,-0.3221285045146942,0.035830557346343994
-0.4295046627521515,1.5569543838500977,0.805321216583252,0.03582354635000229
-0.2684404253959656,2.201211452484131,1.0737617015838623,0.035823531448841095
0.1610642522573471,2.201211452484131,1.0737617015838623,0.0358235239982605
0.0,-2.63071608543396,-0.7516331672668457,0.03580346703529358
0.1610642522573471,-2.63071608543396,-0.5905689001083374,0.03580343723297119
-0.912697434425354,2.8991565704345703,0.6979450583457947,0.03578517585992813
-0.6979450583457947,1.1811378002166748,0.9663854837417603,0.03578399121761322
-1.4495782852172852,2.7917802333831787,0.21475233137607574,0.03575558960437775
-1.4495782852172852,0.9663854837417603,0.5905689001083374,0.03575557470321655
-1.234825849533081,0.6979450583457947,0.6442570090293884,0.03575555235147476
0.9663854837417603,1.0737617015838623,-0.1610642522573471,0.03575551509857178
-1.342202067375183,0.805321216583252,0.6442570090293884,0.03575544059276581
-1.234825849533081,2.3622756004333496,-0.10737616568803787,0.035755373537540436
0.9663854837417603,2.040147066116333,0.2684404253959656,0.03573644161224365
1.1274497509002686,2.201211452484131,0.2684404253959656,0.0357363224029541
1.1274497509002686,2.3085875511169434,0.1610642522573471,0.035736292600631714
-1.6643306016921997,0.6442570090293884,0.21475233137607574,0.035684406757354736
-1.234825849533081,0.5905689001083374,-0.053688082844018936,0.03568437695503235
-1.6643306016921997,1.1811378002166748,0.0,0.03568434715270996
-1.5569543838500977,1.0737617015838623,0.4295046627521515,0.03568434715270996
-1.342202067375183,1.2885140180587769,0.0,0.03568434715270996
-1.2885140180587769,1.2885140180587769,0.053688082844018936,0.03568431735038757
-1.2885140180587769,1.2885140180587769,0.1610642522573471,0.03568431735038757
-1.1274497509002686,0.6442570090293884,0.21475233137607574,0.03568431735038757
-1.5569543838500977,1.234825849533081,-0.053688082844018936,0.035684287548065186
-1.0737617015838623,0.7516331672668457,0.2684404253959656,0.035684287548065186
-0.10737616568803787,-0.5368808507919312,-0.1610642522573471,0.035648033022880554
-0.21475233137607574,-0.37581658363342285,-0.4831927418708801,0.03562585264444351
-0.1610642522573471,-0.4295046627521515,-0.4831927418708801,0.03562585264444351
-0.10737616568803787,1.0737617015838623,1.1274497509002686,0.0356067419052124
0.10737616568803787,-0.3221285045146942,0.912697434425354,0.03560672700405121
0.859009325504303,-0.053688082844018936,0.10737616568803787,0.03560660779476166
-0.805321216583252,0.4831927418708801,1.1274497509002686,0.03555464744567871
-0.7516331672668457,0.4831927418708801,1.0737617015838623,0.03555463254451752
-0.9663854837417603,0.5905689001083374,0.9663854837417603,0.035554543137550354
0.6442570090293884,1.718018651008606,0.3221285045146942,0.0355386808514595
-0.4295046627521515,-0.4831927418708801,0.37581658363342285,0.03549313545227051
-0.4295046627521515,1.4495782852172852,0.1610642522573471,0.03549313545227051
-0.053688082844018936,1.0737617015838623,-0.5905689001083374,0.03549313545227051
-0.053688082844018936,1.342202067375183,0.859009325504303,0.03549313545227051
0.4295046627521515,-0.2684404253959656,-0.2684404253959656,0.03549313545227051
0.6442570090293884,-0.1610642522573471,0.6979450583457947,0.03549313545227051
0.805321216583252,-0.10737616568803787,0.2684404253959656,0.03549313545227051
0.805321216583252,0.4831927418708801,-0.3221285045146942,0.03549313545227051
0.912697434425354,0.10737616568803787,0.37581658363342285,0.03549313545227051
0.912697434425354,0.37581658363342285,-0.10737616568803787,0.03549313545227051
-0.6979450583457947,-0.21475233137607574,-0.1610642522573471,0.03549301624298096
-0.6979450583457947,0.053688082844018936,0.9663854837417603,0.03549301624298096
-0.6979450583457947,0.912697434425354,0.9663854837417603,0.03549301624298096
-0.5905689001083374,-0.2684404253959656,-0.21475233137607574,0.03549301624298096
-0.5905689001083374,0.9663854837417603,1.0200735330581665,0.03549301624298096
-0.4831927418708801,1.1811378002166748,0.912697434425354,0.03549301624298096
-0.21475233137607574,1.718018651008606,-0.053688082844018936,0.035310640931129456
-1.2885140180587769,0.859009325504303,0.4831927418708801,0.03529788553714752
-1.0737617015838623,2.415963649749756,0.2684404253959656,0.03529788553714752
-1.0737617015838623,2.63071608543396,0.2684404253959656,0.03529776632785797
-1.1274497509002686,0.4831927418708801,0.4831927418708801,0.03519994020462036
-0.3221285045146942,-1.2885140180587769,0.053688082844018936,0.03517919033765793
-0.6979450583457947,3.1139087677001953,-0.4295046627521515,0.03511321544647217
-0.4831927418708801,3.3286612033843994,0.859009325504303,0.03511321544647217
0.37581658363342285,3.3286612033843994,0.859009325504303,0.03511321544647217
0.5905689001083374,2.040147066116333,-0.21475233137607574,0.03511321544647217
-0.4295046627521515,3.5434134006500244,0.5905689001083374,0.03510630875825882
0.3221285045146942,3.5434134006500244,0.5905689001083374,0.03510630875825882
0.4295046627521515,2.0938353538513184,-0.4831927418708801,0.03503718972206116
-0.21475233137607574,-2.845468282699585,1.1811378002166748,0.03503713011741638
-1.3958901166915894,0.912697434425354,0.5368808507919312,0.035037122666835785
0.6979450583457947,2.7380921840667725,-0.4831927418708801,0.03503710776567459
-1.5032663345336914,1.0737617015838623,0.4831927418708801,0.035037100315093994
-1.342202067375183,0.859009325504303,0.5368808507919312,0.035037100315093994
-0.912697434425354,2.63071608543396,0.7516331672668457,0.035037100315093994
-0.5905689001083374,-1.9864590167999268,0.4831927418708801,0.035037100315093994
0.859009325504303,-1.5569543838500977,-0.10737616568803787,0.035037100315093994
-0.9663854837417603,2.7917802333831787,-0.21475233137607574,0.0350370854139328
0.912697434425354,2.040147066116333,0.3221285045146942,0.0350370854139328
1.6643306016921997,0.10737616568803787,-0.859009325504303,0.0350370854139328
-1.5032663345336914,0.912697434425354,0.5368808507919312,0.035037070512771606
-1.0200735330581665,2.7380921840667725,0.6442570090293884,0.035037070512771606
-0.859009325504303,-0.053688082844018936,-0.3221285045146942,0.035037070512771606
0.6979450583457947,1.0737617015838623,0.7516331672668457,0.035037070512771606
1.5032663345336914,0.37581658363342285,-0.912697434425354,0.035037070512771606
-0.053688082844018936,-2.684404134750366,-0.6442570090293884,0.03503706306219101
0.053688082844018936,-2.7917802333831787,-0.6442570090293884,0.03503706306219101
1.342202067375183,-0.053688082844018936,-1.2885140180587769,0.03503705561161041
-0.859009325504303,1.9327709674835205,0.10737616568803787,0.035037048161029816
-0.859009325504303,3.1675968170166016,-0.1610642522573471,0.035037048161029816
0.0,1.5569543838500977,-0.7516331672668457,0.035037048161029816
0.7516331672668457,1.5569543838500977,-0.1610642522573471,0.035037048161029816
0.859009325504303,-1.6643306016921997,0.0,0.035037048161029816
-0.4831927418708801,-0.5368808507919312,-0.37581658363342285,0.03503704071044922
0.805321216583252,1.0200735330581665,0.805321216583252,0.03503704071044922
0.912697434425354,0.6442570090293884,0.805321216583252,0.03503704071044922
1.234825849533081,0.7516331672668457,0.0,0.03503704071044922
-0.21475233137607574,-1.3958901166915894,0.4295046627521515,0.03503703325986862
-0.1610642522573471,-1.3958901166915894,0.37581658363342285,0.03503703325986862
0.10737616568803787,-1.3958901166915894,-0.3221285045146942,0.03503703325986862
0.10737616568803787,1.4495782852172852,0.6442570090293884,0.03503703325986862
0.10737616568803787,3.489725351333618,-0.37581658363342285,0.03503703325986862
0.5905689001083374,-0.1610642522573471,-0.2684404253959656,0.03503703325986862
-0.912697434425354,0.5905689001083374,-0.4295046627521515,0.035037025809288025
-0.912697434425354,0.5905689001083374,-0.3221285045146942,0.035037025809288025
0.21475233137607574,1.4495782852172852,0.6442570090293884,0.035037025809288025
0.37581658363342285,-1.610642433166504,0.1610642522573471,0.035037025809288025
0.5905689001083374,-1.1811378002166748,0.10737616568803787,0.035037025809288025
0.5905689001083374,-0.10737616568803787,-0.3221285045146942,0.035037025809288025
0.5905689001083374,0.1610642522573471,-0.5368808507919312,0.035037025809288025
0.6979450583457947,-1.234825849533081,0.1610642522573471,0.035037025809288025
0.912697434425354,0.5905689001083374,0.6442570090293884,0.035037025809288025
1.1811378002166748,2.201211452484131,0.1610642522573471,0.035037025809288025
-0.7516331672668457,1.9327709674835205,0.10737616568803787,0.03503701835870743
-0.21475233137607574,1.5032663345336914,-0.6979450583457947,0.03503701835870743
0.0,-2.9528446197509766,1.1811378002166748,0.03503701835870743
-0.9663854837417603,0.805321216583252,-0.37581658363342285,0.03503701090812683
-0.6979450583457947,1.8790829181671143,0.21475233137607574,0.03503701090812683
-0.3221285045146942,-1.234825849533081,0.805321216583252,0.03503701090812683
0.4295046627521515,1.9327709674835205,-0.3221285045146942,0.03503701090812683
0.5368808507919312,0.37581658363342285,-0.5905689001083374,0.03503701090812683
0.5905689001083374,-1.234825849533081,0.053688082844018936,0.03503701090812683
0.5905689001083374,1.610642433166504,-0.2684404253959656,0.03503701090812683
0.6442570090293884,-0.10737616568803787,-0.37581658363342285,0.03503701090812683
0.805321216583252,2.1475234031677246,0.5368808507919312,0.03503701090812683
0.859009325504303,0.6442570090293884,0.7516331672668457,0.03503701090812683
-1.2885140180587769,1.0737617015838623,0.4831927418708801,0.03503698855638504
-0.859009325504303,3.060220718383789,-0.2684404253959656,0.03503698855638504
0.859009325504303,2.469651699066162,0.5905689001083374,0.03503698855638504
-1.9327709674835205,-0.1610642522573471,0.10737616568803787,0.03503698110580444
-1.9327709674835205,-0.21475233137607574,0.1610642522573471,0.035036973655223846
-0.053688082844018936,-1.2885140180587769,-0.37581658363342285,0.035036973655223846
0.4295046627521515,3.3823492527008057,-0.4831927418708801,0.035036973655223846
1.5032663345336914,2.8991565704345703,0.21475233137607574,0.035036973655223846
1.234825849533081,1.0737617015838623,-0.912697434425354,0.03503696620464325
-1.0200735330581665,0.6442570090293884,-0.37581658363342285,0.03503695875406265
0.805321216583252,3.5434134006500244,0.0,0.0349293127655983
0.4831927418708801,1.234825849533081,0.7516331672668457,0.034917861223220825
-0.21475233137607574,-0.2684404253959656,-0.4831927418708801,0.034917838871479034
-0.7516331672668457,-0.2684404253959656,0.4831927418708801,0.03491780906915665
-0.2684404253959656,1.234825849533081,0.9663854837417603,0.03491777181625366
0.859009325504303,-1.4495782852172852,0.0,0.03490455448627472
0.6442570090293884,-1.5032663345336914,0.053688082844018936,0.034904539585113525
0.805321216583252,-1.5569543838500977,-0.1610642522573471,0.03490452468395233
0.7516331672668457,-1.2885140180587769,0.053688082844018936,0.034904494881629944
0.6442570090293884,-1.2885140180587769,0.053688082844018936,0.03490447998046875
-1.825394868850708,-0.7516331672668457,0.3221285045146942,0.03487898409366608
-0.21475233137607574,-0.7516331672668457,-0.3221285045146942,0.03482717275619507
-0.4831927418708801,-2.201211452484131,0.4831927418708801,0.034774050116539
-0.37581658363342285,-2.1475234031677246,0.6442570090293884,0.034774020314216614
-0.37581658363342285,-2.0938353538513184,0.4831927418708801,0.03477399796247482
-1.0200735330581665,0.6442570090293884,0.912697434425354,0.03473895788192749
-1.1274497509002686,0.7516331672668457,0.805321216583252,0.0347389280796051
-0.10737616568803787,-1.2885140180587769,0.6442570090293884,0.03471001982688904
-0.4295046627521515,-1.2885140180587769,0.6442570090293884,0.034710004925727844
-0.1610642522573471,-1.342202067375183,0.6442570090293884,0.034710004925727844
-0.3221285045146942,-1.1811378002166748,0.7516331672668457,0.03470997512340546
-0.2684404253959656,-1.234825849533081,0.7516331672668457,0.03470996022224426
0.37581658363342285,-0.4831927418708801,0.053688082844018936,0.03470955789089203
-0.859009325504303,-0.4831927418708801,0.0,0.03470674157142639
-0.4831927418708801,-1.1274497509002686,0.4831927418708801,0.034706711769104004
-0.6979450583457947,-1.234825849533081,0.37581658363342285,0.034706681966781616
-0.5905689001083374,1.718018651008606,0.3221285045146942,0.03467932343482971
-0.5905689001083374,1.5032663345336914,0.3221285045146942,0.034679263830184937
-0.6979450583457947,1.5032663345336914,0.6442570090293884,0.03467923402786255
-0.1610642522573471,2.3622756004333496,1.1811378002166748,0.03467920422554016
0.053688082844018936,2.3622756004333496,1.1811378002166748,0.03467920422554016
1.0737617015838623,2.201211452484131,0.0,0.03467512130737305
1.1811378002166748,2.5233399868011475,0.37581658363342285,0.034645989537239075
1.1811378002166748,2.3085875511169434,-0.053688082844018936,0.0346459299325943
0.10737616568803787,1.0737617015838623,-0.7516331672668457,0.034600332379341125
0.0,0.912697434425354,-0.6979450583457947,0.03460025042295456
0.21475233137607574,-0.4831927418708801,0.805321216583252,0.03460025042295456
0.6979450583457947,3.3286612033843994,-0.3221285045146942,0.03456255793571472
0.2684404253959656,-2.1475234031677246,-0.4295046627521515,0.03453134000301361
0.4831927418708801,-2.1475234031677246,-0.3221285045146942,0.03453134000301361
1.4495782852172852,2.469651699066162,0.053688082844018936,0.0345093235373497
1.4495782852172852,2.5770280361175537,0.1610642522573471,0.034509189426898956
-0.10737616568803787,-3.3286612033843994,1.4495782852172852,0.03448657691478729
0.0,-3.3286612033843994,1.4495782852172852,0.03448657691478729
0.10737616568803787,-3.3286612033843994,1.342202067375183,0.034486547112464905
-0.805321216583252,3.3823492527008057,0.2684404253959656,0.03448648750782013
-0.912697434425354,3.3823492527008057,0.1610642522573471,0.03448648005723953
-0.21475233137607574,-3.1139087677001953,1.4495782852172852,0.034486472606658936
-0.859009325504303,3.3823492527008057,-0.21475233137607574,0.034486427903175354
-1.1811378002166748,3.489725351333618,0.0,0.03448641300201416
0.5368808507919312,-1.825394868850708,0.21475233137607574,0.034453049302101135
0.5905689001083374,-1.7717067003250122,0.21475233137607574,0.03445295989513397
0.053688082844018936,-1.9327709674835205,-0.4831927418708801,0.034452952444553375
-0.10737616568803787,-1.9327709674835205,-0.3221285045146942,0.03445294499397278
0.3221285045146942,0.6979450583457947,-0.6979450583457947,0.03441832959651947
0.37581658363342285,0.859009325504303,-0.805321216583252,0.034418314695358276
-0.1610642522573471,-3.1675968170166016,1.6643306016921997,0.034373603761196136
-0.805321216583252,-1.342202067375183,0.5905689001083374,0.03433689475059509
-0.6442570090293884,-1.4495782852172852,0.5368808507919312,0.03433683514595032
-0.805321216583252,-1.5569543838500977,0.5905689001083374,0.03433678299188614
0.5368808507919312,-3.1139087677001953,-0.6979450583457947,0.0343288779258728
-0.1610642522573471,-2.5233399868011475,1.0737617015838623,0.034292034804821014
-0.6979450583457947,1.1811378002166748,0.6979450583457947,0.03425346314907074
-0.5905689001083374,1.1811378002166748,-0.37581658363342285,0.034253403544425964
1.342202067375183,-0.5368808507919312,-0.805321216583252,0.0342116504907608
0.5368808507919312,-1.4495782852172852,0.0,0.0341741144657135
0.5368808507919312,-1.342202067375183,0.0,0.03417406976222992
0.5368808507919312,-1.1811378002166748,0.1610642522573471,0.03417406976222992
0.4295046627521515,-1.1811378002166748,0.2684404253959656,0.034174054861068726
0.2684404253959656,1.718018651008606,0.0,0.03417104482650757
0.2684404253959656,1.718018651008606,0.10737616568803787,0.03417104482650757
0.4831927418708801,1.718018651008606,-0.21475233137607574,0.03417104482650757
0.5905689001083374,1.718018651008606,-0.21475233137607574,0.03417104482650757
0.6442570090293884,1.6643306016921997,-0.21475233137607574,0.03417104482650757
0.2684404253959656,1.5032663345336914,0.10737616568803787,0.03417098522186279
0.805321216583252,1.5569543838500977,-0.053688082844018936,0.034170955419540405
0.2684404253959656,-0.5368808507919312,-0.5905689001083374,0.034142233431339264
-0.21475233137607574,-2.5233399868011475,-0.7516331672668457,0.03414034843444824
-0.1610642522573471,-2.5233399868011475,-0.805321216583252,0.034140318632125854
-0.053688082844018936,-2.63071608543396,-0.6979450583457947,0.03414028882980347
0.10737616568803787,-2.63071608543396,-0.5368808507919312,0.03414028882980347
0.10737616568803787,-1.9864590167999268,-0.5368808507919312,0.03414028882980347
-0.3221285045146942,-2.415963649749756,-0.6442570090293884,0.03414025902748108
0.10737616568803787,-2.3622756004333496,-0.2684404253959656,0.03414022922515869
0.0,-2.0938353538513184,-0.859009325504303,0.034140199422836304
0.21475233137607574,-2.0938353538513184,-0.7516331672668457,0.034140199422836304
-0.805321216583252,-0.1610642522573471,0.5905689001083374,0.03410959243774414
-0.37581658363342285,-0.1610642522573471,-0.4831927418708801,0.03410959243774414
0.1610642522573471,1.4495782852172852,0.5905689001083374,0.03410959243774414
0.2684404253959656,-0.4831927418708801,0.4831927418708801,0.03410959243774414
0.2684404253959656,-0.2684404253959656,0.912697434425354,0.03410959243774414
0.2684404253959656,1.1274497509002686,-0.4831927418708801,0.03410959243774414
0.2684404253959656,1.4495782852172852,0.053688082844018936,0.03410959243774414
0.5905689001083374,-0.2684404253959656,-0.053688082844018936,0.03410959243774414
0.6979450583457947,-0.1610642522573471,0.5905689001083374,0.03410959243774414
0.912697434425354,0.1610642522573471,0.4831927418708801,0.03410959243774414
0.912697434425354,0.2684404253959656,0.5905689001083374,0.03410959243774414
-1.0200735330581665,0.805321216583252,0.4831927418708801,0.03410947322845459
-0.2684404253959656,0.1610642522573471,1.234825849533081,0.03410947322845459
1.3958901166915894,2.9528446197509766,0.10737616568803787,0.034031108021736145
-0.805321216583252,-1.234825849533081,0.3221285045146942,0.03398410975933075
0.1610642522573471,1.0737617015838623,-0.5905689001083374,0.03394800424575806
0.4295046627521515,1.7717067003250122,-0.21475233137607574,0.03384067118167877
0.37581658363342285,2.201211452484131,1.0200735330581665,0.03384065628051758
0.6442570090293884,2.0938353538513184,0.7516331672668457,0.03384065628051758
-0.805321216583252,2.7380921840667725,-0.4831927418708801,0.033840619027614594
0.6442570090293884,2.0938353538513184,0.6442570090293884,0.033840619027614594
0.859009325504303,3.1675968170166016,-0.21475233137607574,0.033840619027614594
-0.6442570090293884,3.3286612033843994,0.805321216583252,0.0338405966758728
-0.21475233137607574,1.718018651008606,-0.1610642522573471,0.033840492367744446
0.5368808507919312,2.040147066116333,0.805321216583252,0.03384047746658325
0.10737616568803787,1.9864590167999268,0.9663854837417603,0.033840470016002655
-1.0737617015838623,3.221284866333008,0.3221285045146942,0.03383608162403107
-0.859009325504303,3.221284866333008,0.5368808507919312,0.03383605182170868
-0.9663854837417603,3.3286612033843994,0.6442570090293884,0.03383594751358032
-0.912697434425354,3.3823492527008057,0.6442570090293884,0.03383594751358032
-1.0200735330581665,3.3823492527008057,0.21475233137607574,0.03383593261241913
-0.805321216583252,3.274973154067993,0.5368808507919312,0.03383593261241913
0.10737616568803787,-3.1675968170166016,0.6979450583457947,0.03382137417793274
-0.21475233137607574,1.9327709674835205,1.2885140180587769,0.03382129222154617
0.3221285045146942,3.221284866333008,-0.5905689001083374,0.03382127732038498
-0.6979450583457947,-3.3286612033843994,1.5569543838500977,0.03382125496864319
-0.37581658363342285,1.1274497509002686,1.0200735330581665,0.03382125496864319
-0.053688082844018936,1.825394868850708,-0.6979450583457947,0.03382125496864319
1.4495782852172852,-0.1610642522573471,-1.1811378002166748,0.03382125496864319
-1.7717067003250122,0.859009325504303,0.21475233137607574,0.03382121026515961
-0.6442570090293884,-0.3221285045146942,-0.3221285045146942,0.03382121026515961
0.2684404253959656,3.436037302017212,-0.4831927418708801,0.03382121026515961
0.6442570090293884,-0.4831927418708801,-0.1610642522573471,0.03382121026515961
0.6979450583457947,-0.3221285045146942,-0.10737616568803787,0.03382121026515961
1.2885140180587769,3.7581658363342285,0.2684404253959656,0.03382121026515961
-1.2885140180587769,2.254899501800537,0.10737616568803787,0.03382120281457901
-1.0200735330581665,1.3958901166915894,-0.053688082844018936,0.03382120281457901
-0.9663854837417603,0.0,0.0,0.03382120281457901
0.0,-2.5233399868011475,-1.0200735330581665,0.03382120281457901
0.6979450583457947,-0.21475233137607574,-0.21475233137607574,0.03382120281457901
0.7516331672668457,-1.8790829181671143,-0.21475233137607574,0.03382120281457901
-2.1475234031677246,0.4831927418708801,-0.053688082844018936,0.03382119536399841
-1.8790829181671143,0.912697434425354,-0.3221285045146942,0.03382119536399841
-1.718018651008606,0.859009325504303,-0.3221285045146942,0.03382119536399841
-1.342202067375183,2.7380921840667725,0.2684404253959656,0.03382119536399841
-1.1811378002166748,1.234825849533081,0.0,0.03382119536399841
-1.0737617015838623,0.9663854837417603,0.912697434425354,0.03382119536399841
-0.6979450583457947,-0.805321216583252,0.5905689001083374,0.03382119536399841
-0.6442570090293884,-1.3958901166915894,0.10737616568803787,0.03382119536399841
-0.4831927418708801,3.274973154067993,-0.4831927418708801,0.03382119536399841
-0.4295046627521515,-3.3286612033843994,1.8790829181671143,0.03382119536399841
-0.4295046627521515,-0.4295046627521515,0.805321216583252,0.03382119536399841
-0.37581658363342285,1.2885140180587769,0.859009325504303,0.03382119536399841
-0.3221285045146942,-0.4295046627521515,0.6979450583457947,0.03382119536399841
0.10737616568803787,-1.4495782852172852,-0.37581658363342285,0.03382119536399841
0.37581658363342285,-0.4295046627521515,0.5905689001083374,0.03382119536399841
0.4831927418708801,3.3286612033843994,-0.37581658363342285,0.03382119536399841
0.6442570090293884,3.3286612033843994,0.805321216583252,0.03382119536399841
0.9663854837417603,2.201211452484131,-0.053688082844018936,0.03382119536399841
-0.6979450583457947,3.1139087677001953,0.859009325504303,0.03382113575935364
-0.5905689001083374,-3.060220718383789,-0.7516331672668457,0.03382113575935364
-0.5368808507919312,2.3085875511169434,1.0200735330581665,0.03382113575935364
-0.10737616568803787,-2.7917802333831787,-0.5368808507919312,0.03382113575935364
-0.053688082844018936,-2.5233399868011475,0.5905689001083374,0.03382113575935364
1.1274497509002686,2.845468282699585,-0.1610642522573471,0.03382113575935364
-0.859009325504303,0.912697434425354,-0.2684404253959656,0.03381863981485367
-1.0737617015838623,2.469651699066162,0.3221285045146942,0.033814460039138794
-2.0938353538513184,0.37581658363342285,-0.37581658363342285,0.03375381976366043
-2.040147066116333,0.37581658363342285,-0.4295046627521515,0.03375372290611267
0.4295046627521515,-1.5032663345336914,-0.5368808507919312,0.033736854791641235
0.4831927418708801,-1.5032663345336914,-0.4831927418708801,0.03373683989048004
-0.9663854837417603,2.254899501800537,0.2684404253959656,0.03373678773641586
0.3221285045146942,-1.3958901166915894,-0.4295046627521515,0.033736780285835266
0.37581658363342285,-1.3958901166915894,-0.37581658363342285,0.033736780285835266
-0.1610642522573471,1.9327709674835205,0.912697434425354,0.03370358794927597
1.342202067375183,1.1274497509002686,-0.7516331672668457,0.03365999460220337
-1.6643306016921997,-0.6979450583457947,-0.2684404253959656,0.03359827399253845
-0.5905689001083374,-3.3286612033843994,0.5368808507919312,0.03359316289424896
-0.5368808507919312,-3.3286612033843994,0.6979450583457947,0.033593133091926575
-1.0200735330581665,0.2684404253959656,0.5905689001083374,0.03354359418153763
0.2684404253959656,0.6979450583457947,1.234825849533081,0.03354354947805405
0.5905689001083374,0.7516331672668457,-0.5368808507919312,0.033543407917022705
0.21475233137607574,-2.469651699066162,-0.805321216583252,0.03350130468606949
0.0,-2.0938353538513184,0.6979450583457947,0.0334801971912384
-2.040147066116333,0.912697434425354,-0.21475233137607574,0.03347604721784592
-1.1274497509002686,2.415963649749756,0.4831927418708801,0.03339952975511551
-0.6442570090293884,-1.825394868850708,0.4295046627521515,0.03337574005126953
-0.6442570090293884,-1.3958901166915894,0.859009325504303,0.03337574005126953
-0.2684404253959656,-1.3958901166915894,0.4831927418708801,0.03337574005126953
-0.10737616568803787,-1.610642433166504,0.4295046627521515,0.03337574005126953
-0.10737616568803787,-1.610642433166504,1.0737617015838623,0.03337574005126953
-0.4295046627521515,-1.718018651008606,0.3221285045146942,0.033375710248947144
-0.1610642522573471,-1.718018651008606,1.1274497509002686,0.033375710248947144
0.0,-1.5032663345336914,0.7516331672668457,0.033375710248947144
0.053688082844018936,-1.718018651008606,0.805321216583252,0.033375710248947144
-0.3221285045146942,-1.2885140180587769,0.7516331672668457,0.033375680446624756
-0.053688082844018936,-1.610642433166504,1.0200735330581665,0.033375680446624756
-0.053688082844018936,-1.4495782852172852,0.859009325504303,0.033375680446624756
-0.6979450583457947,-1.9864590167999268,0.859009325504303,0.03337565064430237
-0.6979450583457947,-1.4495782852172852,0.859009325504303,0.03337565064430237
-0.10737616568803787,-3.221284866333008,-0.3221285045146942,0.033268898725509644
-0.1610642522573471,-3.060220718383789,-0.4295046627521515,0.03326880931854248
1.0737617015838623,3.006532669067383,0.5905689001083374,0.03320282697677612
0.805321216583252,1.234825849533081,0.4831927418708801,0.03309492766857147
-0.053688082844018936,1.6643306016921997,-0.3221285045146942,0.03306010365486145
0.10737616568803787,1.8790829181671143,-0.37581658363342285,0.03306010365486145
0.37581658363342285,1.234825849533081,-0.3221285045146942,0.03306010365486145
0.4295046627521515,1.8790829181671143,-0.37581658363342285,0.03306010365486145
0.1610642522573471,1.718018651008606,-0.805321216583252,0.03306007385253906
0.6442570090293884,1.5569543838500977,-0.4831927418708801,0.03306007385253906
0.5905689001083374,1.4495782852172852,-0.6442570090293884,0.033060044050216675
1.7717067003250122,-0.805321216583252,-1.0737617015838623,0.033002883195877075
-1.6643306016921997,1.0200735330581665,0.37581658363342285,0.03300242871046066
-1.234825849533081,0.805321216583252,0.4831927418708801,0.03300242871046066
-1.5569543838500977,0.7516331672668457,0.4295046627521515,0.033002421259880066
-1.4495782852172852,0.6979450583457947,0.4831927418708801,0.033002398908138275
1.4495782852172852,0.3221285045146942,-1.2885140180587769,0.032975226640701294
1.4495782852172852,0.21475233137607574,-1.3958901166915894,0.03297516703605652
0.10737616568803787,-0.6442570090293884,-0.6442570090293884,0.03297024220228195
0.6979450583457947,0.4831927418708801,1.0200735330581665,0.03290184587240219
1.0200735330581665,2.3622756004333496,0.2684404253959656,0.03288283199071884
-0.10737616568803787,-3.221284866333008,0.4295046627521515,0.03285422921180725
0.053688082844018936,-1.610642433166504,-0.4831927418708801,0.03285420686006546
0.053688082844018936,-1.5032663345336914,-0.37581658363342285,0.03285419940948486
0.0,-1.5032663345336914,-0.3221285045146942,0.032854191958904266
-0.053688082844018936,-3.3286612033843994,0.912697434425354,0.032854169607162476
-0.4295046627521515,-2.7917802333831787,1.0737617015838623,0.03285413235425949
0.10737616568803787,-0.4295046627521515,-0.3221285045146942,0.0328393280506134
1.3958901166915894,0.2684404253959656,-1.342202067375183,0.032809413969516754
1.2885140180587769,2.7917802333831787,0.37581658363342285,0.032781198620796204
0.859009325504303,0.912697434425354,-1.0200735330581665,0.03275676071643829
-0.5368808507919312,-2.0938353538513184,1.0200735330581665,0.03265132009983063
-0.10737616568803787,-3.006532669067383,1.1274497509002686,0.032631129026412964
-0.2684404253959656,-3.1675968170166016,0.37581658363342285,0.03263106942176819
-0.6442570090293884,1.6643306016921997,0.3221285045146942,0.032628148794174194
-0.5368808507919312,1.718018651008606,-0.2684404253959656,0.032628148794174194
-0.6442570090293884,1.5569543838500977,0.3221285045146942,0.03262811899185181
-0.859009325504303,1.342202067375183,0.10737616568803787,0.03262808918952942
-0.805321216583252,1.342202067375183,-0.1610642522573471,0.03262808918952942
-0.5905689001083374,1.4495782852172852,-0.2684404253959656,0.03262808918952942
-0.37581658363342285,1.5569543838500977,-0.053688082844018936,0.03262808918952942
-0.37581658363342285,1.5569543838500977,0.053688082844018936,0.03262808918952942
-0.6442570090293884,1.2885140180587769,-0.053688082844018936,0.03262805938720703
-0.5368808507919312,1.342202067375183,-0.10737616568803787,0.03262805938720703
-0.6979450583457947,-3.1675968170166016,1.342202067375183,0.03262533247470856
-0.4831927418708801,-3.1675968170166016,1.342202067375183,0.03262533247470856
-0.4295046627521515,-3.274973154067993,1.0737617015838623,0.03262533247470856
-0.6442570090293884,-3.1139087677001953,1.342202067375183,0.03262531757354736
0.3221285045146942,-1.0737617015838623,-0.6979450583457947,0.032613277435302734
0.4295046627521515,-0.859009325504303,-0.6979450583457947,0.032613277435302734
0.4295046627521515,-0.859009325504303,0.2684404253959656,0.032613277435302734
0.7516331672668457,-1.0737617015838623,-0.2684404253959656,0.032613277435302734
0.7516331672668457,-1.0737617015838623,-0.1610642522573471,0.032613277435302734
0.7516331672668457,-0.9663854837417603,-0.053688082844018936,0.032613277435302734
0.7516331672668457,-0.859009325504303,-0.053688082844018936,0.032613277435302734
0.10737616568803787,-1.3958901166915894,-0.1610642522573471,0.03261321783065796
0.805321216583252,2.9528446197509766,0.6979450583457947,0.03259919583797455
0.912697434425354,2.9528446197509766,0.805321216583252,0.03259916603565216
0.7516331672668457,3.1139087677001953,0.912697434425354,0.032599076628685
0.5905689001083374,3.1139087677001953,0.859009325504303,0.03259901702404022
0.7516331672668457,3.1139087677001953,0.6979450583457947,0.03259901702404022
0.9663854837417603,2.7917802333831787,0.6979450583457947,0.03259901702404022
0.6442570090293884,3.060220718383789,0.859009325504303,0.03259897232055664
0.1610642522573471,2.415963649749756,1.234825849533081,0.03259895741939545
-0.3221285045146942,-2.5770280361175537,-0.805321216583252,0.032514095306396484
-0.4831927418708801,-3.1675968170166016,-1.1274497509002686,0.03251400589942932
-0.4295046627521515,-3.1675968170166016,-1.1811378002166748,0.032513946294784546
-1.825394868850708,-0.21475233137607574,-0.2684404253959656,0.0325041338801384
0.4295046627521515,-0.4295046627521515,0.4295046627521515,0.03248877823352814
0.4831927418708801,-0.4295046627521515,0.37581658363342285,0.03248877823352814
0.2684404253959656,-0.7516331672668457,0.4831927418708801,0.03248874843120575
0.4295046627521515,-0.859009325504303,0.4295046627521515,0.03248874843120575
0.3221285045146942,-0.805321216583252,0.4831927418708801,0.03248871862888336
0.5368808507919312,1.2885140180587769,-0.2684404253959656,0.03246578574180603
-1.5032663345336914,1.1811378002166748,0.37581658363342285,0.03244965523481369
-1.5032663345336914,1.1274497509002686,0.4295046627521515,0.0324496328830719
0.6979450583457947,2.684404134750366,0.912697434425354,0.03244410455226898
0.053688082844018936,3.436037302017212,-0.4831927418708801,0.032444067299366
0.6442570090293884,2.7917802333831787,-0.5368808507919312,0.0324440598487854
-2.0938353538513184,0.0,-0.37581658363342285,0.03241974115371704
-2.0938353538513184,0.3221285045146942,-0.1610642522573471,0.03241974115371704
-2.040147066116333,-0.21475233137607574,0.0,0.032419681549072266
-1.718018651008606,-0.053688082844018936,-0.1610642522573471,0.03241962194442749
-1.718018651008606,0.0,-0.21475233137607574,0.03241962194442749
-1.718018651008606,0.1610642522573471,-0.1610642522573471,0.03241962194442749
-0.859009325504303,3.274973154067993,0.10737616568803787,0.03224766254425049
-0.859009325504303,2.5770280361175537,0.805321216583252,0.03224754333496094
-0.6442570090293884,2.7917802333831787,-0.5905689001083374,0.03224754333496094
-0.6442570090293884,2.7917802333831787,1.0200735330581665,0.03224754333496094
-0.5905689001083374,1.8790829181671143,0.4831927418708801,0.03224754333496094
-0.5368808507919312,3.221284866333008,0.912697434425354,0.03224754333496094
-0.37581658363342285,1.7717067003250122,-0.053688082844018936,0.03224754333496094
0.21475233137607574,3.489725351333618,0.7516331672668457,0.03224754333496094
0.2684404253959656,2.415963649749756,1.1274497509002686,0.03224754333496094
0.2684404253959656,2.9528446197509766,-0.6979450583457947,0.03224754333496094
0.4831927418708801,1.8790829181671143,-0.053688082844018936,0.03224754333496094
0.4831927418708801,1.8790829181671143,0.4831927418708801,0.03224754333496094
0.4831927418708801,2.201211452484131,-0.4831927418708801,0.03224754333496094
0.4831927418708801,3.3823492527008057,-0.2684404253959656,0.03224754333496094
0.5368808507919312,2.5770280361175537,-0.5905689001083374,0.03224754333496094
0.6442570090293884,2.1475234031677246,-0.2684404253959656,0.03224754333496094
0.6442570090293884,2.1475234031677246,0.6979450583457947,0.03224754333496094
0.859009325504303,2.415963649749756,0.5368808507919312,0.03224754333496094
-1.0200735330581665,2.63071608543396,-0.053688082844018936,0.03224742412567139
-0.5905689001083374,2.201211452484131,-0.4831927418708801,0.03224742412567139
-0.5368808507919312,2.1475234031677246,-0.4831927418708801,0.03224742412567139
0.21475233137607574,3.5971014499664307,0.5368808507919312,0.03224742412567139
-0.21475233137607574,-1.342202067375183,0.912697434425354,0.03224142640829086
-0.4831927418708801,-3.1139087677001953,-0.6442570090293884,0.032240867614746094
-0.4295046627521515,-3.274973154067993,-0.7516331672668457,0.032240718603134155
-0.5368808507919312,1.4495782852172852,0.3221285045146942,0.03220885246992111
-0.5368808507919312,1.7717067003250122,0.3221285045146942,0.03220879286527634
1.234825849533081,2.7917802333831787,0.2684404253959656,0.032142460346221924
0.859009325504303,3.1675968170166016,0.2684404253959656,0.03214240074157715
1.234825849533081,3.006532669067383,-0.053688082844018936,0.03214240074157715
-2.0938353538513184,0.6979450583457947,0.053688082844018936,0.032109662890434265
-1.2885140180587769,1.234825849533081,0.3221285045146942,0.032109662890434265
-1.0737617015838623,0.4831927418708801,0.6979450583457947,0.03210962563753128
-0.053688082844018936,1.3958901166915894,0.805321216583252,0.03210962563753128
0.053688082844018936,1.3958901166915894,0.805321216583252,0.03210962563753128
0.859009325504303,1.2885140180587769,0.3221285045146942,0.03210962563753128
-1.0200735330581665,0.3221285045146942,-0.10737616568803787,0.03210961073637009
-1.1811378002166748,1.234825849533081,0.21475233137607574,0.03210960328578949
-0.10737616568803787,-3.274973154067993,1.0200735330581665,0.03210959583520889
0.0,-3.274973154067993,1.825394868850708,0.03210959583520889
0.053688082844018936,0.859009325504303,-0.6979450583457947,0.03210959583520889
0.1610642522573471,0.859009325504303,-0.6979450583457947,0.03210959583520889
0.4831927418708801,-0.859009325504303,0.37581658363342285,0.03210959583520889
0.6979450583457947,-0.2684404253959656,0.0,0.032109588384628296
-0.805321216583252,-0.4295046627521515,-0.053688082844018936,0.0321095809340477
-0.6979450583457947,-2.040147066116333,0.6979450583457947,0.0321095809340477
0.37581658363342285,0.0,-0.5905689001083374,0.0321095809340477
0.6442570090293884,1.5569543838500977,0.4831927418708801,0.0321095809340477
0.5905689001083374,1.825394868850708,0.2684404253959656,0.032109566032886505
-0.4831927418708801,-0.9663854837417603,-0.37581658363342285,0.03210955858230591
-0.37581658363342285,0.5368808507919312,1.2885140180587769,0.03210955858230591
-0.2684404253959656,0.5368808507919312,1.2885140180587769,0.03210955858230591
-0.1610642522573471,3.3286612033843994,-0.5905689001083374,0.03210955858230591
-0.10737616568803787,-1.342202067375183,0.5905689001083374,0.03210955858230591
-0.10737616568803787,-1.0200735330581665,0.5905689001083374,0.03210955858230591
-0.053688082844018936,-2.63071608543396,0.859009325504303,0.03210955858230591
0.4295046627521515,-3.274973154067993,-0.6442570090293884,0.03210955858230591
0.6979450583457947,1.7717067003250122,0.3221285045146942,0.03210955858230591
0.859009325504303,1.1811378002166748,0.4295046627521515,0.03210955858230591
0.1610642522573471,0.4831927418708801,-0.7516331672668457,0.03210955113172531
0.4831927418708801,3.5434134006500244,0.21475233137607574,0.03210955113172531
-1.9864590167999268,-0.3221285045146942,-0.3221285045146942,0.03210953623056412
-0.805321216583252,2.8991565704345703,0.9663854837417603,0.03210953623056412
-0.805321216583252,3.006532669067383,0.9663854837417603,0.03210953623056412
-0.5905689001083374,2.9528446197509766,-0.5905689001083374,0.03210953623056412
-0.4831927418708801,2.7917802333831787,1.1811378002166748,0.03210953623056412
-0.2684404253959656,0.4295046627521515,1.2885140180587769,0.03210953623056412
0.4831927418708801,3.5434134006500244,0.3221285045146942,0.03210953623056412
0.5368808507919312,-3.274973154067993,-0.5368808507919312,0.03210953623056412
1.342202067375183,0.6979450583457947,-0.7516331672668457,0.03210953623056412
-1.1274497509002686,2.9528446197509766,-0.053688082844018936,0.03210952877998352
-0.6979450583457947,3.489725351333618,0.0,0.03210952877998352
-0.21475233137607574,-2.684404134750366,1.0737617015838623,0.03210952877998352
-0.053688082844018936,-1.825394868850708,1.0200735330581665,0.03210952877998352
0.053688082844018936,-3.274973154067993,-0.912697434425354,0.03210952877998352
0.10737616568803787,1.7717067003250122,0.6442570090293884,0.03210952877998352
1.1811378002166748,3.436037302017212,0.0,0.03210952877998352
-0.5905689001083374,-0.9663854837417603,-0.37581658363342285,0.032109521329402924
-0.4295046627521515,3.1139087677001953,-0.6442570090293884,0.032109521329402924
-0.21475233137607574,0.6979450583457947,1.2885140180587769,0.032109521329402924
0.1610642522573471,0.5905689001083374,-0.7516331672668457,0.032109521329402924
0.21475233137607574,1.7717067003250122,0.6442570090293884,0.032109521329402924
0.37581658363342285,1.8790829181671143,-0.6442570090293884,0.032109521329402924
0.4295046627521515,2.8991565704345703,-0.6442570090293884,0.032109521329402924
0.4831927418708801,1.8790829181671143,-0.5368808507919312,0.032109521329402924
0.4831927418708801,2.7380921840667725,-0.6442570090293884,0.032109521329402924
-0.5905689001083374,1.4495782852172852,0.7516331672668457,0.03210950642824173
-0.5905689001083374,2.7917802333831787,1.0737617015838623,0.03210950642824173
-0.5368808507919312,-2.7380921840667725,0.5905689001083374,0.03210950642824173
-0.5368808507919312,-2.684404134750366,-1.0200735330581665,0.03210950642824173
-1.718018651008606,0.6979450583457947,0.053688082844018936,0.032014310359954834
-1.718018651008606,0.6979450583457947,0.1610642522573471,0.032014310359954834
-1.718018651008606,0.859009325504303,-0.10737616568803787,0.032014310359954834
-1.4495782852172852,0.6979450583457947,-0.21475233137607574,0.032014310359954834
-1.718018651008606,0.9663854837417603,-0.10737616568803787,0.032014280557632446
-1.342202067375183,0.5905689001083374,0.3221285045146942,0.032014280557632446
-1.342202067375183,1.1274497509002686,-0.21475233137607574,0.032014280557632446
-1.0200735330581665,0.912697434425354,0.21475233137607574,0.032014280557632446
-1.3958901166915894,1.0200735330581665,-0.2684404253959656,0.03201425075531006
-1.4495782852172852,1.234825849533081,-0.10737616568803787,0.03201422095298767
-1.0737617015838623,0.6979450583457947,0.053688082844018936,0.03201422095298767
-1.342202067375183,1.234825849533081,-0.10737616568803787,0.03201419115066528
-0.3221285045146942,1.8790829181671143,-0.37581658363342285,0.03188122808933258
-0.5905689001083374,1.3958901166915894,-0.37581658363342285,0.03171859681606293
-0.5905689001083374,1.5032663345336914,-0.4831927418708801,0.03171853721141815
0.0,-0.9663854837417603,0.2684404253959656,0.031690388917922974
0.1610642522573471,-0.9663854837417603,0.4295046627521515,0.031690388917922974
-0.912697434425354,-1.1274497509002686,0.3221285045146942,0.03165745735168457
-0.859009325504303,-0.6442570090293884,0.4295046627521515,0.03165742754936218
-0.7516331672668457,-1.2885140180587769,0.0,0.03165742754936218
-0.6979450583457947,-0.6979450583457947,-0.3221285045146942,0.03165742754936218
-0.4831927418708801,-1.2885140180587769,0.2684404253959656,0.03165742754936218
-0.4831927418708801,-0.4295046627521515,-0.053688082844018936,0.03165742754936218
-0.805321216583252,-0.5368808507919312,-0.1610642522573471,0.031657397747039795
-0.4295046627521515,-0.9663854837417603,-0.3221285045146942,0.031657397747039795
-0.3221285045146942,-1.1811378002166748,0.3221285045146942,0.031657397747039795
-0.2684404253959656,-0.5905689001083374,-0.10737616568803787,0.031657397747039795
-0.1610642522573471,-0.6979450583457947,0.0,0.031657397747039795
0.10737616568803787,-0.21475233137607574,-0.5368808507919312,0.031641170382499695
0.1610642522573471,-0.21475233137607574,-0.4831927418708801,0.031641170382499695
0.859009325504303,0.805321216583252,0.6979450583457947,0.031630903482437134
0.859009325504303,0.912697434425354,0.5905689001083374,0.03163084387779236
-1.0737617015838623,2.3085875511169434,-0.053688082844018936,0.031593888998031616
1.0737617015838623,0.912697434425354,0.5368808507919312,0.03159381449222565
-0.5368808507919312,-1.1274497509002686,0.6979450583457947,0.03159375488758087
-0.912697434425354,2.845468282699585,-0.3221285045146942,0.031591176986694336
-0.805321216583252,1.9864590167999268,0.10737616568803787,0.03159112483263016
-0.912697434425354,3.060220718383789,-0.3221285045146942,0.031590938568115234
-0.7516331672668457,0.5368808507919312,-0.5368808507919312,0.031552016735076904
1.1274497509002686,0.4831927418708801,-0.053688082844018936,0.03147122263908386
-0.5368808507919312,-3.1675968170166016,1.3958901166915894,0.031405091285705566
-0.4295046627521515,-3.274973154067993,1.825394868850708,0.03140503168106079
-0.6442570090293884,-3.274973154067993,1.5032663345336914,0.031404972076416016
-0.10737616568803787,-3.3823492527008057,1.5032663345336914,0.031404972076416016
-0.10737616568803787,-3.274973154067993,1.5032663345336914,0.031404972076416016
-0.4295046627521515,-3.274973154067993,1.2885140180587769,0.03140491247177124
0.859009325504303,3.274973154067993,-0.2684404253959656,0.031375497579574585
-0.053688082844018936,-2.0938353538513184,-0.1610642522573471,0.03134302794933319
-0.21475233137607574,-0.5368808507919312,0.1610642522573471,0.03133726119995117
-0.9663854837417603,0.859009325504303,-0.053688082844018936,0.03133714199066162
-0.7516331672668457,-0.21475233137607574,-0.053688082844018936,0.03133714199066162
-0.7516331672668457,-0.21475233137607574,0.5905689001083374,0.03133714199066162
-0.5905689001083374,0.10737616568803787,1.0737617015838623,0.03133714199066162
-0.5905689001083374,1.2885140180587769,-0.10737616568803787,0.03133714199066162
-0.5368808507919312,0.5905689001083374,1.1811378002166748,0.03133714199066162
-0.5368808507919312,1.3958901166915894,0.37581658363342285,0.03133714199066162
-0.4295046627521515,-0.4295046627521515,0.5905689001083374,0.03133714199066162
-0.4295046627521515,0.1610642522573471,1.1811378002166748,0.03133714199066162
-0.4295046627521515,0.805321216583252,1.1811378002166748,0.03133714199066162
-0.4295046627521515,1.4495782852172852,0.3221285045146942,0.03133714199066162
-0.37581658363342285,0.10737616568803787,1.1811378002166748,0.03133714199066162
-0.37581658363342285,0.859009325504303,1.1811378002166748,0.03133714199066162
-0.37581658363342285,1.3958901166915894,0.6442570090293884,0.03133714199066162
-0.21475233137607574,0.5905689001083374,1.2885140180587769,0.03133714199066162
-0.1610642522573471,-0.4295046627521515,0.7516331672668457,0.03133714199066162
-0.1610642522573471,0.3221285045146942,1.2885140180587769,0.03133714199066162
-0.10737616568803787,-0.4831927418708801,-0.10737616568803787,0.03133714199066162
0.0,-0.4831927418708801,-0.10737616568803787,0.03133714199066162
0.053688082844018936,-0.4295046627521515,-0.21475233137607574,0.03133714199066162
0.10737616568803787,1.1811378002166748,-0.4831927418708801,0.03133714199066162
0.21475233137607574,-0.4831927418708801,0.5368808507919312,0.03133714199066162
0.2684404253959656,-0.4295046627521515,0.6442570090293884,0.03133714199066162
0.2684404253959656,1.1811378002166748,-0.4295046627521515,0.03133714199066162
0.3221285045146942,1.4495782852172852,0.21475233137607574,0.03133714199066162
0.4831927418708801,1.2885140180587769,0.6442570090293884,0.03133714199066162
0.6442570090293884,-0.21475233137607574,0.5905689001083374,0.03133714199066162
0.6442570090293884,0.3221285045146942,-0.4831927418708801,0.03133714199066162
0.6442570090293884,0.3221285045146942,1.0200735330581665,0.03133714199066162
0.6442570090293884,1.234825849533081,0.4295046627521515,0.03133714199066162
0.6979450583457947,-0.21475233137607574,0.4295046627521515,0.03133714199066162
0.6979450583457947,0.3221285045146942,0.9663854837417603,0.03133714199066162
0.6979450583457947,0.6442570090293884,-0.4295046627521515,0.03133714199066162
0.7516331672668457,0.859009325504303,0.805321216583252,0.03133714199066162
0.859009325504303,0.0,0.37581658363342285,0.03133714199066162
0.859009325504303,0.859009325504303,-0.053688082844018936,0.03133714199066162
0.912697434425354,0.21475233137607574,0.5368808507919312,0.03133714199066162
-1.0200735330581665,0.21475233137607574,0.0,0.03133702278137207
-1.0200735330581665,0.7516331672668457,0.5368808507919312,0.03133702278137207
-0.859009325504303,0.10737616568803787,0.805321216583252,0.03133702278137207
-0.859009325504303,0.859009325504303,0.805321216583252,0.03133702278137207
0.0,0.859009325504303,1.234825849533081,0.03133702278137207
0.6442570090293884,0.4295046627521515,-0.5368808507919312,0.03130674362182617
0.5368808507919312,-0.7516331672668457,0.21475233137607574,0.0312621146440506
0.6442570090293884,-0.4831927418708801,0.1610642522573471,0.0312621146440506
0.5368808507919312,-0.37581658363342285,0.1610642522573471,0.03126208484172821
0.5368808507919312,-0.37581658363342285,0.37581658363342285,0.03126206994056702
-1.7717067003250122,-0.912697434425354,0.1610642522573471,0.031214728951454163
-1.7717067003250122,-0.6979450583457947,0.2684404253959656,0.031214699149131775
-1.5569543838500977,-0.9663854837417603,0.10737616568803787,0.031214699149131775
-1.718018651008606,-0.6442570090293884,0.2684404253959656,0.03121468424797058
-1.6643306016921997,-0.6442570090293884,0.3221285045146942,0.03121468424797058
-1.4495782852172852,-0.912697434425354,0.1610642522573471,0.031214639544487
0.805321216583252,-1.5032663345336914,0.053688082844018936,0.03118906170129776
-1.6643306016921997,-0.3221285045146942,0.37581658363342285,0.031186848878860474
-0.5368808507919312,1.718018651008606,-0.37581658363342285,0.031132668256759644
-0.37581658363342285,1.5569543838500977,-0.1610642522573471,0.031132668256759644
-0.2684404253959656,1.5569543838500977,-0.1610642522573471,0.031132668256759644
-0.10737616568803787,1.718018651008606,-0.4831927418708801,0.031132668256759644
-0.5368808507919312,1.5032663345336914,-0.2684404253959656,0.031132638454437256
-0.37581658363342285,1.342202067375183,-0.2684404253959656,0.031132638454437256
-0.37581658363342285,1.7717067003250122,-0.5905689001083374,0.031132638454437256
-0.10737616568803787,1.5032663345336914,-0.5905689001083374,0.031132638454437256
-0.3221285045146942,1.2885140180587769,-0.37581658363342285,0.031132608652114868
0.37581658363342285,1.825394868850708,0.5368808507919312,0.031071513891220093
0.3221285045146942,1.4495782852172852,0.3221285045146942,0.031071320176124573
-0.2684404253959656,2.0938353538513184,-0.5905689001083374,0.031056135892868042
-0.1610642522573471,2.0938353538513184,-0.5905689001083374,0.031056120991706848
-0.6979450583457947,2.1475234031677246,0.859009325504303,0.03104943037033081
0.6979450583457947,2.1475234031677246,0.7516331672668457,0.031049400568008423
0.053688082844018936,-2.469651699066162,-0.9663854837417603,0.03103002905845642
0.10737616568803787,-2.5770280361175537,-0.805321216583252,0.031029939651489258
0.053688082844018936,-2.63071608543396,-0.805321216583252,0.031029924750328064
-0.053688082844018936,-2.8991565704345703,-0.5368808507919312,0.031029842793941498
-1.9864590167999268,0.859009325504303,-0.37581658363342285,0.03099212795495987
-2.040147066116333,0.859009325504303,-0.3221285045146942,0.03099210560321808
0.912697434425354,2.7917802333831787,-0.10737616568803787,0.030983448028564453
1.0200735330581665,2.7917802333831787,-0.21475233137607574,0.030983448028564453
1.0200735330581665,2.7917802333831787,-0.10737616568803787,0.030983448028564453
0.805321216583252,3.006532669067383,-0.21475233137607574,0.030983343720436096
0.912697434425354,2.8991565704345703,0.0,0.030983328819274902
0.3221285045146942,0.859009325504303,-0.6442570090293884,0.030977323651313782
0.4295046627521515,1.0200735330581665,-0.4831927418708801,0.0309772789478302
0.4295046627521515,1.1274497509002686,-0.4831927418708801,0.030977264046669006
0.5905689001083374,1.1274497509002686,-0.7516331672668457,0.030977264046669006
0.21475233137607574,1.234825849533081,-0.6979450583457947,0.030977219343185425
1.2885140180587769,0.053688082844018936,-1.0737617015838623,0.030955299735069275
-0.21475233137607574,-0.859009325504303,-0.6442570090293884,0.03084278106689453
-0.21475233137607574,-0.6979450583457947,-0.4831927418708801,0.03084278106689453
-1.5569543838500977,-0.6979450583457947,0.37581658363342285,0.03081919252872467
0.7516331672668457,-1.5569543838500977,0.0,0.030817121267318726
0.5905689001083374,-1.5569543838500977,0.053688082844018936,0.030817106366157532
0.6442570090293884,-1.5569543838500977,0.0,0.030817091464996338
-0.21475233137607574,3.650789737701416,0.4295046627521515,0.030811786651611328
0.10737616568803787,3.650789737701416,0.4295046627521515,0.030811786651611328
-0.7516331672668457,2.3622756004333496,-0.4295046627521515,0.030811667442321777
-0.7516331672668457,2.3622756004333496,0.859009325504303,0.030811667442321777
-0.7516331672668457,3.3286612033843994,0.5368808507919312,0.030811667442321777
-0.6979450583457947,1.9864590167999268,-0.10737616568803787,0.030811667442321777
-0.6979450583457947,2.845468282699585,-0.5368808507919312,0.030811667442321777
-0.6979450583457947,3.436037302017212,0.053688082844018936,0.030811667442321777
-0.37581658363342285,1.9864590167999268,-0.4295046627521515,0.030811667442321777
-0.2684404253959656,1.718018651008606,0.37581658363342285,0.030811667442321777
-0.2684404253959656,2.845468282699585,-0.7516331672668457,0.030811667442321777
-0.21475233137607574,2.040147066116333,0.9663854837417603,0.030811667442321777
0.10737616568803787,2.040147066116333,-0.5368808507919312,0.030811667442321777
0.1610642522573471,2.845468282699585,-0.7516331672668457,0.030811667442321777
0.21475233137607574,2.684404134750366,-0.7516331672668457,0.030811667442321777
0.5905689001083374,1.9327709674835205,0.37581658363342285,0.030811667442321777
0.5905689001083374,2.5233399868011475,-0.5368808507919312,0.030811667442321777
0.5905689001083374,3.436037302017212,0.37581658363342285,0.030811667442321777
0.6442570090293884,2.040147066116333,-0.10737616568803787,0.030811667442321777
0.6442570090293884,2.3622756004333496,-0.4295046627521515,0.030811667442321777
0.6442570090293884,2.3622756004333496,0.859009325504303,0.030811667442321777
0.912697434425354,2.469651699066162,0.053688082844018936,0.030811667442321777
-1.0200735330581665,2.469651699066162,0.37581658363342285,0.030811548233032227
-1.0200735330581665,2.8991565704345703,0.37581658363342285,0.030811548233032227
-0.1610642522573471,2.0938353538513184,1.0200735330581665,0.03076477348804474
0.0,1.9864590167999268,0.9663854837417603,0.03076460212469101
1.342202067375183,0.7516331672668457,-0.3221285045146942,0.030759193003177643
1.3958901166915894,0.912697434425354,-0.5368808507919312,0.030759193003177643
0.4295046627521515,-1.0200735330581665,0.2684404253959656,0.03075346350669861
0.37581658363342285,-1.0737617015838623,0.2684404253959656,0.030753403902053833
-0.10737616568803787,-1.9864590167999268,-0.5368808507919312,0.03074152022600174
-0.859009325504303,2.0938353538513184,0.37581658363342285,0.030731402337551117
0.6979450583457947,3.5971014499664307,0.2684404253959656,0.03070652484893799
1.0200735330581665,3.5434134006500244,0.5368808507919312,0.03070652484893799
1.0200735330581665,3.5971014499664307,0.4831927418708801,0.0307064950466156
0.21475233137607574,-2.040147066116333,-0.6442570090293884,0.030676499009132385
0.21475233137607574,-2.040147066116333,-0.5368808507919312,0.030676454305648804
-0.5905689001083374,1.234825849533081,0.912697434425354,0.030649617314338684
-1.1274497509002686,0.4295046627521515,0.0,0.03064946085214615
-1.0737617015838623,0.4295046627521515,0.053688082844018936,0.030649438500404358
0.5368808507919312,-0.10737616568803787,-0.37581658363342285,0.030649438500404358
0.4831927418708801,-0.1610642522573471,-0.37581658363342285,0.03064943104982376
-1.1274497509002686,0.6442570090293884,0.0,0.030649423599243164
0.4831927418708801,-0.053688082844018936,-0.5905689001083374,0.030649423599243164
0.5905689001083374,-0.10737616568803787,-0.4295046627521515,0.030649423599243164
-0.6979450583457947,-1.6643306016921997,0.3221285045146942,0.030619516968727112
1.1811378002166748,0.2684404253959656,-1.0737617015838623,0.030594542622566223
1.234825849533081,0.3221285045146942,-0.9663854837417603,0.03059449791908264
-1.7717067003250122,-0.859009325504303,-0.2684404253959656,0.030555695295333862
1.2885140180587769,2.684404134750366,0.3221285045146942,0.030540600419044495
-0.912697434425354,1.0737617015838623,0.5368808507919312,0.03054054081439972
0.9663854837417603,2.684404134750366,0.0,0.03054054081439972
0.9663854837417603,2.684404134750366,0.21475233137607574,0.03054054081439972
1.2885140180587769,2.7917802333831787,0.21475233137607574,0.03054051101207733
0.3221285045146942,-0.053688082844018936,-0.5368808507919312,0.030538417398929596
-0.1610642522573471,2.3622756004333496,1.3958901166915894,0.03050752729177475
-0.2684404253959656,2.254899501800537,1.3958901166915894,0.03050735592842102
-0.5905689001083374,1.610642433166504,-0.37581658363342285,0.030482426285743713
-0.3221285045146942,1.6643306016921997,0.053688082844018936,0.030482374131679535
0.6979450583457947,0.3221285045146942,-0.4295046627521515,0.030447088181972504
-0.053688082844018936,-1.9864590167999268,0.5905689001083374,0.030399993062019348
-0.10737616568803787,-1.9864590167999268,0.5368808507919312,0.030399978160858154
-0.805321216583252,1.825394868850708,0.2684404253959656,0.030390627682209015
-0.859009325504303,1.825394868850708,0.21475233137607574,0.03039061278104782
-0.5368808507919312,-2.415963649749756,0.5905689001083374,0.030384749174118042
0.37581658363342285,0.6979450583457947,-0.805321216583252,0.030375108122825623
0.5368808507919312,0.859009325504303,-0.805321216583252,0.030375108122825623
0.5368808507919312,0.859009325504303,-0.5905689001083374,0.030375108122825623
0.5905689001083374,0.6979450583457947,-0.5905689001083374,0.030375108122825623
0.4295046627521515,0.859009325504303,-0.5905689001083374,0.03037509322166443
0.5905689001083374,0.805321216583252,-0.805321216583252,0.030375078320503235
-0.6979450583457947,1.234825849533081,0.5905689001083374,0.03033982217311859
0.859009325504303,1.0200735330581665,0.7516331672668457,0.03033982217311859
0.912697434425354,1.1274497509002686,0.5905689001083374,0.03033982217311859
0.3221285045146942,0.4295046627521515,-0.6979450583457947,0.030339807271957397
0.3221285045146942,0.4295046627521515,-0.805321216583252,0.03033977746963501
0.6979450583457947,1.1274497509002686,0.5905689001083374,0.030339762568473816
0.4295046627521515,0.5905689001083374,-0.6442570090293884,0.030339747667312622
0.4295046627521515,0.6442570090293884,-0.805321216583252,0.030339747667312622
-0.7516331672668457,1.2885140180587769,0.6979450583457947,0.030339732766151428
-0.6979450583457947,1.2885140180587769,0.5368808507919312,0.030339732766151428
0.4831927418708801,0.5905689001083374,-0.805321216583252,0.030339732766151428
0.7516331672668457,1.1274497509002686,0.7516331672668457,0.030339732766151428
0.7516331672668457,1.1811378002166748,0.6979450583457947,0.030339688062667847
0.37581658363342285,1.3958901166915894,0.5368808507919312,0.030327439308166504
-0.805321216583252,1.3958901166915894,0.2684404253959656,0.030311256647109985
-0.805321216583252,1.5032663345336914,0.37581658363342285,0.030311189591884613
0.21475233137607574,-0.5905689001083374,-0.6442570090293884,0.030305765569210052
-1.610642433166504,-0.21475233137607574,-0.053688082844018936,0.030303552746772766
-1.718018651008606,-0.10737616568803787,-0.053688082844018936,0.03030349314212799
1.610642433166504,0.4831927418708801,-1.342202067375183,0.030303210020065308
1.5569543838500977,0.859009325504303,-0.912697434425354,0.030303195118904114
-1.0200735330581665,2.040147066116333,0.10737616568803787,0.030291050672531128
1.0200735330581665,3.006532669067383,0.4831927418708801,0.030291035771369934
1.0200735330581665,2.5233399868011475,0.5905689001083374,0.03029094636440277
-1.1274497509002686,2.201211452484131,0.2684404253959656,0.03029090166091919
-1.0737617015838623,2.1475234031677246,0.2684404253959656,0.03029090166091919
-1.0200735330581665,2.3622756004333496,0.10737616568803787,0.03029082715511322
1.0200735330581665,2.684404134750366,0.5905689001083374,0.03029078245162964
1.3958901166915894,-0.6442570090293884,-0.805321216583252,0.030256569385528564
1.8790829181671143,-0.7516331672668457,-0.9663854837417603,0.03025655448436737
1.3958901166915894,-0.6979450583457947,-0.6442570090293884,0.030256539583206177
1.718018651008606,-0.859009325504303,-0.912697434425354,0.030256494879722595
0.7516331672668457,1.3958901166915894,0.1610642522573471,0.03025396168231964
0.9663854837417603,1.1811378002166748,0.1610642522573471,0.03025396168231964
-0.4831927418708801,-2.1475234031677246,1.0737617015838623,0.030234917998313904
-0.37581658363342285,-2.1475234031677246,0.9663854837417603,0.030234843492507935
0.1610642522573471,-2.1475234031677246,-0.3221285045146942,0.03022579848766327
0.21475233137607574,-2.469651699066162,-0.37581658363342285,0.03022579848766327
0.21475233137607574,-2.1475234031677246,-0.37581658363342285,0.03022579848766327
0.5368808507919312,3.489725351333618,-0.21475233137607574,0.0302167609333992
-0.5368808507919312,0.37581658363342285,1.1811378002166748,0.03020402044057846
-1.0200735330581665,0.4295046627521515,0.6442570090293884,0.030203968286514282
-0.2684404253959656,-2.63071608543396,-0.5368808507919312,0.030170142650604248
-0.2684404253959656,-2.5233399868011475,-0.5368808507919312,0.030170142650604248
1.5032663345336914,0.5905689001083374,-0.805321216583252,0.03012147545814514
1.6643306016921997,0.4831927418708801,-1.0737617015838623,0.030121445655822754
1.6643306016921997,0.6979450583457947,-1.2885140180587769,0.030121445655822754
1.0200735330581665,0.805321216583252,-1.1811378002166748,0.030121415853500366
1.5032663345336914,0.9663854837417603,-1.1811378002166748,0.030121415853500366
-1.1811378002166748,3.274973154067993,0.10737616568803787,0.030098341405391693
-1.0737617015838623,1.2885140180587769,0.053688082844018936,0.030063509941101074
-1.0737617015838623,1.0737617015838623,-0.2684404253959656,0.030063465237617493
-0.859009325504303,1.342202067375183,-0.21475233137607574,0.030063465237617493
-0.912697434425354,0.9663854837417603,-0.10737616568803787,0.03006342053413391
-0.805321216583252,-1.718018651008606,0.7516331672668457,0.0300331711769104
-1.1274497509002686,1.0200735330581665,0.37581658363342285,0.029981210827827454
0.5905689001083374,1.1811378002166748,-0.6442570090293884,0.02995966374874115
0.5905689001083374,1.1811378002166748,-0.5368808507919312,0.029959633946418762
0.4831927418708801,1.2885140180587769,-0.6442570090293884,0.029959604144096375
0.5368808507919312,1.2885140180587769,-0.4831927418708801,0.029959574341773987
0.5905689001083374,1.2885140180587769,0.1610642522573471,0.02994823455810547
-1.0200735330581665,0.859009325504303,0.2684404253959656,0.029948115348815918
-0.859009325504303,-0.1610642522573471,0.37581658363342285,0.029948115348815918
-0.859009325504303,0.5905689001083374,-0.37581658363342285,0.029948115348815918
-0.6979450583457947,-0.3221285045146942,0.1610642522573471,0.029948115348815918
-0.6979450583457947,0.37581658363342285,1.0737617015838623,0.029948115348815918
-0.5368808507919312,0.1610642522573471,1.1274497509002686,0.029948115348815918
-0.1610642522573471,-0.3221285045146942,-0.37581658363342285,0.029948115348815918
-0.1610642522573471,-0.3221285045146942,0.912697434425354,0.029948115348815918
-0.053688082844018936,0.859009325504303,-0.6979450583457947,0.029948115348815918
0.053688082844018936,1.1274497509002686,1.0737617015838623,0.029948115348815918
0.3221285045146942,-0.4831927418708801,0.2684404253959656,0.029948115348815918
0.4295046627521515,-0.37581658363342285,-0.053688082844018936,0.029948115348815918
0.4295046627521515,0.805321216583252,1.1274497509002686,0.029948115348815918
0.4295046627521515,1.342202067375183,-0.053688082844018936,0.029948115348815918
0.5905689001083374,-0.3221285045146942,0.1610642522573471,0.029948115348815918
0.5905689001083374,0.37581658363342285,-0.5368808507919312,0.029948115348815918
0.5905689001083374,0.37581658363342285,1.0737617015838623,0.029948115348815918
0.7516331672668457,0.37581658363342285,-0.37581658363342285,0.029948115348815918
0.805321216583252,0.805321216583252,-0.21475233137607574,0.029948115348815918
-0.10737616568803787,-2.3085875511169434,-0.2684404253959656,0.029922038316726685
0.37581658363342285,-3.3286612033843994,-0.6442570090293884,0.029874354600906372
0.10737616568803787,-3.3286612033843994,-0.6979450583457947,0.029874324798583984
0.0,-1.9864590167999268,-0.6979450583457947,0.02985706925392151
0.0,-0.6979450583457947,0.1610642522573471,0.029791533946990967
0.053688082844018936,-0.5368808507919312,0.053688082844018936,0.029791533946990967
0.3221285045146942,-0.6442570090293884,-0.6442570090293884,0.029791533946990967
0.5368808507919312,-0.6979450583457947,-0.5905689001083374,0.029791533946990967
0.5368808507919312,-0.4831927418708801,-0.1610642522573471,0.029791533946990967
0.2684404253959656,-0.7516331672668457,0.2684404253959656,0.02979147434234619
0.3221285045146942,-1.342202067375183,-0.4831927418708801,0.02979147434234619
0.7516331672668457,-0.7516331672668457,-0.21475233137607574,0.02979147434234619
-0.6442570090293884,-2.040147066116333,0.6442570090293884,0.029689639806747437
-0.6442570090293884,-2.201211452484131,0.805321216583252,0.029689475893974304
-0.6442570090293884,-2.3622756004333496,0.6442570090293884,0.02968941628932953
-1.718018651008606,-0.37581658363342285,0.37581658363342285,0.029660388827323914
-1.610642433166504,-0.3221285045146942,0.3221285045146942,0.029660344123840332
-0.2684404253959656,-2.201211452484131,0.4831927418708801,0.02965398132801056
-0.053688082844018936,-2.201211452484131,0.5905689001083374,0.029653944075107574
-0.4831927418708801,-2.63071608543396,-0.912697434425354,0.029648467898368835
-0.37581658363342285,-2.5233399868011475,-1.0200735330581665,0.029648467898368835
1.1274497509002686,0.6979450583457947,-0.053688082844018936,0.029553741216659546
-1.5569543838500977,-0.6442570090293884,0.053688082844018936,0.02951231598854065
1.718018651008606,-0.6442570090293884,-0.805321216583252,0.02951231598854065
1.718018651008606,-0.10737616568803787,-1.1274497509002686,0.02951231598854065
-1.8790829181671143,-0.4295046627521515,-0.37581658363342285,0.02951228618621826
-1.7717067003250122,-0.5368808507919312,0.2684404253959656,0.02951228618621826
-1.718018651008606,-0.6442570090293884,-0.3221285045146942,0.02951228618621826
-1.6643306016921997,-0.5905689001083374,0.21475233137607574,0.02951228618621826
-1.6643306016921997,-0.37581658363342285,0.21475233137607574,0.02951228618621826
1.9327709674835205,-0.4295046627521515,-0.912697434425354,0.02951228618621826
-1.9327709674835205,-0.7516331672668457,-0.21475233137607574,0.029512256383895874
-1.7717067003250122,-0.1610642522573471,-0.10737616568803787,0.029512256383895874
1.4495782852172852,-0.10737616568803787,-1.0737617015838623,0.029512256383895874
1.5032663345336914,-0.5368808507919312,-0.6979450583457947,0.029512256383895874
1.6643306016921997,-0.6979450583457947,-0.912697434425354,0.029512256383895874
-1.9864590167999268,-0.37581658363342285,0.21475233137607574,0.029512226581573486
1.4495782852172852,-0.6442570090293884,-0.859009325504303,0.029512226581573486
1.4495782852172852,-0.2684404253959656,-1.234825849533081,0.02951216697692871
-1.4495782852172852,2.415963649749756,0.053688082844018936,0.02950829267501831
-1.4495782852172852,2.5770280361175537,0.21475233137607574,0.029508203268051147
-1.0200735330581665,2.469651699066162,0.0,0.029508158564567566
0.0,-3.006532669067383,1.1274497509002686,0.02950815111398697
0.10737616568803787,-3.1139087677001953,1.1274497509002686,0.02950815111398697
-1.0200735330581665,0.912697434425354,0.4295046627521515,0.029508143663406372
-1.342202067375183,0.859009325504303,0.6979450583457947,0.02950809895992279
-1.1811378002166748,0.7516331672668457,0.7516331672668457,0.02950809895992279
-1.610642433166504,1.1274497509002686,-0.21475233137607574,0.029496341943740845
-1.234825849533081,2.8991565704345703,-0.053688082844018936,0.02949632704257965
-1.7717067003250122,0.859009325504303,-0.053688082844018936,0.029496297240257263
-1.1274497509002686,0.7516331672668457,-0.2684404253959656,0.029496297240257263
-1.1274497509002686,0.7516331672668457,-0.1610642522573471,0.029496297240257263
-0.6979450583457947,1.7717067003250122,-0.37581658363342285,0.029496297240257263
-0.6442570090293884,1.7717067003250122,-0.4295046627521515,0.029496297240257263
-0.4831927418708801,1.7717067003250122,-0.37581658363342285,0.029496297240257263
-0.10737616568803787,-0.4831927418708801,0.6442570090293884,0.029496297240257263
-1.7717067003250122,0.912697434425354,-0.10737616568803787,0.02949628233909607
-1.7717067003250122,1.0200735330581665,-0.10737616568803787,0.02949628233909607
-1.7717067003250122,1.1274497509002686,-0.1610642522573471,0.02949628233909607
-1.1811378002166748,0.859009325504303,-0.21475233137607574,0.02949628233909607
-1.0737617015838623,0.9663854837417603,-0.10737616568803787,0.02949628233909607
-1.0200735330581665,2.845468282699585,0.0,0.02949628233909607
0.4831927418708801,-0.5368808507919312,0.053688082844018936,0.02949628233909607
-1.1274497509002686,2.7917802333831787,0.053688082844018936,0.029496267437934875
1.5569543838500977,-0.5905689001083374,-0.4295046627521515,0.029496267437934875
0.6979450583457947,-0.3221285045146942,0.053688082844018936,0.02949625253677368
1.5032663345336914,-0.3221285045146942,-0.5368808507919312,0.02949625253677368
-0.21475233137607574,-0.805321216583252,0.7516331672668457,0.029496245086193085
-0.4831927418708801,1.9327709674835205,-0.4295046627521515,0.029496237635612488
-0.912697434425354,0.7516331672668457,-0.2684404253959656,0.029496222734451294
-0.912697434425354,0.9663854837417603,-0.2684404253959656,0.029496222734451294
1.610642433166504,-0.5905689001083374,-0.4831927418708801,0.029496222734451294
-1.0737617015838623,2.684404134750366,0.0,0.0294962078332901
-0.4831927418708801,1.9864590167999268,-0.37581658363342285,0.0294962078332901
-1.1274497509002686,2.63071608543396,-0.10737616568803787,0.02949616312980652
1.0737617015838623,2.3622756004333496,0.21475233137607574,0.029467657208442688
1.1811378002166748,2.3622756004333496,0.3221285045146942,0.029467642307281494
-1.234825849533081,2.469651699066162,0.37581658363342285,0.02943137288093567
-0.5368808507919312,-2.845468282699585,0.4831927418708801,0.029431350529193878
0.805321216583252,3.221284866333008,0.6979450583457947,0.029431335628032684
0.859009325504303,3.221284866333008,0.7516331672668457,0.029431335628032684
-0.912697434425354,2.0938353538513184,0.21475233137607574,0.029431313276290894
0.2684404253959656,-2.5233399868011475,-0.6442570090293884,0.029431313276290894
-1.3958901166915894,2.63071608543396,-0.053688082844018936,0.029431290924549103
1.6643306016921997,-0.1610642522573471,-1.234825849533081,0.029431290924549103
0.053688082844018936,-1.3958901166915894,-0.21475233137607574,0.029431283473968506
1.0200735330581665,3.221284866333008,0.4831927418708801,0.02943127602338791
-1.610642433166504,0.805321216583252,0.4295046627521515,0.029431253671646118
-0.6442570090293884,0.7516331672668457,1.234825849533081,0.029431253671646118
-0.053688082844018936,2.415963649749756,1.2885140180587769,0.029431253671646118
1.3958901166915894,0.6442570090293884,-0.6979450583457947,0.029431253671646118
1.6643306016921997,-0.5905689001083374,-1.234825849533081,0.029431253671646118
1.6643306016921997,-0.3221285045146942,-0.6442570090293884,0.029431253671646118
-0.912697434425354,2.254899501800537,0.6442570090293884,0.02943124622106552
-1.9327709674835205,0.1610642522573471,-0.37581658363342285,0.029431238770484924
-0.805321216583252,-1.0737617015838623,0.4831927418708801,0.029431238770484924
-0.7516331672668457,-1.1274497509002686,0.4831927418708801,0.029431238770484924
-0.21475233137607574,-0.4831927418708801,0.805321216583252,0.029431238770484924
-0.21475233137607574,1.825394868850708,-0.6979450583457947,0.029431238770484924
1.234825849533081,0.6979450583457947,-0.21475233137607574,0.029431238770484924
1.3958901166915894,2.8991565704345703,0.2684404253959656,0.029431238770484924
1.4495782852172852,-0.4831927418708801,-0.6979450583457947,0.029431238770484924
-2.040147066116333,-0.3221285045146942,0.1610642522573471,0.029431231319904327
-1.7717067003250122,-0.1610642522573471,0.0,0.029431231319904327
0.053688082844018936,-2.63071608543396,-1.0200735330581665,0.029431231319904327
0.053688082844018936,-1.2885140180587769,0.10737616568803787,0.029431231319904327
0.10737616568803787,1.6643306016921997,-0.805321216583252,0.029431231319904327
1.6643306016921997,-0.10737616568803787,-1.2885140180587769,0.029431231319904327
-0.6979450583457947,0.912697434425354,-0.4295046627521515,0.02943122386932373
-0.053688082844018936,-1.825394868850708,-0.37581658363342285,0.02943122386932373
0.053688082844018936,1.5032663345336914,0.805321216583252,0.02943122386932373
0.912697434425354,3.1139087677001953,-0.10737616568803787,0.02943122386932373
1.234825849533081,0.6442570090293884,-0.4295046627521515,0.02943122386932373
1.234825849533081,1.1811378002166748,-0.859009325504303,0.02943122386932373
1.5032663345336914,0.6979450583457947,-0.805321216583252,0.02943122386932373
1.5569543838500977,0.805321216583252,-0.859009325504303,0.02943122386932373
-0.912697434425354,-1.1274497509002686,-0.10737616568803787,0.029431216418743134
-1.2885140180587769,2.63071608543396,0.37581658363342285,0.029431208968162537
-1.0737617015838623,1.0737617015838623,0.859009325504303,0.029431208968162537
-0.9663854837417603,0.912697434425354,1.0200735330581665,0.029431208968162537
-0.859009325504303,0.859009325504303,1.0737617015838623,0.029431208968162537
-0.805321216583252,1.7717067003250122,-0.2684404253959656,0.029431208968162537
-0.4831927418708801,1.0737617015838623,-0.4831927418708801,0.029431208968162537
-0.2684404253959656,-0.7516331672668457,0.4831927418708801,0.029431208968162537
-0.10737616568803787,-1.4495782852172852,0.9663854837417603,0.029431208968162537
0.4295046627521515,-0.5905689001083374,-0.5905689001083374,0.029431208968162537
0.5905689001083374,0.859009325504303,1.0200735330581665,0.029431208968162537
0.805321216583252,1.0737617015838623,0.21475233137607574,0.029431208968162537
0.805321216583252,2.469651699066162,0.6979450583457947,0.029431208968162537
1.3958901166915894,3.1675968170166016,0.2684404253959656,0.029431208968162537
1.5569543838500977,-0.1610642522573471,-1.234825849533081,0.029431208968162537
-0.805321216583252,3.1139087677001953,-0.3221285045146942,0.02943120151758194
-0.7516331672668457,0.912697434425354,-0.37581658363342285,0.02943120151758194
-0.10737616568803787,0.6979450583457947,1.2885140180587769,0.02943120151758194
-0.053688082844018936,-0.5368808507919312,0.5905689001083374,0.02943120151758194
0.0,0.6979450583457947,1.2885140180587769,0.02943120151758194
0.053688082844018936,-0.4831927418708801,0.6442570090293884,0.02943120151758194
0.4295046627521515,-0.9663854837417603,0.4831927418708801,0.02943120151758194
-1.1811378002166748,0.6979450583457947,-0.1610642522573471,0.029431194067001343
-0.7516331672668457,-1.0737617015838623,0.5368808507919312,0.029431194067001343
-0.7516331672668457,-0.5368808507919312,-0.21475233137607574,0.029431194067001343
-0.4831927418708801,1.234825849533081,-0.3221285045146942,0.029431194067001343
-0.4831927418708801,3.436037302017212,-0.3221285045146942,0.029431194067001343
0.5368808507919312,-0.5368808507919312,-0.4295046627521515,0.029431194067001343
0.859009325504303,1.0737617015838623,0.2684404253959656,0.029431194067001343
1.5032663345336914,0.859009325504303,-0.859009325504303,0.029431194067001343
-1.0737617015838623,0.4295046627521515,0.4831927418708801,0.029431186616420746
-1.0200735330581665,2.415963649749756,0.1610642522573471,0.029431186616420746
-0.912697434425354,0.1610642522573471,0.805321216583252,0.029431186616420746
-0.859009325504303,0.1610642522573471,0.859009325504303,0.029431186616420746
-0.805321216583252,2.201211452484131,-0.2684404253959656,0.029431186616420746
-0.7516331672668457,2.254899501800537,-0.37581658363342285,0.029431186616420746
-0.6979450583457947,-1.7717067003250122,0.4295046627521515,0.029431186616420746
-0.6442570090293884,-0.10737616568803787,-0.37581658363342285,0.029431186616420746
-0.5368808507919312,-0.2684404253959656,0.805321216583252,0.029431186616420746
-0.5368808507919312,-0.21475233137607574,-0.37581658363342285,0.029431186616420746
-0.4831927418708801,-0.2684404253959656,0.859009325504303,0.029431186616420746
-0.4831927418708801,1.342202067375183,-0.37581658363342285,0.029431186616420746
0.0,-1.825394868850708,-0.4831927418708801,0.029431186616420746
0.21475233137607574,1.610642433166504,0.6979450583457947,0.029431186616420746
0.3221285045146942,2.0938353538513184,-0.5368808507919312,0.029431186616420746
0.4831927418708801,-0.6442570090293884,-0.5905689001083374,0.029431186616420746
0.6442570090293884,-1.1274497509002686,-0.4831927418708801,0.029431186616420746
0.6979450583457947,-1.1811378002166748,-0.37581658363342285,0.029431186616420746
0.6979450583457947,2.3622756004333496,-0.37581658363342285,0.029431186616420746
0.859009325504303,2.63071608543396,-0.2684404253959656,0.029431186616420746
1.4495782852172852,-0.1610642522573471,-0.7516331672668457,0.029431186616420746
-0.4831927418708801,-2.63071608543396,-1.0200735330581665,0.02943117916584015
-0.2684404253959656,1.7717067003250122,0.5905689001083374,0.02943117916584015
-0.053688082844018936,0.2684404253959656,-0.7516331672668457,0.02943117916584015
0.0,-0.4831927418708801,0.6979450583457947,0.02943117916584015
0.859009325504303,1.0737617015838623,0.1610642522573471,0.02943117916584015
0.912697434425354,0.10737616568803787,0.2684404253959656,0.02943117916584015
-2.254899501800537,0.10737616568803787,-0.21475233137607574,0.029431171715259552
-2.254899501800537,0.10737616568803787,0.0,0.029431171715259552
-2.254899501800537,0.21475233137607574,-0.053688082844018936,0.029431171715259552
-2.201211452484131,0.0,-0.3221285045146942,0.029431171715259552
-2.201211452484131,0.5905689001083374,-0.10737616568803787,0.029431171715259552
-2.1475234031677246,-0.5368808507919312,0.0,0.029431171715259552
-2.1475234031677246,-0.4831927418708801,0.10737616568803787,0.029431171715259552
-2.1475234031677246,-0.4295046627521515,-0.10737616568803787,0.029431171715259552
-2.1475234031677246,-0.3221285045146942,-0.10737616568803787,0.029431171715259552
-2.1475234031677246,-0.21475233137607574,0.053688082844018936,0.029431171715259552
-2.1475234031677246,-0.1610642522573471,-0.2684404253959656,0.029431171715259552
-2.1475234031677246,0.053688082844018936,-0.37581658363342285,0.029431171715259552
-2.1475234031677246,0.2684404253959656,0.053688082844018936,0.029431171715259552
-2.1475234031677246,0.3221285045146942,-0.37581658363342285,0.029431171715259552
-2.1475234031677246,0.4831927418708801,-0.37581658363342285,0.029431171715259552
-2.1475234031677246,0.5905689001083374,0.0,0.029431171715259552
-2.1475234031677246,0.7516331672668457,0.0,0.029431171715259552
-2.1475234031677246,0.805321216583252,-0.21475233137607574,0.029431171715259552
-2.0938353538513184,-0.6979450583457947,0.0,0.029431171715259552
-2.0938353538513184,-0.37581658363342285,-0.21475233137607574,0.029431171715259552
-2.0938353538513184,0.3221285045146942,0.053688082844018936,0.029431171715259552
-2.0938353538513184,0.4295046627521515,-0.4295046627521515,0.029431171715259552
-2.0938353538513184,0.4295046627521515,0.053688082844018936,0.029431171715259552
-2.0938353538513184,0.859009325504303,-0.2684404253959656,0.029431171715259552
-2.040147066116333,-0.4295046627521515,-0.3221285045146942,0.029431171715259552
-2.040147066116333,-0.053688082844018936,-0.37581658363342285,0.029431171715259552
-2.040147066116333,0.2684404253959656,0.10737616568803787,0.029431171715259552
-2.040147066116333,0.7516331672668457,0.1610642522573471,0.029431171715259552
-2.040147066116333,0.912697434425354,0.10737616568803787,0.029431171715259552
-2.040147066116333,0.9663854837417603,-0.2684404253959656,0.029431171715259552
-1.9864590167999268,-0.859009325504303,-0.053688082844018936,0.029431171715259552
-1.9864590167999268,-0.7516331672668457,-0.1610642522573471,0.029431171715259552
-1.9864590167999268,0.5905689001083374,0.1610642522573471,0.029431171715259552
-1.9864590167999268,0.859009325504303,0.1610642522573471,0.029431171715259552
-1.9864590167999268,1.0200735330581665,-0.10737616568803787,0.029431171715259552
-1.9327709674835205,-0.912697434425354,0.0,0.029431171715259552
-1.9327709674835205,-0.912697434425354,0.10737616568803787,0.029431171715259552
-1.9327709674835205,-0.6442570090293884,-0.3221285045146942,0.029431171715259552
-1.9327709674835205,-0.5368808507919312,-0.37581658363342285,0.029431171715259552
-1.9327709674835205,-0.4295046627521515,0.2684404253959656,0.029431171715259552
-1.9327709674835205,-0.37581658363342285,-0.37581658363342285,0.029431171715259552
-1.9327709674835205,-0.10737616568803787,0.1610642522573471,0.029431171715259552
-1.9327709674835205,-0.053688082844018936,-0.37581658363342285,0.029431171715259552
-1.9327709674835205,0.805321216583252,-0.4831927418708801,0.029431171715259552
-1.9327709674835205,1.0737617015838623,-0.10737616568803787,0.029431171715259552
-1.8790829181671143,-0.6979450583457947,-0.3221285045146942,0.029431171715259552
-1.8790829181671143,-0.5368808507919312,0.2684404253959656,0.029431171715259552
-1.8790829181671143,-0.2684404253959656,-0.3221285045146942,0.029431171715259552
-1.8790829181671143,-0.053688082844018936,0.1610642522573471,0.029431171715259552
-1.8790829181671143,0.0,-0.37581658363342285,0.029431171715259552
-1.8790829181671143,0.053688082844018936,-0.4295046627521515,0.029431171715259552
-1.8790829181671143,0.859009325504303,0.2684404253959656,0.029431171715259552
-1.8790829181671143,1.0737617015838623,-0.2684404253959656,0.029431171715259552
-1.8790829181671143,1.1274497509002686,-0.10737616568803787,0.029431171715259552
-1.825394868850708,-0.912697434425354,-0.21475233137607574,0.029431171715259552
-1.825394868850708,-0.4831927418708801,0.3221285045146942,0.029431171715259552
-1.825394868850708,-0.37581658363342285,-0.37581658363342285,0.029431171715259552
-1.825394868850708,-0.37581658363342285,0.3221285045146942,0.029431171715259552
-1.825394868850708,0.21475233137607574,0.10737616568803787,0.029431171715259552
-1.825394868850708,1.0200735330581665,-0.4295046627521515,0.029431171715259552
-1.825394868850708,1.1274497509002686,-0.21475233137607574,0.029431171715259552
-1.825394868850708,1.1274497509002686,0.10737616568803787,0.029431171715259552
-1.7717067003250122,-0.912697434425354,0.37581658363342285,0.029431171715259552
-1.7717067003250122,-0.053688082844018936,0.10737616568803787,0.029431171715259552
-1.7717067003250122,0.21475233137607574,0.053688082844018936,0.029431171715259552
-1.7717067003250122,0.4295046627521515,0.053688082844018936,0.029431171715259552
-1.7717067003250122,0.4831927418708801,0.10737616568803787,0.029431171715259552
-1.7717067003250122,0.6442570090293884,0.21475233137607574,0.029431171715259552
-1.7717067003250122,0.7516331672668457,0.3221285045146942,0.029431171715259552
-1.7717067003250122,0.9663854837417603,0.3221285045146942,0.029431171715259552
-1.718018651008606,-0.9663854837417603,0.2684404253959656,0.029431171715259552
-1.718018651008606,-0.4295046627521515,0.4295046627521515,0.029431171715259552
-1.718018651008606,-0.10737616568803787,0.1610642522573471,0.029431171715259552
-1.718018651008606,-0.053688082844018936,0.0,0.029431171715259552
-1.718018651008606,0.1610642522573471,-0.053688082844018936,0.029431171715259552
-1.718018651008606,0.4831927418708801,0.053688082844018936,0.029431171715259552
-1.718018651008606,0.7516331672668457,-0.4831927418708801,0.029431171715259552
-1.718018651008606,0.9663854837417603,0.37581658363342285,0.029431171715259552
-1.718018651008606,1.0737617015838623,0.2684404253959656,0.029431171715259552
-1.718018651008606,1.1274497509002686,0.21475233137607574,0.029431171715259552
-1.718018651008606,1.1811378002166748,0.053688082844018936,0.029431171715259552
-1.6643306016921997,-0.912697434425354,0.37581658363342285,0.029431171715259552
-1.6643306016921997,-0.7516331672668457,0.4295046627521515,0.029431171715259552
-1.6643306016921997,-0.5905689001083374,-0.3221285045146942,0.029431171715259552
-1.6643306016921997,-0.37581658363342285,0.4295046627521515,0.029431171715259552
-1.6643306016921997,-0.21475233137607574,-0.21475233137607574,0.029431171715259552
-1.6643306016921997,-0.1610642522573471,0.1610642522573471,0.029431171715259552
-1.6643306016921997,0.9663854837417603,0.4295046627521515,0.029431171715259552
-1.6643306016921997,1.1274497509002686,0.3221285045146942,0.029431171715259552
-1.6643306016921997,1.1811378002166748,-0.21475233137607574,0.029431171715259552
-1.6643306016921997,1.1811378002166748,0.21475233137607574,0.029431171715259552
-1.6643306016921997,2.5770280361175537,0.053688082844018936,0.029431171715259552
-1.6643306016921997,2.63071608543396,0.0,0.029431171715259552
-1.6643306016921997,2.7917802333831787,0.1610642522573471,0.029431171715259552
-1.6643306016921997,2.8991565704345703,0.1610642522573471,0.029431171715259552
-1.6643306016921997,3.006532669067383,0.1610642522573471,0.029431171715259552
-1.610642433166504,-0.7516331672668457,-0.2684404253959656,0.029431171715259552
-1.610642433166504,-0.6442570090293884,-0.2684404253959656,0.029431171715259552
-1.610642433166504,-0.4295046627521515,0.4831927418708801,0.029431171715259552
-1.610642433166504,-0.21475233137607574,-0.1610642522573471,0.029431171715259552
-1.610642433166504,0.5905689001083374,0.1610642522573471,0.029431171715259552
-1.610642433166504,0.6979450583457947,0.37581658363342285,0.029431171715259552
-1.610642433166504,1.0737617015838623,-0.37581658363342285,0.029431171715259552
-1.610642433166504,1.1274497509002686,-0.3221285045146942,0.029431171715259552
-1.610642433166504,1.1274497509002686,0.37581658363342285,0.029431171715259552
-1.610642433166504,1.234825849533081,0.0,0.029431171715259552
-1.610642433166504,2.5233399868011475,0.053688082844018936,0.029431171715259552
-1.610642433166504,2.5770280361175537,0.0,0.029431171715259552
-1.5569543838500977,-0.7516331672668457,-0.1610642522573471,0.029431171715259552
-1.5569543838500977,-0.37581658363342285,0.4295046627521515,0.029431171715259552
-1.5569543838500977,-0.3221285045146942,0.053688082844018936,0.029431171715259552
-1.5569543838500977,-0.3221285045146942,0.21475233137607574,0.029431171715259552
-1.5569543838500977,0.5368808507919312,-0.21475233137607574,0.029431171715259552
-1.5569543838500977,0.5905689001083374,-0.3221285045146942,0.029431171715259552
-1.5569543838500977,0.6442570090293884,-0.1610642522573471,0.029431171715259552
-1.5569543838500977,1.0200735330581665,-0.37581658363342285,0.029431171715259552
-1.5569543838500977,2.469651699066162,0.10737616568803787,0.029431171715259552
-1.5569543838500977,2.5770280361175537,0.21475233137607574,0.029431171715259552
-1.5569543838500977,2.9528446197509766,0.2684404253959656,0.029431171715259552
-1.5569543838500977,3.060220718383789,0.2684404253959656,0.029431171715259552
-1.5032663345336914,-0.9663854837417603,-0.1610642522573471,0.029431171715259552
-1.5032663345336914,-0.9663854837417603,0.1610642522573471,0.029431171715259552
-1.5032663345336914,-0.859009325504303,-0.1610642522573471,0.029431171715259552
-1.5032663345336914,-0.805321216583252,-0.10737616568803787,0.029431171715259552
-1.5032663345336914,-0.5905689001083374,0.4295046627521515,0.029431171715259552
-1.5032663345336914,-0.4295046627521515,0.4295046627521515,0.029431171715259552
-1.5032663345336914,0.6442570090293884,0.37581658363342285,0.029431171715259552
-1.5032663345336914,1.0200735330581665,0.5368808507919312,0.029431171715259552
-1.5032663345336914,2.415963649749756,0.10737616568803787,0.029431171715259552
-1.5032663345336914,2.7917802333831787,0.0,0.029431171715259552
-1.5032663345336914,2.8991565704345703,0.10737616568803787,0.029431171715259552
-1.5032663345336914,2.8991565704345703,0.3221285045146942,0.029431171715259552
-1.5032663345336914,3.006532669067383,0.3221285045146942,0.029431171715259552
-1.5032663345336914,3.1139087677001953,0.10737616568803787,0.029431171715259552
-1.5032663345336914,3.1139087677001953,0.21475233137607574,0.029431171715259552
-1.4495782852172852,-0.9663854837417603,0.10737616568803787,0.029431171715259552
-1.4495782852172852,-0.859009325504303,-0.10737616568803787,0.029431171715259552
-1.4495782852172852,-0.805321216583252,-0.053688082844018936,0.029431171715259552
-1.4495782852172852,-0.6979450583457947,0.2684404253959656,0.029431171715259552
-1.4495782852172852,-0.5905689001083374,0.2684404253959656,0.029431171715259552
-1.4495782852172852,-0.4831927418708801,0.053688082844018936,0.029431171715259552
-1.4495782852172852,0.5905689001083374,-0.10737616568803787,0.029431171715259552
-1.4495782852172852,0.7516331672668457,-0.2684404253959656,0.029431171715259552
-1.4495782852172852,0.9663854837417603,-0.3221285045146942,0.029431171715259552
-1.4495782852172852,1.1811378002166748,-0.21475233137607574,0.029431171715259552
-1.4495782852172852,1.234825849533081,0.3221285045146942,0.029431171715259552
-1.4495782852172852,2.3622756004333496,0.10737616568803787,0.029431171715259552
-1.4495782852172852,2.415963649749756,0.1610642522573471,0.029431171715259552
-1.4495782852172852,2.469651699066162,0.0,0.029431171715259552
-1.4495782852172852,2.469651699066162,0.21475233137607574,0.029431171715259552
-1.4495782852172852,2.5233399868011475,0.2684404253959656,0.029431171715259552
-1.4495782852172852,2.5770280361175537,-0.053688082844018936,0.029431171715259552
-1.4495782852172852,2.7917802333831787,0.3221285045146942,0.029431171715259552
-1.4495782852172852,3.1139087677001953,0.053688082844018936,0.029431171715259552
-1.4495782852172852,3.1675968170166016,0.3221285045146942,0.029431171715259552
-1.3958901166915894,-0.5905689001083374,0.1610642522573471,0.029431171715259552
-1.3958901166915894,0.6979450583457947,0.5368808507919312,0.029431171715259552
-1.3958901166915894,0.7516331672668457,0.6442570090293884,0.029431171715259552
-1.3958901166915894,0.805321216583252,-0.2684404253959656,0.029431171715259552
-1.3958901166915894,1.0200735330581665,0.6442570090293884,0.029431171715259552
-1.3958901166915894,1.1274497509002686,-0.2684404253959656,0.029431171715259552
-1.3958901166915894,1.234825849533081,-0.1610642522573471,0.029431171715259552
-1.3958901166915894,2.3085875511169434,0.10737616568803787,0.029431171715259552
-1.3958901166915894,2.5233399868011475,0.3221285045146942,0.029431171715259552
-1.3958901166915894,2.845468282699585,0.0,0.029431171715259552
-1.3958901166915894,3.3823492527008057,-0.1610642522573471,0.029431171715259552
-1.3958901166915894,3.489725351333618,-0.1610642522573471,0.029431171715259552
-1.3958901166915894,3.650789737701416,-0.053688082844018936,0.029431171715259552
-1.3958901166915894,3.650789737701416,0.2684404253959656,0.029431171715259552
-1.3958901166915894,3.7044777870178223,0.0,0.029431171715259552
-1.3958901166915894,3.7044777870178223,0.10737616568803787,0.029431171715259552
-1.342202067375183,0.6442570090293884,0.5368808507919312,0.029431171715259552
-1.342202067375183,0.6979450583457947,0.6442570090293884,0.029431171715259552
-1.342202067375183,1.0737617015838623,0.6979450583457947,0.029431171715259552
-1.342202067375183,1.1274497509002686,0.6442570090293884,0.029431171715259552
-1.342202067375183,1.2885140180587769,0.21475233137607574,0.029431171715259552
-1.342202067375183,2.3085875511169434,0.1610642522573471,0.029431171715259552
-1.342202067375183,2.3622756004333496,-0.053688082844018936,0.029431171715259552
-1.342202067375183,2.3622756004333496,0.2684404253959656,0.029431171715259552
-1.342202067375183,2.469651699066162,0.3221285045146942,0.029431171715259552
-1.342202067375183,2.845468282699585,-0.053688082844018936,0.029431171715259552
-1.342202067375183,2.845468282699585,0.4295046627521515,0.029431171715259552
-1.342202067375183,3.1675968170166016,0.0,0.029431171715259552
-1.342202067375183,3.1675968170166016,0.4295046627521515,0.029431171715259552
-1.342202067375183,3.221284866333008,0.053688082844018936,0.029431171715259552
-1.342202067375183,3.3286612033843994,-0.1610642522573471,0.029431171715259552
-1.342202067375183,3.5434134006500244,-0.1610642522573471,0.029431171715259552
-1.342202067375183,3.5434134006500244,0.37581658363342285,0.029431171715259552
-1.342202067375183,3.5971014499664307,0.3221285045146942,0.029431171715259552
-1.342202067375183,3.650789737701416,0.21475233137607574,0.029431171715259552
-1.2885140180587769,0.6442570090293884,0.5905689001083374,0.029431171715259552
-1.2885140180587769,2.3085875511169434,-0.10737616568803787,0.029431171715259552
-1.2885140180587769,2.3085875511169434,0.21475233137607574,0.029431171715259552
-1.2885140180587769,2.415963649749756,0.3221285045146942,0.029431171715259552
-1.2885140180587769,2.7380921840667725,0.4831927418708801,0.029431171715259552
-1.2885140180587769,2.7917802333831787,-0.10737616568803787,0.029431171715259552
-1.2885140180587769,2.845468282699585,0.4831927418708801,0.029431171715259552
-1.2885140180587769,3.1139087677001953,-0.053688082844018936,0.029431171715259552
-1.2885140180587769,3.1139087677001953,0.4831927418708801,0.029431171715259552
-1.2885140180587769,3.221284866333008,0.4295046627521515,0.029431171715259552
-1.2885140180587769,3.274973154067993,-0.1610642522573471,0.029431171715259552
-1.2885140180587769,3.274973154067993,0.10737616568803787,0.029431171715259552
-1.2885140180587769,3.274973154067993,0.37581658363342285,0.029431171715259552
-1.2885140180587769,3.3286612033843994,0.053688082844018936,0.029431171715259552
-1.2885140180587769,3.3823492527008057,0.0,0.029431171715259552
-1.2885140180587769,3.489725351333618,0.4295046627521515,0.029431171715259552
-1.2885140180587769,3.650789737701416,0.053688082844018936,0.029431171715259552
-1.2885140180587769,3.650789737701416,0.1610642522573471,0.029431171715259552
-1.2885140180587769,3.650789737701416,0.2684404253959656,0.029431171715259552
-1.234825849533081,0.5368808507919312,0.0,0.029431171715259552
-1.234825849533081,0.5368808507919312,0.10737616568803787,0.029431171715259552
-1.234825849533081,0.6442570090293884,-0.1610642522573471,0.029431171715259552
-1.234825849533081,0.6979450583457947,0.7516331672668457,0.029431171715259552
-1.234825849533081,0.805321216583252,0.805321216583252,0.029431171715259552
-1.234825849533081,1.234825849533081,0.5905689001083374,0.029431171715259552
-1.234825849533081,1.2885140180587769,0.37581658363342285,0.029431171715259552
-1.234825849533081,2.1475234031677246,0.053688082844018936,0.029431171715259552
-1.234825849533081,3.1139087677001953,-0.10737616568803787,0.029431171715259552
-1.234825849533081,3.3286612033843994,0.10737616568803787,0.029431171715259552
-1.234825849533081,3.3286612033843994,0.4295046627521515,0.029431171715259552
-1.234825849533081,3.3823492527008057,0.053688082844018936,0.029431171715259552
-1.234825849533081,3.436037302017212,0.0,0.029431171715259552
-1.234825849533081,3.5971014499664307,0.053688082844018936,0.029431171715259552
-1.234825849533081,3.650789737701416,0.10737616568803787,0.029431171715259552
-1.1811378002166748,0.5368808507919312,-0.10737616568803787,0.029431171715259552
-1.1811378002166748,0.5368808507919312,0.5905689001083374,0.029431171715259552
-1.1811378002166748,0.6979450583457947,0.805321216583252,0.029431171715259552
-1.1811378002166748,0.7516331672668457,-0.21475233137607574,0.029431171715259552
-1.1811378002166748,0.805321216583252,0.859009325504303,0.029431171715259552
-1.1811378002166748,1.342202067375183,0.21475233137607574,0.029431171715259552
-1.1811378002166748,1.342202067375183,0.3221285045146942,0.029431171715259552
-1.1811378002166748,2.3085875511169434,-0.1610642522573471,0.029431171715259552
-1.1811378002166748,2.684404134750366,-0.21475233137607574,0.029431171715259552
-1.1811378002166748,3.1675968170166016,-0.1610642522573471,0.029431171715259552
-1.1811378002166748,3.274973154067993,0.4831927418708801,0.029431171715259552
-1.1811378002166748,3.3823492527008057,0.10737616568803787,0.029431171715259552
-1.1811378002166748,3.3823492527008057,0.4831927418708801,0.029431171715259552
-1.1811378002166748,3.436037302017212,0.4295046627521515,0.029431171715259552
-1.1811378002166748,3.5971014499664307,0.10737616568803787,0.029431171715259552
-1.1274497509002686,0.4295046627521515,-0.21475233137607574,0.029431171715259552
-1.1274497509002686,1.1274497509002686,0.859009325504303,0.029431171715259552
-1.1274497509002686,1.234825849533081,0.6442570090293884,0.029431171715259552
-1.1274497509002686,1.342202067375183,-0.10737616568803787,0.029431171715259552
-1.1274497509002686,1.342202067375183,0.37581658363342285,0.029431171715259552
-1.1274497509002686,2.040147066116333,0.10737616568803787,0.029431171715259552
-1.1274497509002686,2.201211452484131,-0.053688082844018936,0.029431171715259552
-1.1274497509002686,2.254899501800537,-0.10737616568803787,0.029431171715259552
-1.1274497509002686,2.3622756004333496,0.5368808507919312,0.029431171715259552
-1.1274497509002686,2.5233399868011475,0.5905689001083374,0.029431171715259552
-1.1274497509002686,2.63071608543396,0.5905689001083374,0.029431171715259552
-1.1274497509002686,2.684404134750366,-0.2684404253959656,0.029431171715259552
-1.1274497509002686,2.7917802333831787,-0.2684404253959656,0.029431171715259552
-1.1274497509002686,2.8991565704345703,0.6442570090293884,0.029431171715259552
-1.1274497509002686,3.274973154067993,0.5368808507919312,0.029431171715259552
-1.1274497509002686,3.436037302017212,0.1610642522573471,0.029431171715259552
-1.0737617015838623,0.21475233137607574,0.053688082844018936,0.029431171715259552
-1.0737617015838623,0.21475233137607574,0.21475233137607574,0.029431171715259552
-1.0737617015838623,0.2684404253959656,0.2684404253959656,0.029431171715259552
-1.0737617015838623,0.2684404253959656,0.37581658363342285,0.029431171715259552
-1.0737617015838623,0.37581658363342285,0.6442570090293884,0.029431171715259552
-1.0737617015838623,0.5368808507919312,0.805321216583252,0.029431171715259552
-1.0737617015838623,0.5905689001083374,-0.37581658363342285,0.029431171715259552
-1.0737617015838623,0.5905689001083374,0.859009325504303,0.029431171715259552
-1.0737617015838623,1.1811378002166748,0.7516331672668457,0.029431171715259552
-1.0737617015838623,1.234825849533081,0.6979450583457947,0.029431171715259552
-1.0737617015838623,1.342202067375183,0.4295046627521515,0.029431171715259552
-1.0737617015838623,1.3958901166915894,0.1610642522573471,0.029431171715259552
-1.0737617015838623,2.040147066116333,0.053688082844018936,0.029431171715259552
-1.0737617015838623,2.040147066116333,0.1610642522573471,0.029431171715259552
-1.0737617015838623,2.1475234031677246,0.37581658363342285,0.029431171715259552
-1.0737617015838623,2.254899501800537,-0.1610642522573471,0.029431171715259552
-1.0737617015838623,2.3085875511169434,0.5368808507919312,0.029431171715259552
-1.0737617015838623,2.5233399868011475,-0.2684404253959656,0.029431171715259552
-1.0737617015838623,2.684404134750366,0.6442570090293884,0.029431171715259552
-1.0737617015838623,2.9528446197509766,0.6979450583457947,0.029431171715259552
-1.0737617015838623,3.1675968170166016,-0.21475233137607574,0.029431171715259552
-1.0737617015838623,3.5434134006500244,-0.1610642522573471,0.029431171715259552
-1.0200735330581665,-1.0200735330581665,0.0,0.029431171715259552
-1.0200735330581665,0.0,-0.21475233137607574,0.029431171715259552
-1.0200735330581665,0.053688082844018936,0.1610642522573471,0.029431171715259552
-1.0200735330581665,0.10737616568803787,0.21475233137607574,0.029431171715259552
-1.0200735330581665,0.10737616568803787,0.3221285045146942,0.029431171715259552
-1.0200735330581665,0.1610642522573471,0.4831927418708801,0.029431171715259552
-1.0200735330581665,0.21475233137607574,0.5368808507919312,0.029431171715259552
-1.0200735330581665,0.37581658363342285,-0.4295046627521515,0.029431171715259552
-1.0200735330581665,0.4295046627521515,0.859009325504303,0.029431171715259552
-1.0200735330581665,0.5905689001083374,-0.4295046627521515,0.029431171715259552
-1.0200735330581665,0.7516331672668457,-0.37581658363342285,0.029431171715259552
-1.0200735330581665,0.859009325504303,1.0200735330581665,0.029431171715259552
-1.0200735330581665,0.9663854837417603,1.0200735330581665,0.029431171715259552
-1.0200735330581665,1.342202067375183,0.4831927418708801,0.029431171715259552
-1.0200735330581665,1.5032663345336914,-0.053688082844018936,0.029431171715259552
-1.0200735330581665,1.5569543838500977,-0.10737616568803787,0.029431171715259552
-1.0200735330581665,2.040147066116333,0.2684404253959656,0.029431171715259552
-1.0200735330581665,2.1475234031677246,-0.053688082844018936,0.029431171715259552
-1.0200735330581665,2.1475234031677246,0.4295046627521515,0.029431171715259552
-1.0200735330581665,2.3085875511169434,0.6442570090293884,0.029431171715259552
-1.0200735330581665,2.5233399868011475,-0.3221285045146942,0.029431171715259552
-1.0200735330581665,2.9528446197509766,-0.3221285045146942,0.029431171715259552
-1.0200735330581665,3.060220718383789,0.7516331672668457,0.029431171715259552
-1.0200735330581665,3.1139087677001953,-0.2684404253959656,0.029431171715259552
-1.0200735330581665,3.221284866333008,-0.2684404253959656,0.029431171715259552
-1.0200735330581665,3.5971014499664307,-0.053688082844018936,0.029431171715259552
-0.9663854837417603,-1.1274497509002686,0.2684404253959656,0.029431171715259552
-0.9663854837417603,-1.0737617015838623,-0.10737616568803787,0.029431171715259552
-0.9663854837417603,-0.053688082844018936,0.21475233137607574,0.029431171715259552
-0.9663854837417603,0.0,0.37581658363342285,0.029431171715259552
-0.9663854837417603,0.053688082844018936,0.5368808507919312,0.029431171715259552
-0.9663854837417603,0.10737616568803787,-0.37581658363342285,0.029431171715259552
-0.9663854837417603,0.10737616568803787,0.5905689001083374,0.029431171715259552
-0.9663854837417603,0.1610642522573471,0.6442570090293884,0.029431171715259552
-0.9663854837417603,0.4831927418708801,0.9663854837417603,0.029431171715259552
-0.9663854837417603,0.5905689001083374,1.0737617015838623,0.029431171715259552
-0.9663854837417603,1.4495782852172852,0.1610642522573471,0.029431171715259552
-0.9663854837417603,1.4495782852172852,0.2684404253959656,0.029431171715259552
-0.9663854837417603,1.5569543838500977,-0.21475233137607574,0.029431171715259552
-0.9663854837417603,2.1475234031677246,0.5905689001083374,0.029431171715259552
-0.9663854837417603,2.201211452484131,0.6442570090293884,0.029431171715259552
-0.9663854837417603,2.63071608543396,-0.37581658363342285,0.029431171715259552
-0.9663854837417603,2.845468282699585,-0.37581658363342285,0.029431171715259552
-0.9663854837417603,2.845468282699585,0.805321216583252,0.029431171715259552
-0.9663854837417603,3.1139087677001953,0.805321216583252,0.029431171715259552
-0.9663854837417603,3.5434134006500244,-0.1610642522573471,0.029431171715259552
-0.912697434425354,-1.3958901166915894,0.37581658363342285,0.029431171715259552
-0.912697434425354,-1.2885140180587769,0.37581658363342285,0.029431171715259552
-0.912697434425354,-1.1811378002166748,0.37581658363342285,0.029431171715259552
-0.912697434425354,-1.0737617015838623,-0.1610642522573471,0.029431171715259552
-0.912697434425354,-1.0737617015838623,0.37581658363342285,0.029431171715259552
-0.912697434425354,-0.6979450583457947,0.4295046627521515,0.029431171715259552
-0.912697434425354,-0.6442570090293884,-0.1610642522573471,0.029431171715259552
-0.912697434425354,-0.6442570090293884,0.37581658363342285,0.029431171715259552
-0.912697434425354,-0.5905689001083374,-0.10737616568803787,0.029431171715259552
-0.912697434425354,-0.5905689001083374,0.3221285045146942,0.029431171715259552
-0.912697434425354,-0.5368808507919312,-0.053688082844018936,0.029431171715259552
-0.912697434425354,-0.1610642522573471,0.2684404253959656,0.029431171715259552
-0.912697434425354,-0.10737616568803787,-0.3221285045146942,0.029431171715259552
-0.912697434425354,-0.10737616568803787,0.3221285045146942,0.029431171715259552
-0.912697434425354,0.0,0.5905689001083374,0.029431171715259552
-0.912697434425354,0.053688082844018936,0.6979450583457947,0.029431171715259552
-0.912697434425354,0.10737616568803787,-0.4295046627521515,0.029431171715259552
-0.912697434425354,0.10737616568803787,0.7516331672668457,0.029431171715259552
-0.912697434425354,0.2684404253959656,-0.4831927418708801,0.029431171715259552
-0.912697434425354,0.37581658363342285,-0.4831927418708801,0.029431171715259552
-0.912697434425354,0.37581658363342285,1.0200735330581665,0.029431171715259552
-0.912697434425354,0.4295046627521515,1.0737617015838623,0.029431171715259552
-0.912697434425354,0.6442570090293884,-0.4831927418708801,0.029431171715259552
-0.912697434425354,0.805321216583252,1.1274497509002686,0.029431171715259552
-0.912697434425354,1.3958901166915894,-0.21475233137607574,0.029431171715259552
-0.912697434425354,1.4495782852172852,-0.2684404253959656,0.029431171715259552
-0.912697434425354,1.5032663345336914,0.2684404253959656,0.029431171715259552
-0.912697434425354,1.5569543838500977,-0.2684404253959656,0.029431171715259552
-0.912697434425354,1.610642433166504,0.2684404253959656,0.029431171715259552
-0.912697434425354,1.7717067003250122,0.21475233137607574,0.029431171715259552
-0.912697434425354,1.825394868850708,0.1610642522573471,0.029431171715259552
-0.912697434425354,1.9864590167999268,0.2684404253959656,0.029431171715259552
-0.912697434425354,2.040147066116333,0.0,0.029431171715259552
-0.912697434425354,2.254899501800537,-0.2684404253959656,0.029431171715259552
-0.912697434425354,2.684404134750366,0.805321216583252,0.029431171715259552
-0.912697434425354,2.845468282699585,0.912697434425354,0.029431171715259552
-0.912697434425354,2.8991565704345703,0.9663854837417603,0.029431171715259552
-0.912697434425354,3.1139087677001953,0.859009325504303,0.029431171715259552
-0.912697434425354,3.3286612033843994,-0.2684404253959656,0.029431171715259552
-0.912697434425354,3.5434134006500244,-0.10737616568803787,0.029431171715259552
-0.912697434425354,3.5971014499664307,0.3221285045146942,0.029431171715259552
-0.859009325504303,-1.610642433166504,0.21475233137607574,0.029431171715259552
-0.859009325504303,-1.610642433166504,0.3221285045146942,0.029431171715259552
-0.859009325504303,-1.5032663345336914,0.5905689001083374,0.029431171715259552
-0.859009325504303,-1.0200735330581665,0.4831927418708801,0.029431171715259552
-0.859009325504303,-0.7516331672668457,0.4831927418708801,0.029431171715259552
-0.859009325504303,-0.6442570090293884,-0.21475233137607574,0.029431171715259552
-0.859009325504303,-0.5368808507919312,0.3221285045146942,0.029431171715259552
-0.859009325504303,-0.3221285045146942,-0.21475233137607574,0.029431171715259552
-0.859009325504303,-0.3221285045146942,0.21475233137607574,0.029431171715259552
-0.859009325504303,-0.21475233137607574,0.3221285045146942,0.029431171715259552
-0.859009325504303,-0.1610642522573471,-0.3221285045146942,0.029431171715259552
-0.859009325504303,-0.1610642522573471,0.4831927418708801,0.029431171715259552
-0.859009325504303,-0.10737616568803787,0.5905689001083374,0.029431171715259552
-0.859009325504303,-0.053688082844018936,0.6442570090293884,0.029431171715259552
-0.859009325504303,0.0,0.7516331672668457,0.029431171715259552
-0.859009325504303,0.21475233137607574,-0.4831927418708801,0.029431171715259552
-0.859009325504303,0.6979450583457947,-0.4831927418708801,0.029431171715259552
-0.859009325504303,0.805321216583252,1.1811378002166748,0.029431171715259552
-0.859009325504303,0.9663854837417603,1.1274497509002686,0.029431171715259552
-0.859009325504303,1.2885140180587769,0.7516331672668457,0.029431171715259552
-0.859009325504303,1.6643306016921997,0.37581658363342285,0.029431171715259552
-0.859009325504303,1.718018651008606,-0.2684404253959656,0.029431171715259552
-0.859009325504303,2.040147066116333,0.5905689001083374,0.029431171715259552
-0.859009325504303,2.1475234031677246,0.7516331672668457,0.029431171715259552
-0.859009325504303,2.5770280361175537,-0.4295046627521515,0.029431171715259552
-0.859009325504303,2.63071608543396,0.859009325504303,0.029431171715259552
-0.859009325504303,2.845468282699585,0.9663854837417603,0.029431171715259552
-0.859009325504303,3.274973154067993,-0.3221285045146942,0.029431171715259552
-0.859009325504303,3.3823492527008057,0.6979450583457947,0.029431171715259552
-0.859009325504303,3.436037302017212,0.6442570090293884,0.029431171715259552
-0.859009325504303,3.489725351333618,-0.1610642522573471,0.029431171715259552
-0.859009325504303,3.489725351333618,0.5905689001083374,0.029431171715259552
-0.859009325504303,3.5434134006500244,0.5368808507919312,0.029431171715259552
-0.805321216583252,-1.3958901166915894,0.6979450583457947,0.029431171715259552
-0.805321216583252,-1.2885140180587769,-0.053688082844018936,0.029431171715259552
-0.805321216583252,-1.234825849533081,-0.10737616568803787,0.029431171715259552
-0.805321216583252,-1.1811378002166748,-0.1610642522573471,0.029431171715259552
-0.805321216583252,-1.0200735330581665,0.5368808507919312,0.029431171715259552
-0.805321216583252,-0.6442570090293884,0.5368808507919312,0.029431171715259552
-0.805321216583252,-0.5905689001083374,-0.21475233137607574,0.029431171715259552
-0.805321216583252,-0.5368808507919312,0.4295046627521515,0.029431171715259552
-0.805321216583252,-0.4831927418708801,-0.21475233137607574,0.029431171715259552
-0.805321216583252,-0.3221285045146942,-0.2684404253959656,0.029431171715259552
-0.805321216583252,-0.10737616568803787,0.6979450583457947,0.029431171715259552
-0.805321216583252,-0.053688082844018936,0.7516331672668457,0.029431171715259552
-0.805321216583252,0.0,0.805321216583252,0.029431171715259552
-0.805321216583252,0.053688082844018936,0.859009325504303,0.029431171715259552
-0.805321216583252,0.2684404253959656,1.0737617015838623,0.029431171715259552
-0.805321216583252,1.0200735330581665,1.1274497509002686,0.029431171715259552
-0.805321216583252,1.234825849533081,0.859009325504303,0.029431171715259552
-0.805321216583252,1.3958901166915894,0.5905689001083374,0.029431171715259552
-0.805321216583252,1.610642433166504,-0.3221285045146942,0.029431171715259552
-0.805321216583252,1.718018651008606,-0.3221285045146942,0.029431171715259552
-0.805321216583252,2.0938353538513184,-0.21475233137607574,0.029431171715259552
-0.805321216583252,2.415963649749756,0.859009325504303,0.029431171715259552
-0.805321216583252,2.5233399868011475,-0.4831927418708801,0.029431171715259552
-0.805321216583252,2.5233399868011475,0.859009325504303,0.029431171715259552
-0.805321216583252,2.63071608543396,-0.4831927418708801,0.029431171715259552
-0.805321216583252,2.63071608543396,0.912697434425354,0.029431171715259552
-0.805321216583252,2.7380921840667725,0.912697434425354,0.029431171715259552
-0.805321216583252,2.8991565704345703,1.0737617015838623,0.029431171715259552
-0.805321216583252,3.1139087677001953,-0.4295046627521515,0.029431171715259552
-0.805321216583252,3.221284866333008,0.859009325504303,0.029431171715259552
-0.805321216583252,3.3286612033843994,-0.3221285045146942,0.029431171715259552
-0.805321216583252,3.3823492527008057,-0.2684404253959656,0.029431171715259552
-0.7516331672668457,-3.3286612033843994,1.2885140180587769,0.029431171715259552
-0.7516331672668457,-3.3286612033843994,1.5032663345336914,0.029431171715259552
-0.7516331672668457,-2.0938353538513184,0.5905689001083374,0.029431171715259552
-0.7516331672668457,-2.0938353538513184,0.6979450583457947,0.029431171715259552
-0.7516331672668457,-1.9864590167999268,0.4831927418708801,0.029431171715259552
-0.7516331672668457,-1.9327709674835205,0.859009325504303,0.029431171715259552
-0.7516331672668457,-1.8790829181671143,0.912697434425354,0.029431171715259552
-0.7516331672668457,-1.5032663345336914,0.859009325504303,0.029431171715259552
-0.7516331672668457,-1.4495782852172852,0.10737616568803787,0.029431171715259552
-0.7516331672668457,-0.9663854837417603,-0.3221285045146942,0.029431171715259552
-0.7516331672668457,-0.859009325504303,0.5905689001083374,0.029431171715259552
-0.7516331672668457,-0.7516331672668457,-0.3221285045146942,0.029431171715259552
-0.7516331672668457,-0.5905689001083374,0.5905689001083374,0.029431171715259552
-0.7516331672668457,-0.4831927418708801,0.4831927418708801,0.029431171715259552
-0.7516331672668457,-0.2684404253959656,-0.3221285045146942,0.029431171715259552
-0.7516331672668457,-0.1610642522573471,0.6979450583457947,0.029431171715259552
-0.7516331672668457,-0.10737616568803787,0.805321216583252,0.029431171715259552
-0.7516331672668457,-0.053688082844018936,0.859009325504303,0.029431171715259552
-0.7516331672668457,0.0,0.912697434425354,0.029431171715259552
-0.7516331672668457,0.10737616568803787,1.0200735330581665,0.029431171715259552
-0.7516331672668457,0.7516331672668457,1.234825849533081,0.029431171715259552
-0.7516331672668457,0.805321216583252,-0.4831927418708801,0.029431171715259552
-0.7516331672668457,0.9663854837417603,-0.4295046627521515,0.029431171715259552
-0.7516331672668457,1.234825849533081,-0.37581658363342285,0.029431171715259552
-0.7516331672668457,1.234825849533081,0.912697434425354,0.029431171715259552
-0.7516331672668457,1.2885140180587769,0.805321216583252,0.029431171715259552
-0.7516331672668457,1.3958901166915894,-0.37581658363342285,0.029431171715259552
-0.7516331672668457,1.5569543838500977,-0.37581658363342285,0.029431171715259552
-0.7516331672668457,1.5569543838500977,0.5905689001083374,0.029431171715259552
-0.7516331672668457,1.6643306016921997,0.5905689001083374,0.029431171715259552
-0.7516331672668457,1.7717067003250122,-0.3221285045146942,0.029431171715259552
-0.7516331672668457,1.9327709674835205,-0.3221285045146942,0.029431171715259552
-0.7516331672668457,2.415963649749756,-0.4831927418708801,0.029431171715259552
-0.7516331672668457,2.415963649749756,0.912697434425354,0.029431171715259552
-0.7516331672668457,2.63071608543396,-0.5368808507919312,0.029431171715259552
-0.7516331672668457,2.7380921840667725,-0.5368808507919312,0.029431171715259552
-0.7516331672668457,2.7380921840667725,0.9663854837417603,0.029431171715259552
-0.7516331672668457,3.060220718383789,-0.5368808507919312,0.029431171715259552
-0.7516331672668457,3.1139087677001953,-0.4831927418708801,0.029431171715259552
-0.7516331672668457,3.3286612033843994,0.805321216583252,0.029431171715259552
-0.7516331672668457,3.5434134006500244,0.0,0.029431171715259552
-0.6979450583457947,-3.436037302017212,1.342202067375183,0.029431171715259552
-0.6979450583457947,-3.436037302017212,1.6643306016921997,0.029431171715259552
-0.6979450583457947,-3.3823492527008057,1.2885140180587769,0.029431171715259552
-0.6979450583457947,-3.3286612033843994,0.7516331672668457,0.029431171715259552
-0.6979450583457947,-3.274973154067993,1.8790829181671143,0.029431171715259552
-0.6979450583457947,-3.221284866333008,0.5368808507919312,0.029431171715259552
-0.6979450583457947,-3.1675968170166016,1.0200735330581665,0.029431171715259552
-0.6979450583457947,-3.1139087677001953,0.859009325504303,0.029431171715259552
-0.6979450583457947,-3.060220718383789,-1.0200735330581665,0.029431171715259552
-0.6979450583457947,-3.006532669067383,-0.912697434425354,0.029431171715259552
-0.6979450583457947,-1.9864590167999268,0.9663854837417603,0.029431171715259552
-0.6979450583457947,-1.2885140180587769,-0.053688082844018936,0.029431171715259552
-0.6979450583457947,-1.234825849533081,-0.1610642522573471,0.029431171715259552
-0.6979450583457947,-1.0200735330581665,-0.3221285045146942,0.029431171715259552
-0.6979450583457947,-0.1610642522573471,0.805321216583252,0.029431171715259552
-0.6979450583457947,-0.10737616568803787,0.859009325504303,0.029431171715259552
-0.6979450583457947,-0.053688082844018936,0.912697434425354,0.029431171715259552
-0.6979450583457947,1.0200735330581665,1.1811378002166748,0.029431171715259552
-0.6979450583457947,1.4495782852172852,0.6979450583457947,0.029431171715259552
-0.6979450583457947,1.5569543838500977,0.6979450583457947,0.029431171715259552
-0.6979450583457947,1.718018651008606,0.6442570090293884,0.029431171715259552
-0.6979450583457947,1.825394868850708,-0.4295046627521515,0.029431171715259552
-0.6979450583457947,1.9327709674835205,0.5368808507919312,0.029431171715259552
-0.6979450583457947,2.254899501800537,-0.4295046627521515,0.029431171715259552
-0.6979450583457947,2.3085875511169434,-0.4831927418708801,0.029431171715259552
-0.6979450583457947,2.415963649749756,0.9663854837417603,0.029431171715259552
-0.6979450583457947,2.469651699066162,-0.5368808507919312,0.029431171715259552
-0.6979450583457947,2.5233399868011475,0.9663854837417603,0.029431171715259552
-0.6979450583457947,2.684404134750366,-0.5905689001083374,0.029431171715259552
-0.6979450583457947,3.1675968170166016,0.9663854837417603,0.029431171715259552
-0.6979450583457947,3.221284866333008,-0.4831927418708801,0.029431171715259552
-0.6979450583457947,3.3823492527008057,0.7516331672668457,0.029431171715259552
-0.6979450583457947,3.489725351333618,0.6442570090293884,0.029431171715259552
-0.6442570090293884,-3.3286612033843994,0.4831927418708801,0.029431171715259552
-0.6442570090293884,-3.060220718383789,-0.805321216583252,0.029431171715259552
-0.6442570090293884,-3.060220718383789,1.2885140180587769,0.029431171715259552
-0.6442570090293884,-3.006532669067383,0.912697434425354,0.029431171715259552
-0.6442570090293884,-2.9528446197509766,0.4831927418708801,0.029431171715259552
-0.6442570090293884,-2.845468282699585,-0.859009325504303,0.029431171715259552
-0.6442570090293884,-2.7917802333831787,-1.0737617015838623,0.029431171715259552
-0.6442570090293884,-2.415963649749756,0.5905689001083374,0.029431171715259552
-0.6442570090293884,-2.415963649749756,0.6979450583457947,0.029431171715259552
-0.6442570090293884,-1.9864590167999268,1.0200735330581665,0.029431171715259552
-0.6442570090293884,-1.6643306016921997,0.2684404253959656,0.029431171715259552
-0.6442570090293884,-1.4495782852172852,0.9663854837417603,0.029431171715259552
-0.6442570090293884,-1.0200735330581665,-0.37581658363342285,0.029431171715259552
-0.6442570090293884,-0.912697434425354,-0.37581658363342285,0.029431171715259552
-0.6442570090293884,-0.805321216583252,-0.37581658363342285,0.029431171715259552
-0.6442570090293884,-0.6979450583457947,-0.37581658363342285,0.029431171715259552
-0.6442570090293884,-0.4295046627521515,-0.3221285045146942,0.029431171715259552
-0.6442570090293884,-0.1610642522573471,0.859009325504303,0.029431171715259552
-0.6442570090293884,-0.10737616568803787,0.912697434425354,0.029431171715259552
-0.6442570090293884,0.053688082844018936,1.0200735330581665,0.029431171715259552
-0.6442570090293884,0.1610642522573471,-0.5368808507919312,0.029431171715259552
-0.6442570090293884,0.21475233137607574,1.1274497509002686,0.029431171715259552
-0.6442570090293884,0.37581658363342285,-0.5905689001083374,0.029431171715259552
-0.6442570090293884,0.4831927418708801,-0.5905689001083374,0.029431171715259552
-0.6442570090293884,0.4831927418708801,1.2885140180587769,0.029431171715259552
-0.6442570090293884,0.5905689001083374,-0.5905689001083374,0.029431171715259552
-0.6442570090293884,0.805321216583252,1.2885140180587769,0.029431171715259552
-0.6442570090293884,0.912697434425354,-0.4831927418708801,0.029431171715259552
-0.6442570090293884,0.9663854837417603,1.234825849533081,0.029431171715259552
-0.6442570090293884,1.234825849533081,0.9663854837417603,0.029431171715259552
-0.6442570090293884,1.3958901166915894,-0.4295046627521515,0.029431171715259552
-0.6442570090293884,1.4495782852172852,-0.4831927418708801,0.029431171715259552
-0.6442570090293884,1.5032663345336914,0.7516331672668457,0.029431171715259552
-0.6442570090293884,1.5569543838500977,-0.4831927418708801,0.029431171715259552
-0.6442570090293884,1.610642433166504,0.7516331672668457,0.029431171715259552
-0.6442570090293884,1.825394868850708,-0.4831927418708801,0.029431171715259552
-0.6442570090293884,2.040147066116333,-0.4295046627521515,0.029431171715259552
-0.6442570090293884,2.0938353538513184,0.912697434425354,0.029431171715259552
-0.6442570090293884,2.254899501800537,-0.4831927418708801,0.029431171715259552
-0.6442570090293884,2.3085875511169434,-0.5368808507919312,0.029431171715259552
-0.6442570090293884,2.5233399868011475,-0.5905689001083374,0.029431171715259552
-0.6442570090293884,2.845468282699585,1.1274497509002686,0.029431171715259552
-0.6442570090293884,3.006532669067383,-0.5905689001083374,0.029431171715259552
-0.6442570090293884,3.436037302017212,0.6979450583457947,0.029431171715259552
-0.5905689001083374,-3.1675968170166016,1.718018651008606,0.029431171715259552
-0.5905689001083374,-3.006532669067383,1.1811378002166748,0.029431171715259552
-0.5905689001083374,-2.9528446197509766,-0.7516331672668457,0.029431171715259552
-0.5905689001083374,-2.845468282699585,-0.805321216583252,0.029431171715259552
-0.5905689001083374,-2.684404134750366,0.5368808507919312,0.029431171715259552
-0.5905689001083374,-2.469651699066162,0.5368808507919312,0.029431171715259552
-0.5905689001083374,-2.0938353538513184,0.4831927418708801,0.029431171715259552
-0.5905689001083374,-1.9327709674835205,0.4295046627521515,0.029431171715259552
-0.5905689001083374,-1.825394868850708,0.37581658363342285,0.029431171715259552
-0.5905689001083374,-1.610642433166504,0.21475233137607574,0.029431171715259552
-0.5905689001083374,-1.342202067375183,0.0,0.029431171715259552
-0.5905689001083374,-1.342202067375183,0.912697434425354,0.029431171715259552
-0.5905689001083374,-0.7516331672668457,-0.4295046627521515,0.029431171715259552
-0.5905689001083374,-0.5368808507919312,-0.37581658363342285,0.029431171715259552
-0.5905689001083374,-0.5368808507919312,0.6979450583457947,0.029431171715259552
-0.5905689001083374,-0.3221285045146942,-0.37581658363342285,0.029431171715259552
-0.5905689001083374,-0.21475233137607574,0.859009325504303,0.029431171715259552
-0.5905689001083374,-0.1610642522573471,0.912697434425354,0.029431171715259552
-0.5905689001083374,0.0,-0.4831927418708801,0.029431171715259552
-0.5905689001083374,0.0,1.0200735330581665,0.029431171715259552
-0.5905689001083374,0.10737616568803787,-0.5368808507919312,0.029431171715259552
-0.5905689001083374,0.4295046627521515,1.2885140180587769,0.029431171715259552
-0.5905689001083374,0.9663854837417603,-0.4831927418708801,0.029431171715259552
-0.5905689001083374,1.234825849533081,-0.4295046627521515,0.029431171715259552
-0.5905689001083374,1.342202067375183,0.805321216583252,0.029431171715259552
-0.5905689001083374,1.5569543838500977,-0.5368808507919312,0.029431171715259552
-0.5905689001083374,1.718018651008606,0.7516331672668457,0.029431171715259552
-0.5905689001083374,1.8790829181671143,-0.4831927418708801,0.029431171715259552
-0.5905689001083374,2.0938353538513184,-0.4831927418708801,0.029431171715259552
-0.5905689001083374,2.254899501800537,-0.5368808507919312,0.029431171715259552
-0.5905689001083374,2.3622756004333496,1.0200735330581665,0.029431171715259552
-0.5905689001083374,2.415963649749756,-0.5905689001083374,0.029431171715259552
-0.5905689001083374,2.63071608543396,-0.6442570090293884,0.029431171715259552
-0.5905689001083374,2.7380921840667725,-0.6442570090293884,0.029431171715259552
-0.5905689001083374,2.845468282699585,-0.6442570090293884,0.029431171715259552
-0.5905689001083374,3.221284866333008,-0.5905689001083374,0.029431171715259552
-0.5905689001083374,3.489725351333618,-0.21475233137607574,0.029431171715259552
-0.5368808507919312,-3.3823492527008057,1.2885140180587769,0.029431171715259552
-0.5368808507919312,-3.3286612033843994,1.9864590167999268,0.029431171715259552
-0.5368808507919312,-3.274973154067993,-0.6442570090293884,0.029431171715259552
-0.5368808507919312,-3.221284866333008,-0.9663854837417603,0.029431171715259552
-0.5368808507919312,-3.1675968170166016,-0.6442570090293884,0.029431171715259552
-0.5368808507919312,-3.1139087677001953,1.6643306016921997,0.029431171715259552
-0.5368808507919312,-3.060220718383789,-0.6442570090293884,0.029431171715259552
-0.5368808507919312,-3.060220718383789,1.5032663345336914,0.029431171715259552
-0.5368808507919312,-2.8991565704345703,1.0737617015838623,0.029431171715259552
-0.5368808507919312,-2.845468282699585,1.0200735330581665,0.029431171715259552
-0.5368808507919312,-2.7917802333831787,-1.234825849533081,0.029431171715259552
-0.5368808507919312,-2.7380921840667725,0.912697434425354,0.029431171715259552
-0.5368808507919312,-2.63071608543396,-0.9663854837417603,0.029431171715259552
-0.5368808507919312,-2.3622756004333496,0.9663854837417603,0.029431171715259552
-0.5368808507919312,-1.9864590167999268,0.4295046627521515,0.029431171715259552
-0.5368808507919312,-1.5032663345336914,0.1610642522573471,0.029431171715259552
-0.5368808507919312,-1.1811378002166748,0.7516331672668457,0.029431171715259552
-0.5368808507919312,-1.0200735330581665,-0.4295046627521515,0.029431171715259552
-0.5368808507919312,-0.053688082844018936,-0.4831927418708801,0.029431171715259552
-0.5368808507919312,-0.053688082844018936,1.0200735330581665,0.029431171715259552
-0.5368808507919312,0.37581658363342285,1.2885140180587769,0.029431171715259552
-0.5368808507919312,1.0200735330581665,-0.4831927418708801,0.029431171715259552
-0.5368808507919312,1.1274497509002686,1.1811378002166748,0.029431171715259552
-0.5368808507919312,1.6643306016921997,0.805321216583252,0.029431171715259552
-0.5368808507919312,1.7717067003250122,0.7516331672668457,0.029431171715259552
-0.5368808507919312,1.9327709674835205,0.7516331672668457,0.029431171715259552
-0.5368808507919312,2.201211452484131,-0.5368808507919312,0.029431171715259552
-0.5368808507919312,2.3085875511169434,-0.5905689001083374,0.029431171715259552
-0.5368808507919312,2.415963649749756,1.0737617015838623,0.029431171715259552
-0.5368808507919312,3.3823492527008057,-0.4831927418708801,0.029431171715259552
-0.5368808507919312,3.5971014499664307,0.2684404253959656,0.029431171715259552
-0.4831927418708801,-3.3823492527008057,1.825394868850708,0.029431171715259552
-0.4831927418708801,-3.274973154067993,-0.805321216583252,0.029431171715259552
-0.4831927418708801,-3.274973154067993,-0.5905689001083374,0.029431171715259552
-0.4831927418708801,-3.1675968170166016,-0.5905689001083374,0.029431171715259552
-0.4831927418708801,-3.1675968170166016,1.7717067003250122,0.029431171715259552
-0.4831927418708801,-3.1139087677001953,1.718018651008606,0.029431171715259552
-0.4831927418708801,-3.060220718383789,1.5569543838500977,0.029431171715259552
-0.4831927418708801,-3.006532669067383,0.37581658363342285,0.029431171715259552
-0.4831927418708801,-2.7380921840667725,-0.6979450583457947,0.029431171715259552
-0.4831927418708801,-2.7380921840667725,1.0200735330581665,0.029431171715259552
-0.4831927418708801,-2.684404134750366,-0.7516331672668457,0.029431171715259552
-0.4831927418708801,-1.9327709674835205,1.1274497509002686,0.029431171715259552
-0.4831927418708801,-1.342202067375183,0.0,0.029431171715259552
-0.4831927418708801,-1.2885140180587769,-0.053688082844018936,0.029431171715259552
-0.4831927418708801,-1.1274497509002686,0.7516331672668457,0.029431171715259552
-0.4831927418708801,-1.0200735330581665,-0.4831927418708801,0.029431171715259552
-0.4831927418708801,-1.0200735330581665,-0.3221285045146942,0.029431171715259552
-0.4831927418708801,-0.4831927418708801,0.7516331672668457,0.029431171715259552
-0.4831927418708801,-0.4295046627521515,-0.37581658363342285,0.029431171715259552
-0.4831927418708801,-0.21475233137607574,0.912697434425354,0.029431171715259552
-0.4831927418708801,-0.1610642522573471,0.9663854837417603,0.029431171715259552
-0.4831927418708801,-0.10737616568803787,-0.4831927418708801,0.029431171715259552
-0.4831927418708801,1.342202067375183,-0.4831927418708801,0.029431171715259552
-0.4831927418708801,1.8790829181671143,-0.5368808507919312,0.029431171715259552
-0.4831927418708801,1.9327709674835205,0.9663854837417603,0.029431171715259552
-0.4831927418708801,1.9327709674835205,1.1811378002166748,0.029431171715259552
-0.4831927418708801,1.9864590167999268,1.234825849533081,0.029431171715259552
-0.4831927418708801,2.0938353538513184,1.234825849533081,0.029431171715259552
-0.4831927418708801,2.1475234031677246,-0.5368808507919312,0.029431171715259552
-0.4831927418708801,2.254899501800537,-0.5905689001083374,0.029431171715259552
-0.4831927418708801,2.3085875511169434,1.1274497509002686,0.029431171715259552
-0.4831927418708801,2.63071608543396,1.1274497509002686,0.029431171715259552
-0.4831927418708801,2.684404134750366,-0.6979450583457947,0.029431171715259552
-0.4831927418708801,3.060220718383789,-0.6979450583457947,0.029431171715259552
-0.4831927418708801,3.060220718383789,1.0737617015838623,0.029431171715259552
-0.4831927418708801,3.221284866333008,0.9663854837417603,0.029431171715259552
-0.4831927418708801,3.436037302017212,0.7516331672668457,0.029431171715259552
-0.4831927418708801,3.5434134006500244,-0.10737616568803787,0.029431171715259552
-0.4831927418708801,3.5971014499664307,0.1610642522573471,0.029431171715259552
-0.4295046627521515,-3.3823492527008057,1.2885140180587769,0.029431171715259552
-0.4295046627521515,-3.060220718383789,1.610642433166504,0.029431171715259552
-0.4295046627521515,-2.845468282699585,1.1274497509002686,0.029431171715259552
-0.4295046627521515,-2.7917802333831787,0.4295046627521515,0.029431171715259552
-0.4295046627521515,-2.684404134750366,-0.6979450583457947,0.029431171715259552
-0.4295046627521515,-2.63071608543396,-1.1811378002166748,0.029431171715259552
-0.4295046627521515,-2.5233399868011475,-0.6979450583457947,0.029431171715259552
-0.4295046627521515,-2.1475234031677246,1.1274497509002686,0.029431171715259552
-0.4295046627521515,-1.5032663345336914,0.1610642522573471,0.029431171715259552
-0.4295046627521515,-1.4495782852172852,0.10737616568803787,0.029431171715259552
-0.4295046627521515,-1.342202067375183,0.9663854837417603,0.029431171715259552
-0.4295046627521515,-1.2885140180587769,0.912697434425354,0.029431171715259552
-0.4295046627521515,-0.9663854837417603,-0.5368808507919312,0.029431171715259552
-0.4295046627521515,-0.5905689001083374,-0.4831927418708801,0.029431171715259552
-0.4295046627521515,-0.37581658363342285,0.859009325504303,0.029431171715259552
-0.4295046627521515,-0.2684404253959656,0.912697434425354,0.029431171715259552
-0.4295046627521515,-0.21475233137607574,0.9663854837417603,0.029431171715259552
-0.4295046627521515,0.5905689001083374,1.3958901166915894,0.029431171715259552
-0.4295046627521515,1.0200735330581665,-0.5368808507919312,0.029431171715259552
-0.4295046627521515,1.7717067003250122,0.7516331672668457,0.029431171715259552
-0.4295046627521515,1.825394868850708,-0.5905689001083374,0.029431171715259552
-0.4295046627521515,1.9327709674835205,1.234825849533081,0.029431171715259552
-0.4295046627521515,1.9864590167999268,1.2885140180587769,0.029431171715259552
-0.4295046627521515,2.201211452484131,-0.5905689001083374,0.029431171715259552
-0.4295046627521515,2.8991565704345703,1.1274497509002686,0.029431171715259552
-0.4295046627521515,3.1675968170166016,1.0200735330581665,0.029431171715259552
-0.4295046627521515,3.3286612033843994,-0.5905689001083374,0.029431171715259552
-0.4295046627521515,3.3286612033843994,0.912697434425354,0.029431171715259552
-0.4295046627521515,3.3823492527008057,0.859009325504303,0.029431171715259552
-0.4295046627521515,3.436037302017212,0.805321216583252,0.029431171715259552
-0.4295046627521515,3.5434134006500244,-0.1610642522573471,0.029431171715259552
-0.37581658363342285,-3.3286612033843994,-0.4831927418708801,0.029431171715259552
-0.37581658363342285,-3.221284866333008,-0.4831927418708801,0.029431171715259552
-0.37581658363342285,-3.006532669067383,-0.5368808507919312,0.029431171715259552
-0.37581658363342285,-2.7917802333831787,1.1274497509002686,0.029431171715259552
-0.37581658363342285,-2.469651699066162,-0.5905689001083374,0.029431171715259552
-0.37581658363342285,-1.6643306016921997,0.2684404253959656,0.029431171715259552
-0.37581658363342285,-1.610642433166504,0.21475233137607574,0.029431171715259552
-0.37581658363342285,-1.2885140180587769,0.0,0.029431171715259552
-0.37581658363342285,-1.1274497509002686,0.7516331672668457,0.029431171715259552
-0.37581658363342285,-1.0200735330581665,-0.5368808507919312,0.029431171715259552
-0.37581658363342285,-0.6442570090293884,-0.5368808507919312,0.029431171715259552
-0.37581658363342285,-0.37581658363342285,-0.4295046627521515,0.029431171715259552
-0.37581658363342285,-0.1610642522573471,1.0200735330581665,0.029431171715259552
-0.37581658363342285,0.2684404253959656,1.2885140180587769,0.029431171715259552
-0.37581658363342285,0.6979450583457947,1.3958901166915894,0.029431171715259552
-0.37581658363342285,0.9663854837417603,1.2885140180587769,0.029431171715259552
-0.37581658363342285,1.0737617015838623,1.234825849533081,0.029431171715259552
-0.37581658363342285,1.8790829181671143,1.1811378002166748,0.029431171715259552
-0.37581658363342285,1.9327709674835205,-0.5905689001083374,0.029431171715259552
-0.37581658363342285,2.254899501800537,1.2885140180587769,0.029431171715259552
-0.37581658363342285,2.5233399868011475,1.1811378002166748,0.029431171715259552
-0.37581658363342285,2.63071608543396,1.1811378002166748,0.029431171715259552
-0.37581658363342285,3.1675968170166016,-0.6979450583457947,0.029431171715259552
-0.37581658363342285,3.489725351333618,0.7516331672668457,0.029431171715259552
-0.37581658363342285,3.5434134006500244,-0.21475233137607574,0.029431171715259552
-0.3221285045146942,-3.436037302017212,1.825394868850708,0.029431171715259552
-0.3221285045146942,-3.3286612033843994,-0.6442570090293884,0.029431171715259552
-0.3221285045146942,-3.3286612033843994,-0.4295046627521515,0.029431171715259552
-0.3221285045146942,-3.221284866333008,-0.4295046627521515,0.029431171715259552
-0.3221285045146942,-2.684404134750366,-1.234825849533081,0.029431171715259552
-0.3221285045146942,-2.63071608543396,-1.1811378002166748,0.029431171715259552
-0.3221285045146942,-2.469651699066162,-0.5368808507919312,0.029431171715259552
-0.3221285045146942,-2.3085875511169434,-0.7516331672668457,0.029431171715259552
-0.3221285045146942,-1.718018651008606,0.3221285045146942,0.029431171715259552
-0.3221285045146942,-1.342202067375183,0.9663854837417603,0.029431171715259552
-0.3221285045146942,-1.234825849533081,0.0,0.029431171715259552
-0.3221285045146942,-0.9663854837417603,-0.5905689001083374,0.029431171715259552
-0.3221285045146942,-0.7516331672668457,-0.5905689001083374,0.029431171715259552
-0.3221285045146942,-0.2684404253959656,0.9663854837417603,0.029431171715259552
-0.3221285045146942,-0.21475233137607574,1.0200735330581665,0.029431171715259552
-0.3221285045146942,-0.053688082844018936,1.1274497509002686,0.029431171715259552
-0.3221285045146942,0.053688082844018936,1.1811378002166748,0.029431171715259552
-0.3221285045146942,1.2885140180587769,0.912697434425354,0.029431171715259552
-0.3221285045146942,1.8790829181671143,-0.6442570090293884,0.029431171715259552
-0.3221285045146942,1.8790829181671143,0.7516331672668457,0.029431171715259552
-0.3221285045146942,2.0938353538513184,1.3958901166915894,0.029431171715259552
-0.3221285045146942,2.1475234031677246,-0.5905689001083374,0.029431171715259552
-0.3221285045146942,2.201211452484131,1.3958901166915894,0.029431171715259552
-0.3221285045146942,2.254899501800537,1.342202067375183,0.029431171715259552
-0.3221285045146942,2.5233399868011475,1.234825849533081,0.029431171715259552
-0.3221285045146942,2.684404134750366,-0.7516331672668457,0.029431171715259552
-0.3221285045146942,2.7917802333831787,-0.7516331672668457,0.029431171715259552
-0.3221285045146942,3.5434134006500244,0.6979450583457947,0.029431171715259552
-0.2684404253959656,-3.3286612033843994,-0.37581658363342285,0.029431171715259552
-0.2684404253959656,-3.274973154067993,0.4295046627521515,0.029431171715259552
-0.2684404253959656,-3.1675968170166016,1.7717067003250122,0.029431171715259552
-0.2684404253959656,-3.1139087677001953,1.718018651008606,0.029431171715259552
-0.2684404253959656,-2.63071608543396,1.1274497509002686,0.029431171715259552
-0.2684404253959656,-2.469651699066162,-1.0737617015838623,0.029431171715259552
-0.2684404253959656,-2.469651699066162,-0.4295046627521515,0.029431171715259552
-0.2684404253959656,-1.9864590167999268,0.4295046627521515,0.029431171715259552
-0.2684404253959656,-1.4495782852172852,1.0737617015838623,0.029431171715259552
-0.2684404253959656,-1.3958901166915894,1.0200735330581665,0.029431171715259552
-0.2684404253959656,-1.1811378002166748,0.805321216583252,0.029431171715259552
-0.2684404253959656,-1.1274497509002686,0.7516331672668457,0.029431171715259552
-0.2684404253959656,-1.0200735330581665,-0.5368808507919312,0.029431171715259552
-0.2684404253959656,-0.9663854837417603,-0.6442570090293884,0.029431171715259552
-0.2684404253959656,-0.805321216583252,-0.6442570090293884,0.029431171715259552
-0.2684404253959656,-0.7516331672668457,0.805321216583252,0.029431171715259552
-0.2684404253959656,-0.5368808507919312,-0.5368808507919312,0.029431171715259552
-0.2684404253959656,-0.1610642522573471,-0.5368808507919312,0.029431171715259552
-0.2684404253959656,-0.1610642522573471,1.0737617015838623,0.029431171715259552
-0.2684404253959656,1.0737617015838623,-0.5905689001083374,0.029431171715259552
-0.2684404253959656,1.0737617015838623,1.234825849533081,0.029431171715259552
-0.2684404253959656,1.342202067375183,-0.5905689001083374,0.029431171715259552
-0.2684404253959656,1.5569543838500977,-0.6979450583457947,0.029431171715259552
-0.2684404253959656,1.8790829181671143,1.0737617015838623,0.029431171715259552
-0.2684404253959656,1.8790829181671143,1.2885140180587769,0.029431171715259552
-0.2684404253959656,1.9864590167999268,1.3958901166915894,0.029431171715259552
-0.2684404253959656,2.1475234031677246,1.4495782852172852,0.029431171715259552
-0.2684404253959656,3.436037302017212,0.859009325504303,0.029431171715259552
-0.2684404253959656,3.5971014499664307,-0.1610642522573471,0.029431171715259552
-0.2684404253959656,3.5971014499664307,0.5905689001083374,0.029431171715259552
-0.2684404253959656,3.650789737701416,0.37581658363342285,0.029431171715259552
-0.21475233137607574,-3.3286612033843994,-0.3221285045146942,0.029431171715259552
-0.21475233137607574,-3.3286612033843994,1.9327709674835205,0.029431171715259552
-0.21475233137607574,-2.9528446197509766,-1.342202067375183,0.029431171715259552
-0.21475233137607574,-2.7917802333831787,-1.2885140180587769,0.029431171715259552
-0.21475233137607574,-2.7380921840667725,-0.5368808507919312,0.029431171715259552
-0.21475233137607574,-2.684404134750366,-1.234825849533081,0.029431171715259552
-0.21475233137607574,-2.63071608543396,-1.1811378002166748,0.029431171715259552
-0.21475233137607574,-2.469651699066162,-0.37581658363342285,0.029431171715259552
-0.21475233137607574,-2.3085875511169434,-0.9663854837417603,0.029431171715259552
-0.21475233137607574,-2.201211452484131,-0.859009325504303,0.029431171715259552
-0.21475233137607574,-2.1475234031677246,-0.805321216583252,0.029431171715259552
-0.21475233137607574,-2.1475234031677246,-0.37581658363342285,0.029431171715259552
-0.21475233137607574,-2.0938353538513184,-0.4295046627521515,0.029431171715259552
-0.21475233137607574,-1.5569543838500977,1.1274497509002686,0.029431171715259552
-0.21475233137607574,-1.2885140180587769,0.1610642522573471,0.029431171715259552
-0.21475233137607574,-1.1811378002166748,0.7516331672668457,0.029431171715259552
-0.21475233137607574,-1.0737617015838623,-0.5368808507919312,0.029431171715259552
-0.21475233137607574,-1.0737617015838623,-0.3221285045146942,0.029431171715259552
-0.21475233137607574,-1.0737617015838623,-0.21475233137607574,0.029431171715259552
-0.21475233137607574,-0.37581658363342285,0.912697434425354,0.029431171715259552
-0.21475233137607574,-0.2684404253959656,0.9663854837417603,0.029431171715259552
-0.21475233137607574,-0.21475233137607574,1.0200735330581665,0.029431171715259552
-0.21475233137607574,0.0,1.1811378002166748,0.029431171715259552
-0.21475233137607574,0.10737616568803787,1.234825849533081,0.029431171715259552
-0.21475233137607574,0.37581658363342285,1.342202067375183,0.029431171715259552
-0.21475233137607574,1.234825849533081,1.0200735330581665,0.029431171715259552
-0.21475233137607574,1.2885140180587769,0.912697434425354,0.029431171715259552
-0.21475233137607574,1.3958901166915894,-0.6442570090293884,0.029431171715259552
-0.21475233137607574,2.415963649749756,1.342202067375183,0.029431171715259552
-0.21475233137607574,2.5770280361175537,1.234825849533081,0.029431171715259552
-0.21475233137607574,3.489725351333618,0.805321216583252,0.029431171715259552
-0.21475233137607574,3.5971014499664307,-0.21475233137607574,0.029431171715259552
-0.21475233137607574,3.5971014499664307,0.6442570090293884,0.029431171715259552
-0.1610642522573471,-3.274973154067993,-1.1811378002166748,0.029431171715259552
-0.1610642522573471,-3.274973154067993,0.4295046627521515,0.029431171715259552
-0.1610642522573471,-3.1675968170166016,-0.3221285045146942,0.029431171715259552
-0.1610642522573471,-3.1675968170166016,0.37581658363342285,0.029431171715259552
-0.1610642522573471,-3.1139087677001953,1.718018651008606,0.029431171715259552
-0.1610642522573471,-3.060220718383789,-1.342202067375183,0.029431171715259552
-0.1610642522573471,-2.8991565704345703,-0.4831927418708801,0.029431171715259552
-0.1610642522573471,-2.5770280361175537,-1.1274497509002686,0.029431171715259552
-0.1610642522573471,-2.5233399868011475,-0.37581658363342285,0.029431171715259552
-0.1610642522573471,-2.415963649749756,-1.0200735330581665,0.029431171715259552
-0.1610642522573471,-2.254899501800537,-0.2684404253959656,0.029431171715259552
-0.1610642522573471,-2.0938353538513184,-0.859009325504303,0.029431171715259552
-0.1610642522573471,-2.0938353538513184,-0.2684404253959656,0.029431171715259552
-0.1610642522573471,-2.0938353538513184,0.4831927418708801,0.029431171715259552
-0.1610642522573471,-2.040147066116333,-0.7516331672668457,0.029431171715259552
-0.1610642522573471,-1.9864590167999268,-0.5905689001083374,0.029431171715259552
-0.1610642522573471,-1.9864590167999268,-0.4831927418708801,0.029431171715259552
-0.1610642522573471,-1.718018651008606,0.37581658363342285,0.029431171715259552
-0.1610642522573471,-1.610642433166504,1.1274497509002686,0.029431171715259552
-0.1610642522573471,-1.5032663345336914,0.2684404253959656,0.029431171715259552
-0.1610642522573471,-1.5032663345336914,1.0737617015838623,0.029431171715259552
-0.1610642522573471,-1.1811378002166748,-0.3221285045146942,0.029431171715259552
-0.1610642522573471,-1.0737617015838623,0.10737616568803787,0.029431171715259552
-0.1610642522573471,-0.912697434425354,-0.6979450583457947,0.029431171715259552
-0.1610642522573471,-0.7516331672668457,0.805321216583252,0.029431171715259552
-0.1610642522573471,-0.4831927418708801,-0.5368808507919312,0.029431171715259552
-0.1610642522573471,-0.1610642522573471,1.0737617015838623,0.029431171715259552
-0.1610642522573471,-0.10737616568803787,-0.5905689001083374,0.029431171715259552
-0.1610642522573471,-0.10737616568803787,1.1274497509002686,0.029431171715259552
-0.1610642522573471,0.0,-0.6442570090293884,0.029431171715259552
-0.1610642522573471,0.9663854837417603,1.2885140180587769,0.029431171715259552
-0.1610642522573471,1.718018651008606,0.805321216583252,0.029431171715259552
-0.1610642522573471,1.7717067003250122,0.7516331672668457,0.029431171715259552
-0.1610642522573471,1.8790829181671143,1.342202067375183,0.029431171715259552
-0.1610642522573471,1.9327709674835205,1.3958901166915894,0.029431171715259552
-0.1610642522573471,3.5434134006500244,0.7516331672668457,0.029431171715259552
-0.1610642522573471,3.650789737701416,0.4831927418708801,0.029431171715259552
-0.10737616568803787,-3.3286612033843994,-1.0200735330581665,0.029431171715259552
-0.10737616568803787,-3.006532669067383,-0.37581658363342285,0.029431171715259552
-0.10737616568803787,-3.006532669067383,1.4495782852172852,0.029431171715259552
-0.10737616568803787,-2.7380921840667725,0.4831927418708801,0.029431171715259552
-0.10737616568803787,-2.469651699066162,0.5368808507919312,0.029431171715259552
-0.10737616568803787,-2.254899501800537,0.5368808507919312,0.029431171715259552
-0.10737616568803787,-1.9327709674835205,-0.21475233137607574,0.029431171715259552
-0.10737616568803787,-1.9327709674835205,0.4831927418708801,0.029431171715259552
-0.10737616568803787,-1.8790829181671143,-0.2684404253959656,0.029431171715259552
-0.10737616568803787,-1.7717067003250122,1.1274497509002686,0.029431171715259552
-0.10737616568803787,-1.6643306016921997,0.37581658363342285,0.029431171715259552
-0.10737616568803787,-1.3958901166915894,0.3221285045146942,0.029431171715259552
-0.10737616568803787,-1.2885140180587769,-0.3221285045146942,0.029431171715259552
-0.10737616568803787,-1.1811378002166748,0.37581658363342285,0.029431171715259552
-0.10737616568803787,-0.805321216583252,-0.6979450583457947,0.029431171715259552
-0.10737616568803787,-0.6442570090293884,-0.6442570090293884,0.029431171715259552
-0.10737616568803787,-0.5368808507919312,-0.5905689001083374,0.029431171715259552
-0.10737616568803787,-0.37581658363342285,0.912697434425354,0.029431171715259552
-0.10737616568803787,0.10737616568803787,-0.6979450583457947,0.029431171715259552
-0.10737616568803787,0.10737616568803787,1.234825849533081,0.029431171715259552
-0.10737616568803787,0.2684404253959656,1.2885140180587769,0.029431171715259552
-0.10737616568803787,1.1811378002166748,1.0737617015838623,0.029431171715259552
-0.10737616568803787,2.415963649749756,1.342202067375183,0.029431171715259552
-0.10737616568803787,2.469651699066162,1.2885140180587769,0.029431171715259552
-0.10737616568803787,3.5971014499664307,0.6442570090293884,0.029431171715259552
-0.053688082844018936,-3.3286612033843994,-1.0737617015838623,0.029431171715259552
-0.053688082844018936,-3.3286612033843994,1.8790829181671143,0.029431171715259552
-0.053688082844018936,-2.9528446197509766,-1.2885140180587769,0.029431171715259552
-0.053688082844018936,-2.5233399868011475,1.0737617015838623,0.029431171715259552
-0.053688082844018936,-2.415963649749756,-1.0200735330581665,0.029431171715259552
-0.053688082844018936,-2.415963649749756,-0.2684404253959656,0.029431171715259552
-0.053688082844018936,-2.415963649749756,1.0737617015838623,0.029431171715259552
-0.053688082844018936,-2.3085875511169434,1.0737617015838623,0.029431171715259552
-0.053688082844018936,-2.040147066116333,-0.912697434425354,0.029431171715259552
-0.053688082844018936,-1.9327709674835205,0.5368808507919312,0.029431171715259552
-0.053688082844018936,-1.8790829181671143,-0.6979450583457947,0.029431171715259552
-0.053688082844018936,-1.825394868850708,0.4831927418708801,0.029431171715259552
-0.053688082844018936,-1.7717067003250122,1.0737617015838623,0.029431171715259552
-0.053688082844018936,-1.6643306016921997,-0.37581658363342285,0.029431171715259552
-0.053688082844018936,-1.6643306016921997,0.4295046627521515,0.029431171715259552
-0.053688082844018936,-1.6643306016921997,1.0737617015838623,0.029431171715259552
-0.053688082844018936,-1.5032663345336914,0.9663854837417603,0.029431171715259552
-0.053688082844018936,-1.2885140180587769,0.5905689001083374,0.029431171715259552
-0.053688082844018936,-1.234825849533081,-0.5368808507919312,0.029431171715259552
-0.053688082844018936,-1.0737617015838623,0.1610642522573471,0.029431171715259552
-0.053688082844018936,-1.0200735330581665,0.3221285045146942,0.029431171715259552
-0.053688082844018936,0.4295046627521515,1.342202067375183,0.029431171715259552
-0.053688082844018936,0.5368808507919312,1.342202067375183,0.029431171715259552
-0.053688082844018936,0.6442570090293884,1.342202067375183,0.029431171715259552
-0.053688082844018936,0.6979450583457947,-0.7516331672668457,0.029431171715259552
-0.053688082844018936,0.9663854837417603,-0.6979450583457947,0.029431171715259552
-0.053688082844018936,1.0737617015838623,-0.6979450583457947,0.029431171715259552
-0.053688082844018936,1.0737617015838623,1.1811378002166748,0.029431171715259552
-0.053688082844018936,1.1274497509002686,1.1274497509002686,0.029431171715259552
-0.053688082844018936,1.4495782852172852,-0.7516331672668457,0.029431171715259552
-0.053688082844018936,1.8790829181671143,1.342202067375183,0.029431171715259552
-0.053688082844018936,2.3622756004333496,1.5032663345336914,0.029431171715259552
-0.053688082844018936,2.415963649749756,1.1811378002166748,0.029431171715259552
-0.053688082844018936,2.469651699066162,1.234825849533081,0.029431171715259552
-0.053688082844018936,3.5434134006500244,-0.37581658363342285,0.029431171715259552
-0.053688082844018936,3.5434134006500244,0.7516331672668457,0.029431171715259552
-0.053688082844018936,3.5971014499664307,-0.2684404253959656,0.029431171715259552
-0.053688082844018936,3.650789737701416,0.4831927418708801,0.029431171715259552
0.0,-3.221284866333008,1.7717067003250122,0.029431171715259552
0.0,-3.1139087677001953,1.610642433166504,0.029431171715259552
0.0,-3.060220718383789,0.4295046627521515,0.029431171715259552
0.0,-3.060220718383789,1.5032663345336914,0.029431171715259552
0.0,-2.8991565704345703,1.234825849533081,0.029431171715259552
0.0,-2.845468282699585,0.4831927418708801,0.029431171715259552
0.0,-2.845468282699585,1.1811378002166748,0.029431171715259552
0.0,-2.7380921840667725,-1.1811378002166748,0.029431171715259552
0.0,-2.63071608543396,-0.4831927418708801,0.029431171715259552
0.0,-2.5233399868011475,0.6442570090293884,0.029431171715259552
0.0,-2.5233399868011475,0.9663854837417603,0.029431171715259552
0.0,-2.3085875511169434,1.0200735330581665,0.029431171715259552
0.0,-2.201211452484131,-0.912697434425354,0.029431171715259552
0.0,-2.1475234031677246,0.5905689001083374,0.029431171715259552
0.0,-2.040147066116333,0.5905689001083374,0.029431171715259552
0.0,-1.9327709674835205,0.5905689001083374,0.029431171715259552
0.0,-1.8790829181671143,-0.7516331672668457,0.029431171715259552
0.0,-1.825394868850708,0.5368808507919312,0.029431171715259552
0.0,-1.7717067003250122,-0.5905689001083374,0.029431171715259552
0.0,-1.718018651008606,0.5368808507919312,0.029431171715259552
0.0,-1.718018651008606,1.0200735330581665,0.029431171715259552
0.0,-1.6643306016921997,0.9663854837417603,0.029431171715259552
0.0,-1.610642433166504,-0.4295046627521515,0.029431171715259552
0.0,-1.610642433166504,0.0,0.029431171715259552
0.0,-1.610642433166504,0.5368808507919312,0.029431171715259552
0.0,-1.5569543838500977,0.912697434425354,0.029431171715259552
0.0,-1.5032663345336914,-0.4295046627521515,0.029431171715259552
0.0,-1.5032663345336914,0.5368808507919312,0.029431171715259552
0.0,-1.5032663345336914,0.859009325504303,0.029431171715259552
0.0,-1.1274497509002686,0.1610642522573471,0.029431171715259552
0.0,-0.3221285045146942,0.9663854837417603,0.029431171715259552
0.0,0.2684404253959656,1.2885140180587769,0.029431171715259552
0.0,0.4295046627521515,-0.805321216583252,0.029431171715259552
0.0,0.7516331672668457,-0.7516331672668457,0.029431171715259552
0.0,0.9663854837417603,-0.7516331672668457,0.029431171715259552
0.0,1.0737617015838623,-0.7516331672668457,0.029431171715259552
0.0,1.1811378002166748,1.0737617015838623,0.029431171715259552
0.0,1.342202067375183,-0.6979450583457947,0.029431171715259552
0.0,1.5569543838500977,0.859009325504303,0.029431171715259552
0.0,2.3622756004333496,1.4495782852172852,0.029431171715259552
0.0,2.415963649749756,1.342202067375183,0.029431171715259552
0.0,3.5971014499664307,0.6442570090293884,0.029431171715259552
0.053688082844018936,-3.3286612033843994,1.7717067003250122,0.029431171715259552
0.053688082844018936,-3.006532669067383,-1.234825849533081,0.029431171715259552
0.053688082844018936,-3.006532669067383,0.4831927418708801,0.029431171715259552
0.053688082844018936,-2.9528446197509766,-0.4831927418708801,0.029431171715259552
0.053688082844018936,-2.9528446197509766,1.1274497509002686,0.029431171715259552
0.053688082844018936,-2.845468282699585,-0.5905689001083374,0.029431171715259552
0.053688082844018936,-2.845468282699585,0.5368808507919312,0.029431171715259552
0.053688082844018936,-2.845468282699585,0.9663854837417603,0.029431171715259552
0.053688082844018936,-2.684404134750366,-0.5368808507919312,0.029431171715259552
0.053688082844018936,-2.415963649749756,-0.2684404253959656,0.029431171715259552
0.053688082844018936,-1.9327709674835205,0.912697434425354,0.029431171715259552
0.053688082844018936,-1.8790829181671143,-0.805321216583252,0.029431171715259552
0.053688082844018936,-1.8790829181671143,0.6979450583457947,0.029431171715259552
0.053688082844018936,-1.7717067003250122,0.6979450583457947,0.029431171715259552
0.053688082844018936,-1.6643306016921997,-0.5368808507919312,0.029431171715259552
0.053688082844018936,-1.6643306016921997,0.10737616568803787,0.029431171715259552
0.053688082844018936,-1.6643306016921997,0.6979450583457947,0.029431171715259552
0.053688082844018936,-1.6643306016921997,0.859009325504303,0.029431171715259552
0.053688082844018936,-1.342202067375183,0.21475233137607574,0.029431171715259552
0.053688082844018936,-1.1274497509002686,0.21475233137607574,0.029431171715259552
0.053688082844018936,0.3221285045146942,1.2885140180587769,0.029431171715259552
0.053688082844018936,1.2885140180587769,-0.7516331672668457,0.029431171715259552
0.053688082844018936,1.3958901166915894,-0.7516331672668457,0.029431171715259552
0.053688082844018936,1.8790829181671143,1.342202067375183,0.029431171715259552
0.053688082844018936,1.9327709674835205,1.3958901166915894,0.029431171715259552
0.053688082844018936,2.254899501800537,1.5032663345336914,0.029431171715259552
0.053688082844018936,2.3622756004333496,1.3958901166915894,0.029431171715259552
0.053688082844018936,3.489725351333618,0.805321216583252,0.029431171715259552
0.053688082844018936,3.5434134006500244,0.7516331672668457,0.029431171715259552
0.10737616568803787,-3.1139087677001953,1.4495782852172852,0.029431171715259552
0.10737616568803787,-3.006532669067383,0.5368808507919312,0.029431171715259552
0.10737616568803787,-3.006532669067383,0.912697434425354,0.029431171715259552
0.10737616568803787,-2.9528446197509766,-1.1811378002166748,0.029431171715259552
0.10737616568803787,-2.9528446197509766,0.5905689001083374,0.029431171715259552
0.10737616568803787,-1.9327709674835205,-0.805321216583252,0.029431171715259552
0.10737616568803787,-1.7717067003250122,-0.7516331672668457,0.029431171715259552
0.10737616568803787,-1.718018651008606,-0.6979450583457947,0.029431171715259552
0.10737616568803787,-1.0200735330581665,0.4295046627521515,0.029431171715259552
0.10737616568803787,-0.9663854837417603,0.5905689001083374,0.029431171715259552
0.10737616568803787,-0.2684404253959656,0.9663854837417603,0.029431171715259552
0.10737616568803787,-0.21475233137607574,-0.6442570090293884,0.029431171715259552
0.10737616568803787,-0.21475233137607574,1.0200735330581665,0.029431171715259552
0.10737616568803787,0.37581658363342285,1.2885140180587769,0.029431171715259552
0.10737616568803787,1.1811378002166748,1.0200735330581665,0.029431171715259552
0.10737616568803787,1.234825849533081,0.9663854837417603,0.029431171715259552
0.10737616568803787,2.3085875511169434,1.4495782852172852,0.029431171715259552
0.10737616568803787,2.5770280361175537,1.234825849533081,0.029431171715259552
0.10737616568803787,3.436037302017212,0.859009325504303,0.029431171715259552
0.10737616568803787,3.5971014499664307,0.6442570090293884,0.029431171715259552
0.1610642522573471,-3.274973154067993,0.805321216583252,0.029431171715259552
0.1610642522573471,-3.1675968170166016,0.7516331672668457,0.029431171715259552
0.1610642522573471,-3.006532669067383,-0.3221285045146942,0.029431171715259552
0.1610642522573471,-2.8991565704345703,-1.1274497509002686,0.029431171715259552
0.1610642522573471,-2.845468282699585,-1.0200735330581665,0.029431171715259552
0.1610642522573471,-2.7917802333831787,-0.9663854837417603,0.029431171715259552
0.1610642522573471,-2.5233399868011475,-0.37581658363342285,0.029431171715259552
0.1610642522573471,-2.469651699066162,-0.3221285045146942,0.029431171715259552
0.1610642522573471,-2.415963649749756,-0.2684404253959656,0.029431171715259552
0.1610642522573471,-2.0938353538513184,-0.805321216583252,0.029431171715259552
0.1610642522573471,-2.0938353538513184,0.0,0.029431171715259552
0.1610642522573471,-1.5569543838500977,0.10737616568803787,0.029431171715259552
0.1610642522573471,-1.5569543838500977,0.21475233137607574,0.029431171715259552
0.1610642522573471,-1.234825849533081,-0.6442570090293884,0.029431171715259552
0.1610642522573471,-0.805321216583252,-0.7516331672668457,0.029431171715259552
0.1610642522573471,-0.5905689001083374,0.805321216583252,0.029431171715259552
0.1610642522573471,-0.10737616568803787,-0.6979450583457947,0.029431171715259552
0.1610642522573471,0.4295046627521515,1.2885140180587769,0.029431171715259552
0.1610642522573471,1.1274497509002686,1.0737617015838623,0.029431171715259552
0.1610642522573471,1.825394868850708,0.6979450583457947,0.029431171715259552
0.1610642522573471,1.8790829181671143,1.2885140180587769,0.029431171715259552
0.1610642522573471,1.9864590167999268,1.3958901166915894,0.029431171715259552
0.1610642522573471,2.254899501800537,1.3958901166915894,0.029431171715259552
0.1610642522573471,2.3085875511169434,1.342202067375183,0.029431171715259552
0.1610642522573471,2.5233399868011475,1.234825849533081,0.029431171715259552
0.1610642522573471,3.3823492527008057,0.912697434425354,0.029431171715259552
0.1610642522573471,3.489725351333618,0.805321216583252,0.029431171715259552
0.1610642522573471,3.5434134006500244,0.6979450583457947,0.029431171715259552
0.1610642522573471,3.650789737701416,0.37581658363342285,0.029431171715259552
0.1610642522573471,3.650789737701416,0.4831927418708801,0.029431171715259552
0.21475233137607574,-3.1675968170166016,-1.1811378002166748,0.029431171715259552
0.21475233137607574,-2.8991565704345703,-0.859009325504303,0.029431171715259552
0.21475233137607574,-2.5233399868011475,-0.4295046627521515,0.029431171715259552
0.21475233137607574,-2.415963649749756,-0.859009325504303,0.029431171715259552
0.21475233137607574,-2.3085875511169434,-0.1610642522573471,0.029431171715259552
0.21475233137607574,-1.9327709674835205,-0.7516331672668457,0.029431171715259552
0.21475233137607574,-1.825394868850708,-0.7516331672668457,0.029431171715259552
0.21475233137607574,-0.9663854837417603,0.6442570090293884,0.029431171715259552
0.21475233137607574,-0.3221285045146942,0.912697434425354,0.029431171715259552
0.21475233137607574,-0.2684404253959656,0.9663854837417603,0.029431171715259552
0.21475233137607574,0.5368808507919312,1.2885140180587769,0.029431171715259552
0.21475233137607574,0.6442570090293884,1.2885140180587769,0.029431171715259552
0.21475233137607574,0.912697434425354,-0.805321216583252,0.029431171715259552
0.21475233137607574,1.1811378002166748,-0.859009325504303,0.029431171715259552
0.21475233137607574,1.5032663345336914,-0.859009325504303,0.029431171715259552
0.21475233137607574,1.7717067003250122,-0.805321216583252,0.029431171715259552
0.21475233137607574,1.9327709674835205,0.912697434425354,0.029431171715259552
0.21475233137607574,2.0938353538513184,1.3958901166915894,0.029431171715259552
0.21475233137607574,2.201211452484131,1.3958901166915894,0.029431171715259552
0.21475233137607574,2.254899501800537,1.342202067375183,0.029431171715259552
0.21475233137607574,3.436037302017212,0.859009325504303,0.029431171715259552
0.21475233137607574,3.650789737701416,0.21475233137607574,0.029431171715259552
0.21475233137607574,3.650789737701416,0.3221285045146942,0.029431171715259552
0.2684404253959656,-3.221284866333008,-1.1811378002166748,0.029431171715259552
0.2684404253959656,-2.9528446197509766,-0.859009325504303,0.029431171715259552
0.2684404253959656,-2.5770280361175537,-0.5905689001083374,0.029431171715259552
0.2684404253959656,-2.415963649749756,-0.805321216583252,0.029431171715259552
0.2684404253959656,-2.3085875511169434,-0.805321216583252,0.029431171715259552
0.2684404253959656,-2.1475234031677246,-0.7516331672668457,0.029431171715259552
0.2684404253959656,-0.4295046627521515,-0.5905689001083374,0.029431171715259552
0.2684404253959656,-0.21475233137607574,0.9663854837417603,0.029431171715259552
0.2684404253959656,1.0737617015838623,1.0737617015838623,0.029431171715259552
0.2684404253959656,1.1274497509002686,1.0200735330581665,0.029431171715259552
0.2684404253959656,1.1811378002166748,0.9663854837417603,0.029431171715259552
0.2684404253959656,1.5569543838500977,-0.859009325504303,0.029431171715259552
0.2684404253959656,1.610642433166504,0.7516331672668457,0.029431171715259552
0.2684404253959656,1.6643306016921997,0.6979450583457947,0.029431171715259552
0.2684404253959656,1.825394868850708,0.6442570090293884,0.029431171715259552
0.2684404253959656,1.9327709674835205,0.805321216583252,0.029431171715259552
0.2684404253959656,2.254899501800537,-0.6442570090293884,0.029431171715259552
0.2684404253959656,2.254899501800537,1.2885140180587769,0.029431171715259552
0.2684404253959656,2.8991565704345703,-0.7516331672668457,0.029431171715259552
0.2684404253959656,2.9528446197509766,1.1274497509002686,0.029431171715259552
0.2684404253959656,3.274973154067993,-0.6442570090293884,0.029431171715259552
0.2684404253959656,3.274973154067993,0.9663854837417603,0.029431171715259552
0.2684404253959656,3.3286612033843994,0.912697434425354,0.029431171715259552
0.2684404253959656,3.3823492527008057,0.859009325504303,0.029431171715259552
0.2684404253959656,3.436037302017212,0.805321216583252,0.029431171715259552
0.2684404253959656,3.5971014499664307,-0.10737616568803787,0.029431171715259552
0.2684404253959656,3.5971014499664307,0.5905689001083374,0.029431171715259552
0.3221285045146942,-3.1139087677001953,-0.2684404253959656,0.029431171715259552
0.3221285045146942,-3.060220718383789,-0.3221285045146942,0.029431171715259552
0.3221285045146942,-2.5233399868011475,-0.5905689001083374,0.029431171715259552
0.3221285045146942,-2.415963649749756,-0.7516331672668457,0.029431171715259552
0.3221285045146942,-2.415963649749756,-0.3221285045146942,0.029431171715259552
0.3221285045146942,-2.3622756004333496,-0.2684404253959656,0.029431171715259552
0.3221285045146942,-2.3085875511169434,-0.7516331672668457,0.029431171715259552
0.3221285045146942,-2.3085875511169434,-0.21475233137607574,0.029431171715259552
0.3221285045146942,-1.6643306016921997,-0.6979450583457947,0.029431171715259552
0.3221285045146942,-0.9663854837417603,-0.7516331672668457,0.029431171715259552
0.3221285045146942,-0.7516331672668457,-0.7516331672668457,0.029431171715259552
0.3221285045146942,-0.3221285045146942,0.859009325504303,0.029431171715259552
0.3221285045146942,0.37581658363342285,1.234825849533081,0.029431171715259552
0.3221285045146942,0.4831927418708801,1.234825849533081,0.029431171715259552
0.3221285045146942,0.7516331672668457,1.234825849533081,0.029431171715259552
0.3221285045146942,2.040147066116333,1.2885140180587769,0.029431171715259552
0.3221285045146942,2.3085875511169434,-0.6442570090293884,0.029431171715259552
0.3221285045146942,2.3622756004333496,1.1274497509002686,0.029431171715259552
0.3221285045146942,2.469651699066162,1.1274497509002686,0.029431171715259552
0.3221285045146942,3.060220718383789,1.0737617015838623,0.029431171715259552
0.3221285045146942,3.1675968170166016,1.0200735330581665,0.029431171715259552
0.37581658363342285,-3.060220718383789,-0.37581658363342285,0.029431171715259552
0.37581658363342285,-2.254899501800537,-0.1610642522573471,0.029431171715259552
0.37581658363342285,-2.201211452484131,-0.10737616568803787,0.029431171715259552
0.37581658363342285,-2.1475234031677246,-0.053688082844018936,0.029431171715259552
0.37581658363342285,-1.9327709674835205,0.1610642522573471,0.029431171715259552
0.37581658363342285,-1.825394868850708,0.21475233137607574,0.029431171715259552
0.37581658363342285,-1.7717067003250122,0.2684404253959656,0.029431171715259552
0.37581658363342285,-1.718018651008606,-0.6442570090293884,0.029431171715259552
0.37581658363342285,-1.1811378002166748,-0.6442570090293884,0.029431171715259552
0.37581658363342285,-1.1274497509002686,-0.6979450583457947,0.029431171715259552
0.37581658363342285,-0.6979450583457947,-0.6979450583457947,0.029431171715259552
0.37581658363342285,-0.5905689001083374,-0.6442570090293884,0.029431171715259552
0.37581658363342285,-0.5368808507919312,-0.5905689001083374,0.029431171715259552
0.37581658363342285,-0.2684404253959656,0.859009325504303,0.029431171715259552
0.37581658363342285,-0.21475233137607574,-0.5905689001083374,0.029431171715259552
0.37581658363342285,-0.21475233137607574,0.912697434425354,0.029431171715259552
0.37581658363342285,0.37581658363342285,-0.805321216583252,0.029431171715259552
0.37581658363342285,0.5905689001083374,1.234825849533081,0.029431171715259552
0.37581658363342285,0.912697434425354,-0.859009325504303,0.029431171715259552
0.37581658363342285,1.1274497509002686,0.9663854837417603,0.029431171715259552
0.37581658363342285,1.1811378002166748,-0.912697434425354,0.029431171715259552
0.37581658363342285,1.1811378002166748,0.912697434425354,0.029431171715259552
0.37581658363342285,1.3958901166915894,-0.805321216583252,0.029431171715259552
0.37581658363342285,1.5032663345336914,0.6979450583457947,0.029431171715259552
0.37581658363342285,1.8790829181671143,0.6442570090293884,0.029431171715259552
0.37581658363342285,1.9327709674835205,0.7516331672668457,0.029431171715259552
0.37581658363342285,2.040147066116333,-0.5368808507919312,0.029431171715259552
0.37581658363342285,2.040147066116333,1.234825849533081,0.029431171715259552
0.37581658363342285,2.254899501800537,-0.5905689001083374,0.029431171715259552
0.37581658363342285,2.3622756004333496,-0.6442570090293884,0.029431171715259552
0.37581658363342285,2.3622756004333496,1.0737617015838623,0.029431171715259552
0.37581658363342285,2.5770280361175537,1.1274497509002686,0.029431171715259552
0.37581658363342285,3.436037302017212,-0.4831927418708801,0.029431171715259552
0.37581658363342285,3.5971014499664307,0.0,0.029431171715259552
0.4295046627521515,-3.3286612033843994,-0.21475233137607574,0.029431171715259552
0.4295046627521515,-3.274973154067993,-0.2684404253959656,0.029431171715259552
0.4295046627521515,-3.006532669067383,-0.5905689001083374,0.029431171715259552
0.4295046627521515,-1.610642433166504,-0.5905689001083374,0.029431171715259552
0.4295046627521515,-1.4495782852172852,-0.5905689001083374,0.029431171715259552
0.4295046627521515,-0.9663854837417603,-0.6979450583457947,0.029431171715259552
0.4295046627521515,-0.6979450583457947,0.6442570090293884,0.029431171715259552
0.4295046627521515,-0.053688082844018936,-0.6442570090293884,0.029431171715259552
0.4295046627521515,0.1610642522573471,1.1274497509002686,0.029431171715259552
0.4295046627521515,0.21475233137607574,-0.7516331672668457,0.029431171715259552
0.4295046627521515,0.3221285045146942,1.1811378002166748,0.029431171715259552
0.4295046627521515,0.5905689001083374,1.1811378002166748,0.029431171715259552
0.4295046627521515,0.6979450583457947,1.1811378002166748,0.029431171715259552
0.4295046627521515,1.234825849533081,0.805321216583252,0.029431171715259552
0.4295046627521515,1.2885140180587769,0.7516331672668457,0.029431171715259552
0.4295046627521515,1.825394868850708,-0.6979450583457947,0.029431171715259552
0.4295046627521515,1.8790829181671143,0.5905689001083374,0.029431171715259552
0.4295046627521515,1.9327709674835205,-0.6979450583457947,0.029431171715259552
0.4295046627521515,1.9327709674835205,0.6979450583457947,0.029431171715259552
0.4295046627521515,2.201211452484131,-0.5368808507919312,0.029431171715259552
0.4295046627521515,2.3085875511169434,-0.5905689001083374,0.029431171715259552
0.4295046627521515,2.3085875511169434,1.0200735330581665,0.029431171715259552
0.4295046627521515,2.469651699066162,-0.6442570090293884,0.029431171715259552
0.4295046627521515,2.469651699066162,1.0737617015838623,0.029431171715259552
0.4295046627521515,2.684404134750366,-0.6979450583457947,0.029431171715259552
0.4295046627521515,3.274973154067993,-0.5905689001083374,0.029431171715259552
0.4295046627521515,3.5434134006500244,0.6442570090293884,0.029431171715259552
0.4831927418708801,-3.060220718383789,-0.859009325504303,0.029431171715259552
0.4831927418708801,-2.3085875511169434,-0.4831927418708801,0.029431171715259552
0.4831927418708801,-2.254899501800537,-0.5905689001083374,0.029431171715259552
0.4831927418708801,-2.0938353538513184,0.0,0.029431171715259552
0.4831927418708801,-2.040147066116333,0.053688082844018936,0.029431171715259552
0.4831927418708801,-1.9864590167999268,0.10737616568803787,0.029431171715259552
0.4831927418708801,-1.5569543838500977,-0.5368808507919312,0.029431171715259552
0.4831927418708801,-1.234825849533081,-0.5905689001083374,0.029431171715259552
0.4831927418708801,-1.0737617015838623,0.37581658363342285,0.029431171715259552
0.4831927418708801,-0.912697434425354,-0.6979450583457947,0.029431171715259552
0.4831927418708801,-0.7516331672668457,0.5905689001083374,0.029431171715259552
0.4831927418708801,-0.6442570090293884,0.5905689001083374,0.029431171715259552
0.4831927418708801,-0.5368808507919312,-0.4831927418708801,0.029431171715259552
0.4831927418708801,-0.4831927418708801,0.6442570090293884,0.029431171715259552
0.4831927418708801,-0.2684404253959656,0.805321216583252,0.029431171715259552
0.4831927418708801,-0.21475233137607574,-0.5368808507919312,0.029431171715259552
0.4831927418708801,-0.21475233137607574,0.859009325504303,0.029431171715259552
0.4831927418708801,0.10737616568803787,1.0737617015838623,0.029431171715259552
0.4831927418708801,0.4295046627521515,1.1811378002166748,0.029431171715259552
0.4831927418708801,0.5368808507919312,1.1811378002166748,0.029431171715259552
0.4831927418708801,0.912697434425354,-0.859009325504303,0.029431171715259552
0.4831927418708801,1.0737617015838623,-0.912697434425354,0.029431171715259552
0.4831927418708801,1.0737617015838623,1.0200735330581665,0.029431171715259552
0.4831927418708801,1.1274497509002686,0.9663854837417603,0.029431171715259552
0.4831927418708801,1.1811378002166748,0.859009325504303,0.029431171715259552
0.4831927418708801,1.3958901166915894,0.6442570090293884,0.029431171715259552
0.4831927418708801,1.5032663345336914,0.6442570090293884,0.029431171715259552
0.4831927418708801,1.7717067003250122,0.5368808507919312,0.029431171715259552
0.4831927418708801,1.825394868850708,-0.6442570090293884,0.029431171715259552
0.4831927418708801,1.9327709674835205,0.6442570090293884,0.029431171715259552
0.4831927418708801,2.0938353538513184,-0.4295046627521515,0.029431171715259552
0.4831927418708801,2.254899501800537,-0.5368808507919312,0.029431171715259552
0.4831927418708801,2.3622756004333496,1.0200735330581665,0.029431171715259552
0.4831927418708801,2.415963649749756,-0.5905689001083374,0.029431171715259552
0.4831927418708801,2.5233399868011475,-0.6442570090293884,0.029431171715259552
0.4831927418708801,2.7380921840667725,1.0737617015838623,0.029431171715259552
0.4831927418708801,2.845468282699585,1.1811378002166748,0.029431171715259552
0.4831927418708801,2.8991565704345703,-0.6979450583457947,0.029431171715259552
0.5368808507919312,-3.3286612033843994,-0.4831927418708801,0.029431171715259552
0.5368808507919312,-3.1675968170166016,-1.0200735330581665,0.029431171715259552
0.5368808507919312,-2.254899501800537,-0.4831927418708801,0.029431171715259552
0.5368808507919312,-2.201211452484131,-0.3221285045146942,0.029431171715259552
0.5368808507919312,-2.1475234031677246,-0.5368808507919312,0.029431171715259552
0.5368808507919312,-2.0938353538513184,-0.053688082844018936,0.029431171715259552
0.5368808507919312,-1.9327709674835205,-0.5368808507919312,0.029431171715259552
0.5368808507919312,-1.234825849533081,0.37581658363342285,0.029431171715259552
0.5368808507919312,-1.1274497509002686,-0.5905689001083374,0.029431171715259552
0.5368808507919312,-0.805321216583252,0.4831927418708801,0.029431171715259552
0.5368808507919312,-0.7516331672668457,0.5368808507919312,0.029431171715259552
0.5368808507919312,-0.5368808507919312,0.5368808507919312,0.029431171715259552
0.5368808507919312,-0.4831927418708801,-0.4831927418708801,0.029431171715259552
0.5368808507919312,-0.4295046627521515,-0.4295046627521515,0.029431171715259552
0.5368808507919312,-0.37581658363342285,0.6442570090293884,0.029431171715259552
0.5368808507919312,-0.2684404253959656,-0.4831927418708801,0.029431171715259552
0.5368808507919312,-0.2684404253959656,0.7516331672668457,0.029431171715259552
0.5368808507919312,-0.21475233137607574,0.805321216583252,0.029431171715259552
0.5368808507919312,-0.1610642522573471,0.859009325504303,0.029431171715259552
0.5368808507919312,0.053688082844018936,1.0200735330581665,0.029431171715259552
0.5368808507919312,0.2684404253959656,-0.6979450583457947,0.029431171715259552
0.5368808507919312,0.3221285045146942,1.1274497509002686,0.029431171715259552
0.5368808507919312,0.6442570090293884,-0.805321216583252,0.029431171715259552
0.5368808507919312,1.4495782852172852,-0.7516331672668457,0.029431171715259552
0.5368808507919312,1.5569543838500977,0.5905689001083374,0.029431171715259552
0.5368808507919312,1.718018651008606,0.5368808507919312,0.029431171715259552
0.5368808507919312,2.1475234031677246,-0.4295046627521515,0.029431171715259552
0.5368808507919312,2.254899501800537,-0.4831927418708801,0.029431171715259552
0.5368808507919312,2.3622756004333496,-0.5368808507919312,0.029431171715259552
0.5368808507919312,2.3622756004333496,0.9663854837417603,0.029431171715259552
0.5368808507919312,2.469651699066162,-0.5905689001083374,0.029431171715259552
0.5368808507919312,2.5233399868011475,1.0200735330581665,0.029431171715259552
0.5368808507919312,2.684404134750366,-0.6442570090293884,0.029431171715259552
0.5368808507919312,3.5434134006500244,0.6442570090293884,0.029431171715259552
0.5905689001083374,-1.9864590167999268,0.053688082844018936,0.029431171715259552
0.5905689001083374,-1.9327709674835205,-0.4831927418708801,0.029431171715259552
0.5905689001083374,-1.1811378002166748,-0.5368808507919312,0.029431171715259552
0.5905689001083374,-0.859009325504303,-0.6442570090293884,0.029431171715259552
0.5905689001083374,-0.805321216583252,0.4295046627521515,0.029431171715259552
0.5905689001083374,-0.7516331672668457,0.4831927418708801,0.029431171715259552
0.5905689001083374,-0.6442570090293884,-0.5905689001083374,0.029431171715259552
0.5905689001083374,-0.5368808507919312,-0.4831927418708801,0.029431171715259552
0.5905689001083374,-0.5368808507919312,0.4831927418708801,0.029431171715259552
0.5905689001083374,-0.4831927418708801,-0.4295046627521515,0.029431171715259552
0.5905689001083374,-0.3221285045146942,-0.37581658363342285,0.029431171715259552
0.5905689001083374,-0.21475233137607574,0.7516331672668457,0.029431171715259552
0.5905689001083374,-0.1610642522573471,-0.4831927418708801,0.029431171715259552
0.5905689001083374,-0.053688082844018936,-0.5368808507919312,0.029431171715259552
0.5905689001083374,0.053688082844018936,0.9663854837417603,0.029431171715259552
0.5905689001083374,0.10737616568803787,1.0200735330581665,0.029431171715259552
0.5905689001083374,0.2684404253959656,1.0737617015838623,0.029431171715259552
0.5905689001083374,0.4831927418708801,1.1274497509002686,0.029431171715259552
0.5905689001083374,1.3958901166915894,0.5368808507919312,0.029431171715259552
0.5905689001083374,1.718018651008606,-0.5905689001083374,0.029431171715259552
0.5905689001083374,1.7717067003250122,-0.5368808507919312,0.029431171715259552
0.5905689001083374,1.9327709674835205,0.4831927418708801,0.029431171715259552
0.5905689001083374,2.1475234031677246,-0.37581658363342285,0.029431171715259552
0.5905689001083374,2.201211452484131,-0.4295046627521515,0.029431171715259552
0.5905689001083374,2.201211452484131,0.912697434425354,0.029431171715259552
0.5905689001083374,2.3085875511169434,-0.4831927418708801,0.029431171715259552
0.5905689001083374,2.415963649749756,-0.5368808507919312,0.029431171715259552
0.5905689001083374,2.415963649749756,0.9663854837417603,0.029431171715259552
0.5905689001083374,2.5233399868011475,0.9663854837417603,0.029431171715259552
0.5905689001083374,2.63071608543396,1.0200735330581665,0.029431171715259552
0.5905689001083374,2.7380921840667725,1.0200735330581665,0.029431171715259552
0.5905689001083374,3.1139087677001953,-0.5905689001083374,0.029431171715259552
0.6442570090293884,-3.1675968170166016,-0.912697434425354,0.029431171715259552
0.6442570090293884,-3.1675968170166016,-0.805321216583252,0.029431171715259552
0.6442570090293884,-3.1675968170166016,-0.6442570090293884,0.029431171715259552
0.6442570090293884,-2.040147066116333,-0.4295046627521515,0.029431171715259552
0.6442570090293884,-2.040147066116333,-0.21475233137607574,0.029431171715259552
0.6442570090293884,-2.040147066116333,-0.10737616568803787,0.029431171715259552
0.6442570090293884,-1.9327709674835205,-0.4295046627521515,0.029431171715259552
0.6442570090293884,-1.825394868850708,0.21475233137607574,0.029431171715259552
0.6442570090293884,-1.234825849533081,0.2684404253959656,0.029431171715259552
0.6442570090293884,-0.805321216583252,-0.5905689001083374,0.029431171715259552
0.6442570090293884,-0.7516331672668457,-0.5368808507919312,0.029431171715259552
0.6442570090293884,-0.7516331672668457,0.37581658363342285,0.029431171715259552
0.6442570090293884,-0.6442570090293884,-0.5368808507919312,0.029431171715259552
0.6442570090293884,-0.4831927418708801,0.37581658363342285,0.029431171715259552
0.6442570090293884,0.1610642522573471,-0.5905689001083374,0.029431171715259552
0.6442570090293884,0.1610642522573471,0.9663854837417603,0.029431171715259552
0.6442570090293884,0.21475233137607574,1.0200735330581665,0.029431171715259552
0.6442570090293884,0.4295046627521515,1.0737617015838623,0.029431171715259552
0.6442570090293884,0.805321216583252,-0.859009325504303,0.029431171715259552
0.6442570090293884,0.9663854837417603,-0.912697434425354,0.029431171715259552
0.6442570090293884,1.2885140180587769,0.6442570090293884,0.029431171715259552
0.6442570090293884,1.342202067375183,0.5368808507919312,0.029431171715259552
0.6442570090293884,1.610642433166504,-0.5368808507919312,0.029431171715259552
0.6442570090293884,1.718018651008606,0.4295046627521515,0.029431171715259552
0.6442570090293884,1.825394868850708,-0.37581658363342285,0.029431171715259552
0.6442570090293884,1.825394868850708,0.3221285045146942,0.029431171715259552
0.6442570090293884,1.8790829181671143,-0.10737616568803787,0.029431171715259552
0.6442570090293884,1.8790829181671143,0.0,0.029431171715259552
0.6442570090293884,1.9327709674835205,0.3221285045146942,0.029431171715259552
0.6442570090293884,1.9864590167999268,0.0,0.029431171715259552
0.6442570090293884,2.0938353538513184,-0.21475233137607574,0.029431171715259552
0.6442570090293884,2.201211452484131,-0.3221285045146942,0.029431171715259552
0.6442570090293884,2.254899501800537,-0.37581658363342285,0.029431171715259552
0.6442570090293884,2.5770280361175537,0.9663854837417603,0.029431171715259552
0.6442570090293884,2.684404134750366,0.9663854837417603,0.029431171715259552
0.6442570090293884,3.006532669067383,-0.5905689001083374,0.029431171715259552
0.6442570090293884,3.1675968170166016,-0.5368808507919312,0.029431171715259552
0.6442570090293884,3.1675968170166016,0.9663854837417603,0.029431171715259552
0.6442570090293884,3.221284866333008,0.912697434425354,0.029431171715259552
0.6442570090293884,3.274973154067993,0.859009325504303,0.029431171715259552
0.6442570090293884,3.436037302017212,0.7516331672668457,0.029431171715259552
0.6442570090293884,3.489725351333618,0.6979450583457947,0.029431171715259552
0.6979450583457947,-3.3286612033843994,-0.7516331672668457,0.029431171715259552
0.6979450583457947,-3.221284866333008,-0.7516331672668457,0.029431171715259552
0.6979450583457947,-1.9864590167999268,-0.1610642522573471,0.029431171715259552
0.6979450583457947,-1.9327709674835205,-0.37581658363342285,0.029431171715259552
0.6979450583457947,-1.825394868850708,-0.37581658363342285,0.029431171715259552
0.6979450583457947,-1.718018651008606,-0.37581658363342285,0.029431171715259552
0.6979450583457947,-1.610642433166504,-0.37581658363342285,0.029431171715259552
0.6979450583457947,-1.342202067375183,0.2684404253959656,0.029431171715259552
0.6979450583457947,-1.2885140180587769,0.21475233137607574,0.029431171715259552
0.6979450583457947,-0.912697434425354,0.10737616568803787,0.029431171715259552
0.6979450583457947,-0.805321216583252,-0.4831927418708801,0.029431171715259552
0.6979450583457947,-0.805321216583252,0.21475233137607574,0.029431171715259552
0.6979450583457947,-0.5368808507919312,0.053688082844018936,0.029431171715259552
0.6979450583457947,-0.4831927418708801,-0.10737616568803787,0.029431171715259552
0.6979450583457947,-0.4295046627521515,0.1610642522573471,0.029431171715259552
0.6979450583457947,-0.21475233137607574,0.5368808507919312,0.029431171715259552
0.6979450583457947,-0.10737616568803787,0.6979450583457947,0.029431171715259552
0.6979450583457947,-0.053688082844018936,0.7516331672668457,0.029431171715259552
0.6979450583457947,0.1610642522573471,0.912697434425354,0.029431171715259552
0.6979450583457947,0.37581658363342285,1.0200735330581665,0.029431171715259552
0.6979450583457947,0.859009325504303,-0.912697434425354,0.029431171715259552
0.6979450583457947,1.1274497509002686,0.805321216583252,0.029431171715259552
0.6979450583457947,1.342202067375183,0.4831927418708801,0.029431171715259552
0.6979450583457947,1.5032663345336914,0.4295046627521515,0.029431171715259552
0.6979450583457947,1.5569543838500977,-0.4295046627521515,0.029431171715259552
0.6979450583457947,1.825394868850708,-0.10737616568803787,0.029431171715259552
0.6979450583457947,1.825394868850708,0.2684404253959656,0.029431171715259552
0.6979450583457947,1.9327709674835205,0.2684404253959656,0.029431171715259552
0.6979450583457947,2.040147066116333,-0.053688082844018936,0.029431171715259552
0.6979450583457947,2.040147066116333,0.6442570090293884,0.029431171715259552
0.6979450583457947,2.0938353538513184,-0.1610642522573471,0.029431171715259552
0.6979450583457947,2.1475234031677246,-0.21475233137607574,0.029431171715259552
0.6979450583457947,2.201211452484131,-0.2684404253959656,0.029431171715259552
0.6979450583457947,2.254899501800537,-0.3221285045146942,0.029431171715259552
0.6979450583457947,2.3085875511169434,0.859009325504303,0.029431171715259552
0.6979450583457947,2.415963649749756,-0.4295046627521515,0.029431171715259552
0.6979450583457947,2.5233399868011475,-0.4295046627521515,0.029431171715259552
0.6979450583457947,2.5233399868011475,0.912697434425354,0.029431171715259552
0.6979450583457947,2.845468282699585,1.0200735330581665,0.029431171715259552
0.6979450583457947,3.1139087677001953,0.9663854837417603,0.029431171715259552
0.6979450583457947,3.1675968170166016,-0.4831927418708801,0.029431171715259552
0.6979450583457947,3.489725351333618,0.6442570090293884,0.029431171715259552
0.6979450583457947,3.5434134006500244,0.5905689001083374,0.029431171715259552
0.7516331672668457,-3.3286612033843994,-0.5905689001083374,0.029431171715259552
0.7516331672668457,-3.221284866333008,-0.5905689001083374,0.029431171715259552
0.7516331672668457,-1.9327709674835205,0.0,0.029431171715259552
0.7516331672668457,-1.8790829181671143,0.053688082844018936,0.029431171715259552
0.7516331672668457,-1.7717067003250122,0.21475233137607574,0.029431171715259552
0.7516331672668457,-1.3958901166915894,-0.3221285045146942,0.029431171715259552
0.7516331672668457,-1.3958901166915894,0.21475233137607574,0.029431171715259552
0.7516331672668457,-1.2885140180587769,0.1610642522573471,0.029431171715259552
0.7516331672668457,-1.1274497509002686,-0.37581658363342285,0.029431171715259552
0.7516331672668457,-0.805321216583252,-0.37581658363342285,0.029431171715259552
0.7516331672668457,-0.6442570090293884,0.053688082844018936,0.029431171715259552
0.7516331672668457,-0.10737616568803787,0.5905689001083374,0.029431171715259552
0.7516331672668457,-0.053688082844018936,0.6442570090293884,0.029431171715259552
0.7516331672668457,0.053688082844018936,-0.4295046627521515,0.029431171715259552
0.7516331672668457,0.10737616568803787,0.805321216583252,0.029431171715259552
0.7516331672668457,0.2684404253959656,0.912697434425354,0.029431171715259552
0.7516331672668457,0.4295046627521515,-0.6442570090293884,0.029431171715259552
0.7516331672668457,0.859009325504303,-0.9663854837417603,0.029431171715259552
0.7516331672668457,0.9663854837417603,-0.9663854837417603,0.029431171715259552
0.7516331672668457,1.234825849533081,0.6442570090293884,0.029431171715259552
0.7516331672668457,1.5569543838500977,0.37581658363342285,0.029431171715259552
0.7516331672668457,2.201211452484131,-0.21475233137607574,0.029431171715259552
0.7516331672668457,2.201211452484131,0.7516331672668457,0.029431171715259552
0.7516331672668457,2.254899501800537,-0.2684404253959656,0.029431171715259552
0.7516331672668457,2.7917802333831787,0.9663854837417603,0.029431171715259552
0.7516331672668457,3.5434134006500244,-0.053688082844018936,0.029431171715259552
0.7516331672668457,3.5971014499664307,0.5368808507919312,0.029431171715259552
0.805321216583252,-3.221284866333008,-0.859009325504303,0.029431171715259552
0.805321216583252,-1.825394868850708,-0.21475233137607574,0.029431171715259552
0.805321216583252,-1.7717067003250122,0.1610642522573471,0.029431171715259552
0.805321216583252,-1.718018651008606,-0.21475233137607574,0.029431171715259552
0.805321216583252,-1.5569543838500977,0.1610642522573471,0.029431171715259552
0.805321216583252,-1.5032663345336914,-0.2684404253959656,0.029431171715259552
0.805321216583252,-1.342202067375183,-0.2684404253959656,0.029431171715259552
0.805321216583252,-1.342202067375183,0.053688082844018936,0.029431171715259552
0.805321216583252,-1.234825849533081,0.0,0.029431171715259552
0.805321216583252,-1.1274497509002686,0.0,0.029431171715259552
0.805321216583252,-0.1610642522573471,-0.10737616568803787,0.029431171715259552
0.805321216583252,-0.053688082844018936,-0.2684404253959656,0.029431171715259552
0.805321216583252,-0.053688082844018936,0.5368808507919312,0.029431171715259552
0.805321216583252,0.0,0.5905689001083374,0.029431171715259552
0.805321216583252,0.1610642522573471,-0.4295046627521515,0.029431171715259552
0.805321216583252,0.1610642522573471,0.7516331672668457,0.029431171715259552
0.805321216583252,0.21475233137607574,0.805321216583252,0.029431171715259552
0.805321216583252,0.2684404253959656,0.859009325504303,0.029431171715259552
0.805321216583252,0.3221285045146942,-0.5368808507919312,0.029431171715259552
0.805321216583252,0.4831927418708801,0.912697434425354,0.029431171715259552
0.805321216583252,0.859009325504303,-1.0200735330581665,0.029431171715259552
0.805321216583252,0.9663854837417603,-1.0200735330581665,0.029431171715259552
0.805321216583252,1.1274497509002686,-1.0200735330581665,0.029431171715259552
0.805321216583252,1.1274497509002686,0.4295046627521515,0.029431171715259552
0.805321216583252,1.234825849533081,0.5905689001083374,0.029431171715259552
0.805321216583252,1.342202067375183,0.3221285045146942,0.029431171715259552
0.805321216583252,1.3958901166915894,-0.6979450583457947,0.029431171715259552
0.805321216583252,1.3958901166915894,0.10737616568803787,0.029431171715259552
0.805321216583252,1.4495782852172852,-0.3221285045146942,0.029431171715259552
0.805321216583252,1.5032663345336914,-0.10737616568803787,0.029431171715259552
0.805321216583252,1.5032663345336914,0.10737616568803787,0.029431171715259552
0.805321216583252,1.5569543838500977,0.1610642522573471,0.029431171715259552
0.805321216583252,1.610642433166504,-0.10737616568803787,0.029431171715259552
0.805321216583252,1.9864590167999268,0.37581658363342285,0.029431171715259552
0.805321216583252,2.040147066116333,0.5368808507919312,0.029431171715259552
0.805321216583252,2.7917802333831787,0.912697434425354,0.029431171715259552
0.859009325504303,-3.3286612033843994,-0.859009325504303,0.029431171715259552
0.859009325504303,-1.7717067003250122,-0.10737616568803787,0.029431171715259552
0.859009325504303,-1.718018651008606,0.053688082844018936,0.029431171715259552
0.859009325504303,-0.053688082844018936,0.3221285045146942,0.029431171715259552
0.859009325504303,0.0,0.1610642522573471,0.029431171715259552
0.859009325504303,0.0,0.4831927418708801,0.029431171715259552
0.859009325504303,0.053688082844018936,0.5368808507919312,0.029431171715259552
0.859009325504303,0.10737616568803787,0.5905689001083374,0.029431171715259552
0.859009325504303,0.1610642522573471,0.6442570090293884,0.029431171715259552
0.859009325504303,0.21475233137607574,0.6979450583457947,0.029431171715259552
0.859009325504303,0.3221285045146942,-0.4831927418708801,0.029431171715259552
0.859009325504303,0.5368808507919312,-0.6442570090293884,0.029431171715259552
0.859009325504303,0.6442570090293884,-0.859009325504303,0.029431171715259552
0.859009325504303,0.9663854837417603,0.805321216583252,0.029431171715259552
0.859009325504303,1.2885140180587769,0.4295046627521515,0.029431171715259552
0.859009325504303,1.342202067375183,-0.805321216583252,0.029431171715259552
0.859009325504303,1.3958901166915894,0.053688082844018936,0.029431171715259552
0.859009325504303,2.0938353538513184,0.0,0.029431171715259552
0.859009325504303,2.0938353538513184,0.5368808507919312,0.029431171715259552
0.859009325504303,2.1475234031677246,0.5905689001083374,0.029431171715259552
0.859009325504303,2.201211452484131,0.6442570090293884,0.029431171715259552
0.859009325504303,2.254899501800537,0.6979450583457947,0.029431171715259552
0.859009325504303,2.415963649749756,-0.3221285045146942,0.029431171715259552
0.859009325504303,3.1675968170166016,0.805321216583252,0.029431171715259552
0.859009325504303,3.489725351333618,0.6442570090293884,0.029431171715259552
0.859009325504303,3.5434134006500244,-0.10737616568803787,0.029431171715259552
0.912697434425354,0.0,0.2684404253959656,0.029431171715259552
0.912697434425354,0.053688082844018936,0.3221285045146942,0.029431171715259552
0.912697434425354,0.5368808507919312,-0.5905689001083374,0.029431171715259552
0.912697434425354,0.859009325504303,0.805321216583252,0.029431171715259552
0.912697434425354,1.0200735330581665,0.6979450583457947,0.029431171715259552
0.912697434425354,1.234825849533081,0.4831927418708801,0.029431171715259552
0.912697434425354,1.3958901166915894,-0.2684404253959656,0.029431171715259552
0.912697434425354,2.254899501800537,-0.1610642522573471,0.029431171715259552
0.912697434425354,2.254899501800537,0.6442570090293884,0.029431171715259552
0.912697434425354,2.469651699066162,-0.3221285045146942,0.029431171715259552
0.912697434425354,2.8991565704345703,-0.37581658363342285,0.029431171715259552
0.912697434425354,3.006532669067383,-0.3221285045146942,0.029431171715259552
0.912697434425354,3.1139087677001953,-0.3221285045146942,0.029431171715259552
0.912697434425354,3.274973154067993,0.6979450583457947,0.029431171715259552
0.9663854837417603,0.10737616568803787,0.3221285045146942,0.029431171715259552
0.9663854837417603,0.4295046627521515,-0.4295046627521515,0.029431171715259552
0.9663854837417603,0.5905689001083374,-0.805321216583252,0.029431171715259552
0.9663854837417603,0.7516331672668457,-1.1811378002166748,0.029431171715259552
0.9663854837417603,0.7516331672668457,0.7516331672668457,0.029431171715259552
0.9663854837417603,0.859009325504303,0.7516331672668457,0.029431171715259552
0.9663854837417603,0.9663854837417603,-1.1811378002166748,0.029431171715259552
0.9663854837417603,1.0737617015838623,0.6442570090293884,0.029431171715259552
0.9663854837417603,1.1811378002166748,0.5368808507919312,0.029431171715259552
0.9663854837417603,1.2885140180587769,0.1610642522573471,0.029431171715259552
0.9663854837417603,1.2885140180587769,0.2684404253959656,0.029431171715259552
0.9663854837417603,2.684404134750366,0.6979450583457947,0.029431171715259552
0.9663854837417603,3.5434134006500244,-0.10737616568803787,0.029431171715259552
0.9663854837417603,3.5971014499664307,-0.053688082844018936,0.029431171715259552
0.9663854837417603,3.5971014499664307,0.5368808507919312,0.029431171715259552
1.0200735330581665,0.2684404253959656,-0.1610642522573471,0.029431171715259552
1.0200735330581665,0.4295046627521515,-0.37581658363342285,0.029431171715259552
1.0200735330581665,0.5368808507919312,-0.5368808507919312,0.029431171715259552
1.0200735330581665,0.5368808507919312,0.6979450583457947,0.029431171715259552
1.0200735330581665,0.5905689001083374,-0.9663854837417603,0.029431171715259552
1.0200735330581665,0.7516331672668457,-1.2885140180587769,0.029431171715259552
1.0200735330581665,1.0200735330581665,-1.1811378002166748,0.029431171715259552
1.0200735330581665,2.0938353538513184,0.3221285045146942,0.029431171715259552
1.0200735330581665,2.3622756004333496,0.5905689001083374,0.029431171715259552
1.0200735330581665,3.274973154067993,-0.21475233137607574,0.029431171715259552
1.0200735330581665,3.274973154067993,0.6442570090293884,0.029431171715259552
1.0200735330581665,3.3823492527008057,0.5905689001083374,0.029431171715259552
1.0200735330581665,3.489725351333618,-0.10737616568803787,0.029431171715259552
1.0737617015838623,0.4295046627521515,-0.2684404253959656,0.029431171715259552
1.0737617015838623,0.4295046627521515,0.5368808507919312,0.029431171715259552
1.0737617015838623,0.5368808507919312,-0.4831927418708801,0.029431171715259552
1.0737617015838623,0.6979450583457947,0.6442570090293884,0.029431171715259552
1.0737617015838623,0.805321216583252,-1.342202067375183,0.029431171715259552
1.0737617015838623,0.859009325504303,-1.2885140180587769,0.029431171715259552
1.0737617015838623,0.9663854837417603,0.5905689001083374,0.029431171715259552
1.0737617015838623,1.2885140180587769,-0.053688082844018936,0.029431171715259552
1.0737617015838623,1.342202067375183,-0.37581658363342285,0.029431171715259552
1.0737617015838623,2.040147066116333,0.10737616568803787,0.029431171715259552
1.0737617015838623,2.1475234031677246,0.3221285045146942,0.029431171715259552
1.0737617015838623,2.3085875511169434,0.4831927418708801,0.029431171715259552
1.0737617015838623,3.1139087677001953,-0.21475233137607574,0.029431171715259552
1.0737617015838623,3.221284866333008,0.5905689001083374,0.029431171715259552
1.0737617015838623,3.3823492527008057,0.5368808507919312,0.029431171715259552
1.0737617015838623,3.489725351333618,0.5368808507919312,0.029431171715259552
1.1274497509002686,0.3221285045146942,-1.1274497509002686,0.029431171715259552
1.1274497509002686,0.37581658363342285,0.053688082844018936,0.029431171715259552
1.1274497509002686,0.37581658363342285,0.1610642522573471,0.029431171715259552
1.1274497509002686,0.4295046627521515,-0.10737616568803787,0.029431171715259552
1.1274497509002686,0.5368808507919312,-0.37581658363342285,0.029431171715259552
1.1274497509002686,0.6979450583457947,0.5368808507919312,0.029431171715259552
1.1274497509002686,0.859009325504303,-1.342202067375183,0.029431171715259552
1.1274497509002686,0.912697434425354,-1.2885140180587769,0.029431171715259552
1.1274497509002686,1.1274497509002686,0.2684404253959656,0.029431171715259552
1.1274497509002686,1.1811378002166748,0.21475233137607574,0.029431171715259552
1.1274497509002686,1.234825849533081,0.053688082844018936,0.029431171715259552
1.1274497509002686,2.1475234031677246,0.053688082844018936,0.029431171715259552
1.1274497509002686,2.63071608543396,-0.21475233137607574,0.029431171715259552
1.1274497509002686,3.3823492527008057,0.2684404253959656,0.029431171715259552
1.1274497509002686,3.489725351333618,-0.10737616568803787,0.029431171715259552
1.1811378002166748,-0.21475233137607574,-1.1274497509002686,0.029431171715259552
1.1811378002166748,-0.21475233137607574,-1.0200735330581665,0.029431171715259552
1.1811378002166748,-0.053688082844018936,-1.1811378002166748,0.029431171715259552
1.1811378002166748,0.1610642522573471,-1.0737617015838623,0.029431171715259552
1.1811378002166748,0.21475233137607574,-1.1274497509002686,0.029431171715259552
1.1811378002166748,0.4831927418708801,0.0,0.029431171715259552
1.1811378002166748,0.4831927418708801,0.21475233137607574,0.029431171715259552
1.1811378002166748,0.5368808507919312,-0.053688082844018936,0.029431171715259552
1.1811378002166748,0.5368808507919312,0.2684404253959656,0.029431171715259552
1.1811378002166748,0.805321216583252,0.4295046627521515,0.029431171715259552
1.1811378002166748,0.912697434425354,-1.342202067375183,0.029431171715259552
1.1811378002166748,1.0737617015838623,0.2684404253959656,0.029431171715259552
1.1811378002166748,1.234825849533081,-0.859009325504303,0.029431171715259552
1.1811378002166748,2.1475234031677246,0.10737616568803787,0.029431171715259552
1.1811378002166748,2.5770280361175537,0.4831927418708801,0.029431171715259552
1.1811378002166748,2.63071608543396,-0.1610642522573471,0.029431171715259552
1.1811378002166748,2.684404134750366,0.4831927418708801,0.029431171715259552
1.1811378002166748,2.9528446197509766,-0.10737616568803787,0.029431171715259552
1.1811378002166748,2.9528446197509766,0.5368808507919312,0.029431171715259552
1.1811378002166748,3.1139087677001953,-0.10737616568803787,0.029431171715259552
1.1811378002166748,3.221284866333008,-0.10737616568803787,0.029431171715259552
1.1811378002166748,3.3286612033843994,0.10737616568803787,0.029431171715259552
1.1811378002166748,3.3823492527008057,0.053688082844018936,0.029431171715259552
1.1811378002166748,3.436037302017212,-0.10737616568803787,0.029431171715259552
1.1811378002166748,3.5971014499664307,-0.053688082844018936,0.029431171715259552
1.1811378002166748,3.5971014499664307,0.1610642522573471,0.029431171715259552
1.234825849533081,-0.2684404253959656,-1.0737617015838623,0.029431171715259552
1.234825849533081,-0.2684404253959656,-0.9663854837417603,0.029431171715259552
1.234825849533081,-0.21475233137607574,-1.1811378002166748,0.029431171715259552
1.234825849533081,-0.10737616568803787,-0.912697434425354,0.029431171715259552
1.234825849533081,0.0,-0.912697434425354,0.029431171715259552
1.234825849533081,0.10737616568803787,-0.912697434425354,0.029431171715259552
1.234825849533081,0.5905689001083374,-0.5905689001083374,0.029431171715259552
1.234825849533081,0.5905689001083374,0.053688082844018936,0.029431171715259552
1.234825849533081,0.5905689001083374,0.1610642522573471,0.029431171715259552
1.234825849533081,0.6442570090293884,0.21475233137607574,0.029431171715259552
1.234825849533081,0.805321216583252,0.3221285045146942,0.029431171715259552
1.234825849533081,0.9663854837417603,-1.2885140180587769,0.029431171715259552
1.234825849533081,1.1274497509002686,-0.10737616568803787,0.029431171715259552
1.234825849533081,1.234825849533081,-0.37581658363342285,0.029431171715259552
1.234825849533081,2.415963649749756,0.3221285045146942,0.029431171715259552
1.234825849533081,2.469651699066162,0.37581658363342285,0.029431171715259552
1.234825849533081,2.63071608543396,0.4295046627521515,0.029431171715259552
1.234825849533081,2.9528446197509766,0.4831927418708801,0.029431171715259552
1.234825849533081,3.1139087677001953,0.4831927418708801,0.029431171715259552
1.234825849533081,3.274973154067993,0.4295046627521515,0.029431171715259552
1.234825849533081,3.3823492527008057,0.0,0.029431171715259552
1.234825849533081,3.5434134006500244,0.053688082844018936,0.029431171715259552
1.234825849533081,3.5971014499664307,0.4295046627521515,0.029431171715259552
1.234825849533081,3.650789737701416,0.1610642522573471,0.029431171715259552
1.234825849533081,3.7044777870178223,0.2684404253959656,0.029431171715259552
1.2885140180587769,-0.5368808507919312,-0.912697434425354,0.029431171715259552
1.2885140180587769,-0.4831927418708801,-0.859009325504303,0.029431171715259552
1.2885140180587769,-0.37581658363342285,-1.0737617015838623,0.029431171715259552
1.2885140180587769,-0.3221285045146942,-0.912697434425354,0.029431171715259552
1.2885140180587769,0.0,-0.859009325504303,0.029431171715259552
1.2885140180587769,0.10737616568803787,-1.2885140180587769,0.029431171715259552
1.2885140180587769,0.6442570090293884,-1.5032663345336914,0.029431171715259552
1.2885140180587769,0.859009325504303,0.1610642522573471,0.029431171715259552
1.2885140180587769,1.0737617015838623,-1.1274497509002686,0.029431171715259552
1.2885140180587769,1.0737617015838623,-0.053688082844018936,0.029431171715259552
1.2885140180587769,1.1811378002166748,-0.805321216583252,0.029431171715259552
1.2885140180587769,2.201211452484131,0.053688082844018936,0.029431171715259552
1.2885140180587769,2.254899501800537,0.1610642522573471,0.029431171715259552
1.2885140180587769,2.3085875511169434,-0.053688082844018936,0.029431171715259552
1.2885140180587769,2.3622756004333496,0.21475233137607574,0.029431171715259552
1.2885140180587769,2.469651699066162,0.3221285045146942,0.029431171715259552
1.2885140180587769,2.63071608543396,0.37581658363342285,0.029431171715259552
1.2885140180587769,2.684404134750366,-0.10737616568803787,0.029431171715259552
1.2885140180587769,2.7917802333831787,-0.10737616568803787,0.029431171715259552
1.2885140180587769,3.060220718383789,-0.053688082844018936,0.029431171715259552
1.2885140180587769,3.221284866333008,0.0,0.029431171715259552
1.2885140180587769,3.221284866333008,0.4295046627521515,0.029431171715259552
1.2885140180587769,3.3823492527008057,-0.053688082844018936,0.029431171715259552
1.2885140180587769,3.436037302017212,0.0,0.029431171715259552
1.2885140180587769,3.7044777870178223,0.3221285045146942,0.029431171715259552
1.342202067375183,-0.805321216583252,-0.7516331672668457,0.029431171715259552
1.342202067375183,-0.7516331672668457,-0.805321216583252,0.029431171715259552
1.342202067375183,-0.7516331672668457,-0.6979450583457947,0.029431171715259552
1.342202067375183,-0.5905689001083374,-0.859009325504303,0.029431171715259552
1.342202067375183,-0.5368808507919312,-1.0737617015838623,0.029431171715259552
1.342202067375183,-0.2684404253959656,-0.805321216583252,0.029431171715259552
1.342202067375183,-0.21475233137607574,-0.859009325504303,0.029431171715259552
1.342202067375183,0.0,-1.342202067375183,0.029431171715259552
1.342202067375183,0.10737616568803787,-1.342202067375183,0.029431171715259552
1.342202067375183,0.10737616568803787,-0.859009325504303,0.029431171715259552
1.342202067375183,0.5905689001083374,-0.7516331672668457,0.029431171715259552
1.342202067375183,1.0200735330581665,-1.1811378002166748,0.029431171715259552
1.342202067375183,1.1274497509002686,-0.4295046627521515,0.029431171715259552
1.342202067375183,1.1811378002166748,-0.6979450583457947,0.029431171715259552
1.342202067375183,1.1811378002166748,-0.5905689001083374,0.029431171715259552
1.342202067375183,2.3622756004333496,0.1610642522573471,0.029431171715259552
1.342202067375183,2.5770280361175537,0.3221285045146942,0.029431171715259552
1.342202067375183,3.006532669067383,0.0,0.029431171715259552
1.342202067375183,3.1139087677001953,0.0,0.029431171715259552
1.342202067375183,3.221284866333008,0.37581658363342285,0.029431171715259552
1.3958901166915894,-0.7516331672668457,-0.5905689001083374,0.029431171715259552
1.3958901166915894,-0.6442570090293884,-0.5905689001083374,0.029431171715259552
1.3958901166915894,-0.5905689001083374,-1.1274497509002686,0.029431171715259552
1.3958901166915894,-0.5368808507919312,-1.1811378002166748,0.029431171715259552
1.3958901166915894,-0.37581658363342285,-0.5905689001083374,0.029431171715259552
1.3958901166915894,-0.2684404253959656,-0.6979450583457947,0.029431171715259552
1.3958901166915894,-0.21475233137607574,-0.7516331672668457,0.029431171715259552
1.3958901166915894,-0.1610642522573471,-0.805321216583252,0.029431171715259552
1.3958901166915894,-0.053688082844018936,-1.342202067375183,0.029431171715259552
1.3958901166915894,0.053688082844018936,-1.3958901166915894,0.029431171715259552
1.3958901166915894,0.1610642522573471,-1.3958901166915894,0.029431171715259552
1.3958901166915894,0.4831927418708801,-0.805321216583252,0.029431171715259552
1.3958901166915894,0.6979450583457947,-0.4831927418708801,0.029431171715259552
1.3958901166915894,0.7516331672668457,-0.37581658363342285,0.029431171715259552
1.3958901166915894,0.805321216583252,-0.3221285045146942,0.029431171715259552
1.3958901166915894,0.9663854837417603,-1.2885140180587769,0.029431171715259552
1.3958901166915894,1.0737617015838623,-0.5905689001083374,0.029431171715259552
1.3958901166915894,2.415963649749756,0.1610642522573471,0.029431171715259552
1.3958901166915894,2.469651699066162,0.0,0.029431171715259552
1.3958901166915894,2.469651699066162,0.21475233137607574,0.029431171715259552
1.3958901166915894,2.5233399868011475,0.2684404253959656,0.029431171715259552
1.3958901166915894,2.63071608543396,0.2684404253959656,0.029431171715259552
1.3958901166915894,2.7380921840667725,-0.053688082844018936,0.029431171715259552
1.3958901166915894,2.8991565704345703,0.053688082844018936,0.029431171715259552
1.3958901166915894,2.9528446197509766,0.3221285045146942,0.029431171715259552
1.3958901166915894,3.1139087677001953,0.3221285045146942,0.029431171715259552
1.3958901166915894,3.1675968170166016,0.1610642522573471,0.029431171715259552
1.3958901166915894,3.221284866333008,0.3221285045146942,0.029431171715259552
1.3958901166915894,3.650789737701416,0.0,0.029431171715259552
1.4495782852172852,-0.9663854837417603,-0.859009325504303,0.029431171715259552
1.4495782852172852,-0.5905689001083374,-0.4295046627521515,0.029431171715259552
1.4495782852172852,-0.4831927418708801,-1.234825849533081,0.029431171715259552
1.4495782852172852,0.0,-1.3958901166915894,0.029431171715259552
1.4495782852172852,0.1610642522573471,-0.805321216583252,0.029431171715259552
1.4495782852172852,0.6979450583457947,-0.5905689001083374,0.029431171715259552
1.4495782852172852,1.0200735330581665,-1.1811378002166748,0.029431171715259552
1.4495782852172852,2.415963649749756,0.10737616568803787,0.029431171715259552
1.4495782852172852,2.469651699066162,0.1610642522573471,0.029431171715259552
1.4495782852172852,2.5233399868011475,0.0,0.029431171715259552
1.4495782852172852,2.5233399868011475,0.21475233137607574,0.029431171715259552
1.4495782852172852,2.7917802333831787,0.2684404253959656,0.029431171715259552
1.4495782852172852,2.845468282699585,0.053688082844018936,0.029431171715259552
1.4495782852172852,3.1139087677001953,0.10737616568803787,0.029431171715259552
1.5032663345336914,-1.0200735330581665,-0.805321216583252,0.029431171715259552
1.5032663345336914,-0.805321216583252,-0.5368808507919312,0.029431171715259552
1.5032663345336914,-0.7516331672668457,-1.1811378002166748,0.029431171715259552
1.5032663345336914,-0.6442570090293884,-0.4295046627521515,0.029431171715259552
1.5032663345336914,-0.5905689001083374,-1.234825849533081,0.029431171715259552
1.5032663345336914,-0.5368808507919312,-0.37581658363342285,0.029431171715259552
1.5032663345336914,-0.2684404253959656,-0.5905689001083374,0.029431171715259552
1.5032663345336914,0.4295046627521515,-0.859009325504303,0.029431171715259552
1.5032663345336914,0.5368808507919312,-1.4495782852172852,0.029431171715259552
1.5032663345336914,0.6979450583457947,-1.4495782852172852,0.029431171715259552
1.5032663345336914,0.859009325504303,-1.3958901166915894,0.029431171715259552
1.5032663345336914,0.912697434425354,-1.342202067375183,0.029431171715259552
1.5032663345336914,2.7917802333831787,0.21475233137607574,0.029431171715259552
1.5569543838500977,-0.9663854837417603,-1.0737617015838623,0.029431171715259552
1.5569543838500977,-0.4831927418708801,-0.37581658363342285,0.029431171715259552
1.5569543838500977,-0.3221285045146942,-1.2885140180587769,0.029431171715259552
1.5569543838500977,-0.1610642522573471,-0.6979450583457947,0.029431171715259552
1.5569543838500977,0.4831927418708801,-0.859009325504303,0.029431171715259552
1.5569543838500977,0.6442570090293884,-0.805321216583252,0.029431171715259552
1.5569543838500977,0.805321216583252,-1.3958901166915894,0.029431171715259552
1.5569543838500977,0.859009325504303,-1.342202067375183,0.029431171715259552
1.5569543838500977,0.912697434425354,-1.2885140180587769,0.029431171715259552
1.5569543838500977,0.912697434425354,-0.9663854837417603,0.029431171715259552
1.5569543838500977,0.9663854837417603,-1.1274497509002686,0.029431171715259552
1.5569543838500977,2.5770280361175537,0.1610642522573471,0.029431171715259552
1.610642433166504,-0.805321216583252,-0.5368808507919312,0.029431171715259552
1.610642433166504,-0.6442570090293884,-0.4295046627521515,0.029431171715259552
1.610642433166504,-0.5368808507919312,-0.4295046627521515,0.029431171715259552
1.610642433166504,-0.2684404253959656,-1.2885140180587769,0.029431171715259552
1.610642433166504,-0.21475233137607574,-0.6442570090293884,0.029431171715259552
1.610642433166504,-0.053688082844018936,-0.805321216583252,0.029431171715259552
1.610642433166504,0.053688082844018936,-0.805321216583252,0.029431171715259552
1.610642433166504,0.2684404253959656,-0.912697434425354,0.029431171715259552
1.610642433166504,0.4295046627521515,-0.9663854837417603,0.029431171715259552
1.610642433166504,0.5368808507919312,-1.3958901166915894,0.029431171715259552
1.610642433166504,0.6442570090293884,-1.3958901166915894,0.029431171715259552
1.610642433166504,0.7516331672668457,-1.3958901166915894,0.029431171715259552
1.610642433166504,0.805321216583252,-1.342202067375183,0.029431171715259552
1.610642433166504,0.859009325504303,-1.2885140180587769,0.029431171715259552
1.610642433166504,2.7917802333831787,0.10737616568803787,0.029431171715259552
1.610642433166504,2.8991565704345703,0.1610642522573471,0.029431171715259552
1.610642433166504,3.060220718383789,0.1610642522573471,0.029431171715259552
1.6643306016921997,-0.9663854837417603,-1.0737617015838623,0.029431171715259552
1.6643306016921997,-0.859009325504303,-0.5368808507919312,0.029431171715259552
1.6643306016921997,-0.6979450583457947,-1.234825849533081,0.029431171715259552
1.6643306016921997,-0.4295046627521515,-0.5905689001083374,0.029431171715259552
1.6643306016921997,0.0,-1.3958901166915894,0.029431171715259552
1.6643306016921997,0.37581658363342285,-1.342202067375183,0.029431171715259552
1.6643306016921997,0.5368808507919312,-1.2885140180587769,0.029431171715259552
1.6643306016921997,0.6442570090293884,-1.342202067375183,0.029431171715259552
1.718018651008606,-0.9663854837417603,-0.805321216583252,0.029431171715259552
1.718018651008606,-0.912697434425354,-1.0737617015838623,0.029431171715259552
1.718018651008606,-0.912697434425354,-0.6442570090293884,0.029431171715259552
1.718018651008606,-0.859009325504303,-0.5905689001083374,0.029431171715259552
1.718018651008606,-0.5368808507919312,-1.234825849533081,0.029431171715259552
1.718018651008606,-0.4295046627521515,-0.6442570090293884,0.029431171715259552
1.718018651008606,-0.21475233137607574,-1.234825849533081,0.029431171715259552
1.718018651008606,-0.053688082844018936,-1.342202067375183,0.029431171715259552
1.718018651008606,0.1610642522573471,-0.859009325504303,0.029431171715259552
1.718018651008606,0.2684404253959656,-0.9663854837417603,0.029431171715259552
1.718018651008606,0.3221285045146942,-1.1811378002166748,0.029431171715259552
1.7717067003250122,-0.912697434425354,-0.912697434425354,0.029431171715259552
1.7717067003250122,-0.912697434425354,-0.7516331672668457,0.029431171715259552
1.7717067003250122,-0.859009325504303,-1.0200735330581665,0.029431171715259552
1.7717067003250122,-0.2684404253959656,-0.6979450583457947,0.029431171715259552
1.7717067003250122,-0.053688082844018936,-1.1274497509002686,0.029431171715259552
1.7717067003250122,0.0,-1.2885140180587769,0.029431171715259552
1.7717067003250122,0.2684404253959656,-1.234825849533081,0.029431171715259552
1.7717067003250122,0.2684404253959656,-1.1274497509002686,0.029431171715259552
1.7717067003250122,2.684404134750366,0.053688082844018936,0.029431171715259552
1.825394868850708,-0.859009325504303,-0.912697434425354,0.029431171715259552
1.825394868850708,-0.805321216583252,-1.0200735330581665,0.029431171715259552
1.825394868850708,-0.805321216583252,-0.5368808507919312,0.029431171715259552
1.825394868850708,-0.5905689001083374,-1.1274497509002686,0.029431171715259552
1.825394868850708,-0.5905689001083374,-0.5905689001083374,0.029431171715259552
1.825394868850708,-0.5368808507919312,-1.1811378002166748,0.029431171715259552
1.825394868850708,-0.5368808507919312,-0.6442570090293884,0.029431171715259552
1.825394868850708,-0.37581658363342285,-0.6979450583457947,0.029431171715259552
1.825394868850708,-0.10737616568803787,-0.9663854837417603,0.029431171715259552
1.825394868850708,0.053688082844018936,-1.0200735330581665,0.029431171715259552
1.825394868850708,0.10737616568803787,-1.1811378002166748,0.029431171715259552
1.8790829181671143,-0.805321216583252,-0.912697434425354,0.029431171715259552
1.8790829181671143,-0.805321216583252,-0.805321216583252,0.029431171715259552
1.8790829181671143,-0.7516331672668457,-0.5368808507919312,0.029431171715259552
1.8790829181671143,-0.6979450583457947,-1.0737617015838623,0.029431171715259552
1.8790829181671143,-0.5905689001083374,-1.0737617015838623,0.029431171715259552
1.8790829181671143,-0.3221285045146942,-0.7516331672668457,0.029431171715259552
1.8790829181671143,-0.2684404253959656,-0.805321216583252,0.029431171715259552
1.8790829181671143,-0.21475233137607574,-0.859009325504303,0.029431171715259552
1.9327709674835205,-0.7516331672668457,-0.912697434425354,0.029431171715259552
1.9327709674835205,-0.7516331672668457,-0.6442570090293884,0.029431171715259552
1.9327709674835205,-0.6442570090293884,-0.5905689001083374,0.029431171715259552
1.9327709674835205,-0.5368808507919312,-1.0200735330581665,0.029431171715259552
1.9327709674835205,-0.4831927418708801,-0.6979450583457947,0.029431171715259552
1.9327709674835205,-0.4295046627521515,-1.0200735330581665,0.029431171715259552
1.9327709674835205,-0.3221285045146942,-0.912697434425354,0.029431171715259552
1.9327709674835205,-0.3221285045146942,-0.805321216583252,0.029431171715259552
1.9864590167999268,-0.4295046627521515,-0.859009325504303,0.029431171715259552
2.040147066116333,-0.6442570090293884,-0.805321216583252,0.029431171715259552
-1.718018651008606,0.912697434425354,0.4295046627521515,0.029431164264678955
-1.2885140180587769,0.805321216583252,0.7516331672668457,0.029431164264678955
-0.9663854837417603,0.859009325504303,1.0737617015838623,0.029431164264678955
-0.912697434425354,-1.4495782852172852,0.21475233137607574,0.029431164264678955
-0.859009325504303,-1.1811378002166748,-0.10737616568803787,0.029431164264678955
-0.859009325504303,-0.805321216583252,0.5368808507919312,0.029431164264678955
-0.859009325504303,-0.4831927418708801,0.21475233137607574,0.029431164264678955
-0.805321216583252,2.0938353538513184,-0.10737616568803787,0.029431164264678955
-0.7516331672668457,-1.342202067375183,0.6979450583457947,0.029431164264678955
-0.7516331672668457,-0.5905689001083374,-0.2684404253959656,0.029431164264678955
-0.7516331672668457,2.1475234031677246,0.6979450583457947,0.029431164264678955
-0.6979450583457947,2.254899501800537,0.859009325504303,0.029431164264678955
-0.5905689001083374,3.489725351333618,0.5905689001083374,0.029431164264678955
-0.4831927418708801,3.5434134006500244,0.6442570090293884,0.029431164264678955
-0.3221285045146942,-3.274973154067993,-0.4831927418708801,0.029431164264678955
-0.2684404253959656,-2.254899501800537,-0.805321216583252,0.029431164264678955
-0.1610642522573471,-2.5770280361175537,-0.4295046627521515,0.029431164264678955
-0.10737616568803787,-1.9864590167999268,-0.805321216583252,0.029431164264678955
0.053688082844018936,0.3221285045146942,-0.7516331672668457,0.029431164264678955
0.1610642522573471,0.37581658363342285,-0.7516331672668457,0.029431164264678955
0.3221285045146942,-0.2684404253959656,-0.5905689001083374,0.029431164264678955
0.4295046627521515,-2.3622756004333496,-0.4831927418708801,0.029431164264678955
0.4831927418708801,-3.060220718383789,-0.5368808507919312,0.029431164264678955
0.5368808507919312,-3.1675968170166016,-0.4831927418708801,0.029431164264678955
0.5368808507919312,0.37581658363342285,-0.7516331672668457,0.029431164264678955
0.5368808507919312,0.805321216583252,1.1274497509002686,0.029431164264678955
0.5368808507919312,3.1139087677001953,-0.4831927418708801,0.029431164264678955
0.5905689001083374,-3.1675968170166016,-0.859009325504303,0.029431164264678955
0.5905689001083374,-1.1274497509002686,0.1610642522573471,0.029431164264678955
0.5905689001083374,2.254899501800537,0.859009325504303,0.029431164264678955
0.5905689001083374,2.63071608543396,-0.5905689001083374,0.029431164264678955
0.5905689001083374,3.1675968170166016,-0.4831927418708801,0.029431164264678955
0.6979450583457947,-0.2684404253959656,0.2684404253959656,0.029431164264678955
0.6979450583457947,0.10737616568803787,-0.4295046627521515,0.029431164264678955
0.7516331672668457,-1.9327709674835205,-0.2684404253959656,0.029431164264678955
0.7516331672668457,-1.5569543838500977,0.21475233137607574,0.029431164264678955
0.7516331672668457,2.9528446197509766,1.0737617015838623,0.029431164264678955
0.805321216583252,0.805321216583252,-0.9663854837417603,0.029431164264678955
0.859009325504303,0.6979450583457947,-0.912697434425354,0.029431164264678955
1.4495782852172852,-0.5905689001083374,-1.1811378002166748,0.029431164264678955
-1.9327709674835205,-0.3221285045146942,0.21475233137607574,0.029431156814098358
-0.805321216583252,-0.21475233137607574,-0.3221285045146942,0.029431156814098358
-0.6979450583457947,-0.21475233137607574,0.6979450583457947,0.029431156814098358
-0.6442570090293884,-0.21475233137607574,0.805321216583252,0.029431156814098358
-0.4295046627521515,-3.221284866333008,0.37581658363342285,0.029431156814098358
-0.3221285045146942,-3.221284866333008,0.37581658363342285,0.029431156814098358
-0.3221285045146942,1.610642433166504,0.859009325504303,0.029431156814098358
-0.2684404253959656,-3.060220718383789,-0.4831927418708801,0.029431156814098358
-0.21475233137607574,-3.060220718383789,1.5569543838500977,0.029431156814098358
-0.1610642522573471,-3.3286612033843994,1.8790829181671143,0.029431156814098358
0.21475233137607574,-0.7516331672668457,0.6442570090293884,0.029431156814098358
0.21475233137607574,2.5770280361175537,1.1811378002166748,0.029431156814098358
0.2684404253959656,0.4295046627521515,-0.7516331672668457,0.029431156814098358
0.2684404253959656,0.912697434425354,1.1811378002166748,0.029431156814098358
0.3221285045146942,-1.718018651008606,0.2684404253959656,0.029431156814098358
0.6979450583457947,-1.9327709674835205,-0.21475233137607574,0.029431156814098358
0.6979450583457947,-1.4495782852172852,0.2684404253959656,0.029431156814098358
1.234825849533081,0.7516331672668457,-0.3221285045146942,0.029431156814098358
1.234825849533081,2.3622756004333496,0.2684404253959656,0.029431156814098358
1.2885140180587769,0.21475233137607574,-1.1811378002166748,0.029431156814098358
1.3958901166915894,-0.21475233137607574,-1.1811378002166748,0.029431156814098358
1.4495782852172852,3.1675968170166016,0.21475233137607574,0.029431156814098358
1.5032663345336914,3.1139087677001953,0.21475233137607574,0.029431156814098358
-1.718018651008606,1.0200735330581665,-0.4295046627521515,0.02943114936351776
-1.0200735330581665,-1.0737617015838623,0.10737616568803787,0.02943114936351776
-0.912697434425354,-1.4495782852172852,0.3221285045146942,0.02943114936351776
-0.912697434425354,1.9327709674835205,0.0,0.02943114936351776
-0.859009325504303,2.0938353538513184,-0.053688082844018936,0.02943114936351776
-0.805321216583252,0.1610642522573471,0.9663854837417603,0.02943114936351776
-0.6442570090293884,0.053688082844018936,-0.4831927418708801,0.02943114936351776
-0.5368808507919312,-0.1610642522573471,-0.4295046627521515,0.02943114936351776
-0.1610642522573471,-1.3958901166915894,0.9663854837417603,0.02943114936351776
-0.10737616568803787,-3.1139087677001953,-1.2885140180587769,0.02943114936351776
-0.10737616568803787,-1.8790829181671143,-0.5368808507919312,0.02943114936351776
-0.10737616568803787,2.201211452484131,1.5569543838500977,0.02943114936351776
-0.10737616568803787,2.3085875511169434,1.5569543838500977,0.02943114936351776
-0.053688082844018936,-2.63071608543396,-1.1274497509002686,0.02943114936351776
0.0,-3.1139087677001953,-1.2885140180587769,0.02943114936351776
0.0,-1.8790829181671143,-0.5368808507919312,0.02943114936351776
0.0,-1.5569543838500977,0.5905689001083374,0.02943114936351776
0.0,-1.4495782852172852,0.5905689001083374,0.02943114936351776
0.053688082844018936,-2.684404134750366,-1.0737617015838623,0.02943114936351776
0.053688082844018936,-1.5032663345336914,0.1610642522573471,0.02943114936351776
0.10737616568803787,-3.1675968170166016,-1.234825849533081,0.02943114936351776
0.10737616568803787,-1.610642433166504,0.10737616568803787,0.02943114936351776
0.10737616568803787,1.4495782852172852,-0.805321216583252,0.02943114936351776
0.1610642522573471,-2.469651699066162,-0.912697434425354,0.02943114936351776
0.37581658363342285,-3.274973154067993,-0.10737616568803787,0.02943114936351776
0.4295046627521515,-0.4831927418708801,-0.4831927418708801,0.02943114936351776
0.6979450583457947,-1.9864590167999268,-0.053688082844018936,0.02943114936351776
0.6979450583457947,-1.0737617015838623,0.10737616568803787,0.02943114936351776
0.805321216583252,-0.10737616568803787,0.4831927418708801,0.02943114936351776
0.859009325504303,1.1274497509002686,0.0,0.02943114936351776
1.0737617015838623,1.234825849533081,0.0,0.02943114936351776
1.0737617015838623,2.3622756004333496,-0.1610642522573471,0.02943114936351776
1.4495782852172852,-0.805321216583252,-0.9663854837417603,0.02943114936351776
1.5032663345336914,2.845468282699585,0.10737616568803787,0.02943114936351776
1.5569543838500977,0.912697434425354,-0.859009325504303,0.02943114936351776
1.825394868850708,0.053688082844018936,-1.1274497509002686,0.02943114936351776
1.825394868850708,0.1610642522573471,-1.1274497509002686,0.02943114936351776
-1.6643306016921997,0.6979450583457947,0.3221285045146942,0.029431141912937164
-1.2885140180587769,2.5770280361175537,0.4295046627521515,0.029431141912937164
-1.234825849533081,2.201211452484131,0.1610642522573471,0.029431141912937164
-1.1274497509002686,2.5770280361175537,-0.21475233137607574,0.029431141912937164
-1.0200735330581665,1.0200735330581665,-0.2684404253959656,0.029431141912937164
-0.7516331672668457,2.0938353538513184,-0.2684404253959656,0.029431141912937164
-0.6979450583457947,2.1475234031677246,-0.37581658363342285,0.029431141912937164
-0.6442570090293884,1.9864590167999268,-0.21475233137607574,0.029431141912937164
-0.6442570090293884,2.0938353538513184,-0.37581658363342285,0.029431141912937164
-0.5368808507919312,1.3958901166915894,-0.4831927418708801,0.029431141912937164
-0.4831927418708801,-0.37581658363342285,0.7516331672668457,0.029431141912937164
-0.37581658363342285,1.0737617015838623,-0.5368808507919312,0.029431141912937164
-0.2684404253959656,1.718018651008606,0.6442570090293884,0.029431141912937164
-0.21475233137607574,-3.436037302017212,1.7717067003250122,0.029431141912937164
-0.21475233137607574,-2.5233399868011475,-0.4295046627521515,0.029431141912937164
-0.21475233137607574,2.254899501800537,1.5032663345336914,0.029431141912937164
-0.21475233137607574,2.3085875511169434,1.4495782852172852,0.029431141912937164
-0.1610642522573471,1.6643306016921997,-0.6442570090293884,0.029431141912937164
0.10737616568803787,-1.5032663345336914,0.21475233137607574,0.029431141912937164
0.1610642522573471,1.0200735330581665,1.1811378002166748,0.029431141912937164
0.21475233137607574,1.5569543838500977,0.7516331672668457,0.029431141912937164
0.2684404253959656,1.0200735330581665,1.1274497509002686,0.029431141912937164
0.3221285045146942,-3.274973154067993,-0.053688082844018936,0.029431141912937164
0.3221285045146942,2.684404134750366,1.1811378002166748,0.029431141912937164
0.3221285045146942,2.845468282699585,-0.7516331672668457,0.029431141912937164
0.37581658363342285,-2.415963649749756,-0.6442570090293884,0.029431141912937164
0.37581658363342285,-2.254899501800537,-0.5368808507919312,0.029431141912937164
0.37581658363342285,0.912697434425354,1.1274497509002686,0.029431141912937164
0.37581658363342285,1.9327709674835205,1.1811378002166748,0.029431141912937164
0.37581658363342285,2.1475234031677246,1.1811378002166748,0.029431141912937164
0.37581658363342285,2.201211452484131,1.1274497509002686,0.029431141912937164
0.37581658363342285,3.3286612033843994,-0.4295046627521515,0.029431141912937164
0.37581658363342285,3.436037302017212,0.805321216583252,0.029431141912937164
0.4295046627521515,0.4295046627521515,-0.805321216583252,0.029431141912937164
0.4831927418708801,-0.805321216583252,-0.6979450583457947,0.029431141912937164
0.4831927418708801,-0.6979450583457947,-0.6442570090293884,0.029431141912937164
0.4831927418708801,0.4831927418708801,-0.805321216583252,0.029431141912937164
0.4831927418708801,3.060220718383789,1.0200735330581665,0.029431141912937164
0.4831927418708801,3.1139087677001953,0.9663854837417603,0.029431141912937164
0.5905689001083374,-2.1475234031677246,-0.21475233137607574,0.029431141912937164
0.6442570090293884,-0.6979450583457947,-0.4831927418708801,0.029431141912937164
0.6442570090293884,1.7717067003250122,-0.21475233137607574,0.029431141912937164
0.6979450583457947,1.718018651008606,-0.21475233137607574,0.029431141912937164
0.912697434425354,2.684404134750366,-0.37581658363342285,0.029431141912937164
1.1274497509002686,0.5905689001083374,-0.4295046627521515,0.029431141912937164
1.234825849533081,3.650789737701416,0.37581658363342285,0.029431141912937164
1.2885140180587769,1.1811378002166748,-0.37581658363342285,0.029431141912937164
1.5569543838500977,-0.21475233137607574,-1.2885140180587769,0.029431141912937164
-1.5032663345336914,0.5905689001083374,-0.1610642522573471,0.029431134462356567
-0.4831927418708801,1.2885140180587769,-0.2684404253959656,0.029431134462356567
-0.21475233137607574,-3.274973154067993,1.8790829181671143,0.029431134462356567
-0.1610642522573471,-2.5770280361175537,0.5905689001083374,0.029431134462356567
0.10737616568803787,-1.1811378002166748,-0.6442570090293884,0.029431134462356567
0.9663854837417603,1.1811378002166748,-0.053688082844018936,0.029431134462356567
1.1274497509002686,0.7516331672668457,-0.10737616568803787,0.029431134462356567
-0.21475233137607574,-1.0737617015838623,-0.4295046627521515,0.02943112701177597
-0.1610642522573471,-1.1811378002166748,-0.4831927418708801,0.02943112701177597
-0.1610642522573471,-1.0737617015838623,-0.4831927418708801,0.02943112701177597
0.1610642522573471,-1.342202067375183,-0.4831927418708801,0.02943112701177597
0.5368808507919312,3.5434134006500244,0.1610642522573471,0.02943112701177597
0.5905689001083374,3.5971014499664307,0.1610642522573471,0.02943112701177597
1.1274497509002686,0.7516331672668457,-0.21475233137607574,0.02943112701177597
-1.342202067375183,2.5770280361175537,0.37581658363342285,0.029431119561195374
-1.234825849533081,2.63071608543396,-0.1610642522573471,0.029431119561195374
-1.1811378002166748,2.415963649749756,0.3221285045146942,0.029431119561195374
-1.1811378002166748,3.5434134006500244,-0.10737616568803787,0.029431119561195374
-0.9663854837417603,1.1811378002166748,0.859009325504303,0.029431119561195374
-0.7516331672668457,-1.718018651008606,0.3221285045146942,0.029431119561195374
-0.6979450583457947,-1.3958901166915894,0.6979450583457947,0.029431119561195374
-0.5905689001083374,-1.6643306016921997,0.3221285045146942,0.029431119561195374
-0.5905689001083374,3.436037302017212,0.6442570090293884,0.029431119561195374
-0.5368808507919312,-2.5770280361175537,0.7516331672668457,0.029431119561195374
-0.5368808507919312,3.436037302017212,0.6979450583457947,0.029431119561195374
-0.2684404253959656,-2.5233399868011475,-1.1274497509002686,0.029431119561195374
-0.1610642522573471,2.254899501800537,1.5569543838500977,0.029431119561195374
-0.053688082844018936,-3.1139087677001953,1.6643306016921997,0.029431119561195374
0.0,-2.684404134750366,-1.1274497509002686,0.029431119561195374
0.21475233137607574,2.684404134750366,1.1811378002166748,0.029431119561195374
0.21475233137607574,2.7917802333831787,1.1811378002166748,0.029431119561195374
0.2684404253959656,1.342202067375183,0.7516331672668457,0.029431119561195374
0.3221285045146942,1.0200735330581665,1.0737617015838623,0.029431119561195374
0.4295046627521515,3.1675968170166016,0.9663854837417603,0.029431119561195374
0.4295046627521515,3.436037302017212,0.7516331672668457,0.029431119561195374
0.4831927418708801,2.201211452484131,0.912697434425354,0.029431119561195374
0.5368808507919312,-3.1139087677001953,-0.9663854837417603,0.029431119561195374
0.5368808507919312,2.254899501800537,0.912697434425354,0.029431119561195374
0.5905689001083374,-3.1675968170166016,-0.9663854837417603,0.029431119561195374
0.5905689001083374,3.221284866333008,-0.5368808507919312,0.029431119561195374
0.6979450583457947,-1.1274497509002686,0.1610642522573471,0.029431119561195374
0.6979450583457947,2.684404134750366,-0.5368808507919312,0.029431119561195374
0.7516331672668457,0.805321216583252,0.859009325504303,0.029431119561195374
0.859009325504303,0.805321216583252,-1.0200735330581665,0.029431119561195374
0.912697434425354,2.0938353538513184,0.37581658363342285,0.029431119561195374
0.9663854837417603,2.684404134750366,-0.3221285045146942,0.029431119561195374
1.0200735330581665,2.201211452484131,0.37581658363342285,0.029431119561195374
1.1274497509002686,2.3085875511169434,0.37581658363342285,0.029431119561195374
1.1811378002166748,1.1811378002166748,-0.053688082844018936,0.029431119561195374
1.1811378002166748,2.254899501800537,0.21475233137607574,0.029431119561195374
1.1811378002166748,2.415963649749756,-0.10737616568803787,0.029431119561195374
1.2885140180587769,-0.2684404253959656,-1.1274497509002686,0.029431119561195374
1.2885140180587769,3.5434134006500244,0.0,0.029431119561195374
1.5032663345336914,-0.6442570090293884,-1.1811378002166748,0.029431119561195374
1.5032663345336914,-0.21475233137607574,-0.6442570090293884,0.029431119561195374
1.5032663345336914,3.060220718383789,0.2684404253959656,0.029431119561195374
-0.3221285045146942,-0.5368808507919312,-0.10737616568803787,0.029431112110614777
-0.3221285045146942,1.610642433166504,0.7516331672668457,0.029431112110614777
-0.2684404253959656,-0.5368808507919312,-0.053688082844018936,0.029431112110614777
1.3958901166915894,0.10737616568803787,-0.9663854837417603,0.029431112110614777
-2.0938353538513184,-0.5905689001083374,0.10737616568803787,0.02943110466003418
-0.1610642522573471,1.718018651008606,-0.5905689001083374,0.02943110466003418
-0.10737616568803787,-1.825394868850708,1.0737617015838623,0.02943110466003418
-0.053688082844018936,1.718018651008606,-0.5905689001083374,0.02943110466003418
0.0,-1.4495782852172852,0.6979450583457947,0.02943110466003418
1.5032663345336914,0.9663854837417603,-0.7516331672668457,0.02943110466003418
-1.234825849533081,2.684404134750366,0.4831927418708801,0.029431097209453583
-1.1811378002166748,2.7380921840667725,0.37581658363342285,0.029431097209453583
-0.4831927418708801,-2.63071608543396,-1.1274497509002686,0.029431097209453583
-0.37581658363342285,-3.006532669067383,1.4495782852172852,0.029431097209453583
-0.37581658363342285,-2.63071608543396,-1.1274497509002686,0.029431097209453583
-0.2684404253959656,-3.060220718383789,1.5032663345336914,0.029431097209453583
-1.234825849533081,3.5434134006500244,-0.1610642522573471,0.029431089758872986
-0.5905689001083374,0.805321216583252,1.234825849533081,0.029431089758872986
0.5368808507919312,-0.9663854837417603,0.21475233137607574,0.029431089758872986
1.7717067003250122,-0.5905689001083374,-0.6442570090293884,0.029431089758872986
1.7717067003250122,-0.5368808507919312,-0.6979450583457947,0.029431089758872986
-0.6979450583457947,-1.3958901166915894,0.805321216583252,0.029431074857711792
-0.6979450583457947,-1.2885140180587769,0.805321216583252,0.029431074857711792
-0.6442570090293884,-3.1675968170166016,1.610642433166504,0.029431074857711792
-0.5905689001083374,-3.3286612033843994,0.7516331672668457,0.029431074857711792
-0.4295046627521515,-2.684404134750366,-1.1274497509002686,0.029431074857711792
0.053688082844018936,-2.8991565704345703,-0.5368808507919312,0.029431074857711792
0.7516331672668457,0.7516331672668457,0.912697434425354,0.029431074857711792
0.805321216583252,0.7516331672668457,0.9663854837417603,0.029431074857711792
-0.912697434425354,-1.342202067375183,0.3221285045146942,0.029431067407131195
0.912697434425354,2.8991565704345703,0.37581658363342285,0.029431067407131195
1.2885140180587769,-0.10737616568803787,-1.234825849533081,0.029431067407131195
1.2885140180587769,-0.21475233137607574,-1.234825849533081,0.029431059956550598
-2.1475234031677246,-0.37581658363342285,0.10737616568803787,0.02943105250597
0.4831927418708801,3.3286612033843994,0.912697434425354,0.029431037604808807
1.1811378002166748,3.650789737701416,0.21475233137607574,0.029431037604808807
-1.1811378002166748,3.1139087677001953,-0.053688082844018936,0.02943103015422821
-1.1274497509002686,3.060220718383789,-0.053688082844018936,0.02943103015422821
0.21475233137607574,3.221284866333008,-0.5905689001083374,0.02943103015422821
1.1811378002166748,3.7044777870178223,0.1610642522573471,0.029431015253067017
0.37581658363342285,-3.3286612033843994,-1.1274497509002686,0.02943100780248642
0.4831927418708801,-3.274973154067993,-1.0737617015838623,0.02943100780248642
0.805321216583252,2.469651699066162,-0.3221285045146942,0.02943100780248642
-0.1610642522573471,-2.7380921840667725,1.0737617015838623,0.029431000351905823
0.10737616568803787,3.221284866333008,-0.6979450583457947,0.029430992901325226
-1.0200735330581665,2.469651699066162,0.6979450583457947,0.02943098545074463
-0.6979450583457947,-3.221284866333008,1.718018651008606,0.02943098545074463
0.805321216583252,2.415963649749756,-0.37581658363342285,0.02943098545074463
1.0200735330581665,0.9663854837417603,-1.0200735330581665,0.029353350400924683
1.0200735330581665,1.0737617015838623,-1.1274497509002686,0.029353350400924683
1.0200735330581665,0.9663854837417603,-1.1274497509002686,0.0293533056974411
1.0737617015838623,0.912697434425354,-1.0200735330581665,0.029353246092796326
1.0737617015838623,0.3221285045146942,0.0,0.029335789382457733
1.0200735330581665,0.21475233137607574,0.053688082844018936,0.02933575212955475
1.0200735330581665,0.2684404253959656,0.21475233137607574,0.02933574467897415
0.4295046627521515,-0.5905689001083374,0.6442570090293884,0.029301717877388
-0.4295046627521515,1.718018651008606,0.1610642522573471,0.02925117313861847
-0.37581658363342285,1.718018651008606,0.3221285045146942,0.02925117313861847
-0.37581658363342285,1.5032663345336914,0.10737616568803787,0.0292510986328125
-0.37581658363342285,1.5032663345336914,0.3221285045146942,0.0292510986328125
0.912697434425354,2.469651699066162,0.6979450583457947,0.029245048761367798
0.9663854837417603,2.469651699066162,0.6442570090293884,0.029245048761367798
0.912697434425354,2.5233399868011475,0.7516331672668457,0.029244884848594666
0.859009325504303,2.684404134750366,0.6442570090293884,0.029244862496852875
1.0200735330581665,2.63071608543396,0.6442570090293884,0.029244832694530487
-0.21475233137607574,1.234825849533081,-0.5905689001083374,0.029232636094093323
-0.1610642522573471,1.3958901166915894,-0.5905689001083374,0.02923254668712616
0.37581658363342285,1.718018651008606,-0.1610642522573471,0.02922847867012024
0.6442570090293884,1.7717067003250122,0.2684404253959656,0.02922847867012024
0.6979450583457947,1.825394868850708,0.1610642522573471,0.02922847867012024
0.3221285045146942,1.7717067003250122,-0.053688082844018936,0.02922844886779785
0.37581658363342285,1.5032663345336914,0.2684404253959656,0.02922844886779785
0.7516331672668457,1.718018651008606,-0.10737616568803787,0.02922844886779785
0.7516331672668457,1.7717067003250122,-0.053688082844018936,0.02922844886779785
0.7516331672668457,1.7717067003250122,0.1610642522573471,0.02922844886779785
0.5368808507919312,1.5032663345336914,-0.21475233137607574,0.029228419065475464
0.4295046627521515,1.4495782852172852,-0.1610642522573471,0.029228389263153076
0.6979450583457947,1.5032663345336914,-0.1610642522573471,0.029228389263153076
0.4831927418708801,1.342202067375183,-0.6979450583457947,0.029205411672592163
-0.5368808507919312,2.0938353538513184,1.0200735330581665,0.02918773889541626
0.10737616568803787,2.0938353538513184,1.0200735330581665,0.02918773889541626
0.4295046627521515,2.0938353538513184,1.0200735330581665,0.029187709093093872
-0.10737616568803787,1.6643306016921997,-0.2684404253959656,0.029187679290771484
-0.5368808507919312,1.9864590167999268,1.0200735330581665,0.02918766438961029
-0.10737616568803787,1.6643306016921997,0.053688082844018936,0.02918766438961029
0.0,1.5569543838500977,0.053688082844018936,0.029187634587287903
-0.21475233137607574,1.9864590167999268,1.1274497509002686,0.02918761968612671
0.3221285045146942,1.8790829181671143,1.1274497509002686,0.029187530279159546
-1.718018651008606,0.3221285045146942,-0.053688082844018936,0.02915387600660324
-2.254899501800537,0.21475233137607574,-0.1610642522573471,0.02915383130311966
-0.053688082844018936,-2.7917802333831787,0.4831927418708801,0.029091060161590576
0.0,-2.7917802333831787,0.5368808507919312,0.029091060161590576
0.0,-2.7917802333831787,0.9663854837417603,0.029091060161590576
-0.053688082844018936,-2.7380921840667725,0.5368808507919312,0.02909103035926819
-0.053688082844018936,-2.7380921840667725,0.9663854837417603,0.02909103035926819
-0.053688082844018936,-1.8790829181671143,-0.3221285045146942,0.02909103035926819
-0.053688082844018936,-1.8790829181671143,-0.10737616568803787,0.02909103035926819
0.10737616568803787,-1.5569543838500977,-0.4831927418708801,0.02909103035926819
0.5368808507919312,-1.5569543838500977,-0.4831927418708801,0.02909103035926819
-0.37581658363342285,-2.63071608543396,0.859009325504303,0.0290910005569458
-0.1610642522573471,-2.63071608543396,0.6442570090293884,0.0290910005569458
0.053688082844018936,-1.9864590167999268,-0.4295046627521515,0.0290910005569458
0.053688082844018936,-1.9864590167999268,0.0,0.0290910005569458
0.053688082844018936,-1.5569543838500977,-0.4295046627521515,0.0290910005569458
0.4295046627521515,-1.3958901166915894,-0.3221285045146942,0.0290910005569458
-0.6442570090293884,-2.8991565704345703,0.6442570090293884,0.029090970754623413
-0.37581658363342285,-3.1139087677001953,1.1274497509002686,0.029090970754623413
0.10737616568803787,-3.1139087677001953,0.859009325504303,0.029090970754623413
0.10737616568803787,-2.040147066116333,0.0,0.029090970754623413
0.5368808507919312,-2.040147066116333,0.0,0.029090970754623413
0.5905689001083374,-1.9864590167999268,-0.4295046627521515,0.029090970754623413
0.5905689001083374,-1.5569543838500977,-0.4295046627521515,0.029090970754623413
0.6979450583457947,-1.8790829181671143,-0.3221285045146942,0.029090970754623413
-1.3958901166915894,1.234825849533081,0.37581658363342285,0.02909095585346222
-2.0938353538513184,0.4831927418708801,0.0,0.029070556163787842
-2.0938353538513184,0.805321216583252,-0.3221285045146942,0.029070556163787842
-1.7717067003250122,0.37581658363342285,-0.4295046627521515,0.029070496559143066
-1.7717067003250122,0.805321216583252,0.0,0.029070496559143066
-1.9864590167999268,0.805321216583252,-0.4295046627521515,0.02907046675682068
-1.6643306016921997,0.4831927418708801,0.0,0.02907046675682068
-1.610642433166504,0.805321216583252,-0.21475233137607574,0.029055476188659668
-1.610642433166504,0.805321216583252,-0.4295046627521515,0.029055461287498474
-1.610642433166504,0.912697434425354,-0.4295046627521515,0.029055461287498474
-1.610642433166504,0.9663854837417603,-0.37581658363342285,0.02905544638633728
-1.5032663345336914,0.9663854837417603,-0.37581658363342285,0.02905544638633728
-1.5032663345336914,0.9663854837417603,-0.2684404253959656,0.02905544638633728
-0.053688082844018936,-0.4831927418708801,-0.37581658363342285,0.029045365750789642
-0.053688082844018936,-0.37581658363342285,-0.37581658363342285,0.029045365750789642
-0.5368808507919312,-2.7380921840667725,-0.805321216583252,0.028942853212356567
-0.3221285045146942,-2.7380921840667725,-0.5905689001083374,0.02894282341003418
0.10737616568803787,-2.845468282699585,-0.6979450583457947,0.02894282341003418
0.10737616568803787,-2.845468282699585,-1.1274497509002686,0.028942793607711792
0.10737616568803787,-2.7380921840667725,-1.0200735330581665,0.028942793607711792
-0.10737616568803787,-2.7380921840667725,-1.234825849533081,0.028942734003067017
0.0,-3.060220718383789,-1.234825849533081,0.02894267439842224
0.10737616568803787,-3.1675968170166016,-1.0200735330581665,0.02894267439842224
-0.805321216583252,1.234825849533081,0.10737616568803787,0.02885758876800537
0.5905689001083374,0.912697434425354,0.9663854837417603,0.028857499361038208
0.5905689001083374,1.0200735330581665,0.9663854837417603,0.028857499361038208
-0.5905689001083374,1.9327709674835205,0.6979450583457947,0.028825417160987854
-0.4295046627521515,-2.201211452484131,1.0200735330581665,0.028815001249313354
-0.4295046627521515,-2.415963649749756,1.0200735330581665,0.028814956545829773
-0.5905689001083374,-2.469651699066162,0.805321216583252,0.02881494164466858
-0.5905689001083374,-2.3622756004333496,0.912697434425354,0.02881494164466858
-1.0737617015838623,3.5971014499664307,0.37581658363342285,0.028696760535240173
0.7516331672668457,0.5905689001083374,1.0200735330581665,0.0286388099193573
-1.3958901166915894,-0.805321216583252,0.0,0.02863737940788269
-0.912697434425354,-0.9663854837417603,0.4295046627521515,0.028588294982910156
-0.6979450583457947,-0.5368808507919312,0.4295046627521515,0.02858823537826538
-0.4831927418708801,-1.1811378002166748,0.4295046627521515,0.02858823537826538
-0.4831927418708801,-0.5368808507919312,0.4295046627521515,0.02858823537826538
-0.2684404253959656,-1.1811378002166748,0.0,0.02858823537826538
-0.2684404253959656,-0.5368808507919312,0.21475233137607574,0.02858823537826538
1.3958901166915894,1.0737617015838623,-1.0737617015838623,0.028571605682373047
0.5905689001083374,1.1811378002166748,-0.912697434425354,0.02857152372598648
0.4831927418708801,1.2885140180587769,-0.912697434425354,0.0285714790225029
0.6979450583457947,1.2885140180587769,-0.912697434425354,0.0285714790225029
1.5032663345336914,0.9663854837417603,-1.0737617015838623,0.028571464121341705
-0.7516331672668457,1.2885140180587769,-0.1610642522573471,0.02857144922018051
0.1610642522573471,-0.4831927418708801,0.6442570090293884,0.02857144922018051
-0.5905689001083374,-2.5770280361175537,0.6979450583457947,0.028571434319019318
-0.37581658363342285,-2.5770280361175537,0.4831927418708801,0.028571434319019318
0.2684404253959656,-0.6979450583457947,0.5368808507919312,0.028571434319019318
0.2684404253959656,-0.4831927418708801,0.7516331672668457,0.028571434319019318
0.6979450583457947,1.2885140180587769,-0.6979450583457947,0.028571434319019318
-0.10737616568803787,-2.1475234031677246,-0.2684404253959656,0.02857142686843872
0.0,-2.1475234031677246,-0.2684404253959656,0.02857142686843872
0.21475233137607574,-2.1475234031677246,-0.053688082844018936,0.02857142686843872
1.5032663345336914,0.9663854837417603,-0.9663854837417603,0.028571397066116333
-1.234825849533081,2.8991565704345703,0.4831927418708801,0.02857130765914917
-1.1274497509002686,3.006532669067383,0.4831927418708801,0.02857130765914917
0.1610642522573471,-3.1675968170166016,-0.21475233137607574,0.02857130765914917
-0.912697434425354,-0.053688082844018936,0.4831927418708801,0.028557300567626953
-0.5905689001083374,1.342202067375183,0.4831927418708801,0.028557300567626953
-0.2684404253959656,-0.053688082844018936,-0.5905689001083374,0.028557300567626953
-0.2684404253959656,1.342202067375183,-0.2684404253959656,0.028557300567626953
0.1610642522573471,1.342202067375183,0.805321216583252,0.028557300567626953
0.4831927418708801,0.2684404253959656,1.1274497509002686,0.028557300567626953
0.805321216583252,0.6979450583457947,-0.2684404253959656,0.028557300567626953
-0.37581658363342285,-1.0200735330581665,0.6442570090293884,0.02855711430311203
-0.053688082844018936,-1.0200735330581665,0.4295046627521515,0.028557099401950836
-0.1610642522573471,-0.9663854837417603,0.4831927418708801,0.028557077050209045
0.5905689001083374,0.6442570090293884,-0.7516331672668457,0.02855229377746582
0.5905689001083374,0.6979450583457947,-0.805321216583252,0.02855229377746582
0.6442570090293884,0.7516331672668457,-0.805321216583252,0.02855229377746582
-0.7516331672668457,0.7516331672668457,1.0200735330581665,0.028552278876304626
0.6979450583457947,0.6979450583457947,-0.805321216583252,0.02855224907398224
-0.7516331672668457,0.6442570090293884,1.0200735330581665,0.028552234172821045
0.859009325504303,0.1610642522573471,-0.1610642522573471,0.028547726571559906
0.9663854837417603,0.21475233137607574,-0.21475233137607574,0.028547681868076324
-0.5368808507919312,2.1475234031677246,0.912697434425354,0.0284726619720459
-0.805321216583252,1.718018651008606,0.4295046627521515,0.028471775352954865
-0.805321216583252,1.6643306016921997,0.4831927418708801,0.028471753001213074
0.6979450583457947,3.006532669067383,-0.37581658363342285,0.02842245250940323
0.6979450583457947,2.9528446197509766,-0.4295046627521515,0.028422430157661438
0.7516331672668457,2.9528446197509766,-0.4831927418708801,0.028422407805919647
0.805321216583252,2.9528446197509766,-0.4295046627521515,0.028422385454177856
0.805321216583252,3.060220718383789,-0.4295046627521515,0.028422385454177856
1.0737617015838623,3.1675968170166016,0.4831927418708801,0.02833789587020874
1.1811378002166748,3.1675968170166016,0.4831927418708801,0.02833789587020874
0.9663854837417603,3.436037302017212,0.10737616568803787,0.0283229798078537
-1.718018651008606,1.1274497509002686,0.10737616568803787,0.028309404850006104
-1.610642433166504,0.912697434425354,-0.21475233137607574,0.028309375047683716
-1.610642433166504,0.912697434425354,0.4295046627521515,0.028309375047683716
-1.610642433166504,1.234825849533081,0.10737616568803787,0.02830931544303894
-1.0737617015838623,1.1274497509002686,0.10737616568803787,0.02830931544303894
1.1274497509002686,1.2885140180587769,-0.1610642522573471,0.028304077684879303
1.0200735330581665,1.2885140180587769,-0.2684404253959656,0.02830403298139572
1.0737617015838623,1.1274497509002686,-0.1610642522573471,0.02830396592617035
-0.37581658363342285,-2.469651699066162,-0.6979450583457947,0.028271622955799103
-0.37581658363342285,-2.469651699066162,-0.805321216583252,0.028271585702896118
-0.2684404253959656,-2.3622756004333496,-0.805321216583252,0.028271585702896118
-0.859009325504303,2.415963649749756,0.7516331672668457,0.02826593816280365
-0.859009325504303,2.3085875511169434,-0.3221285045146942,0.02826591581106186
-0.7516331672668457,3.436037302017212,0.37581658363342285,0.02826591581106186
0.805321216583252,2.0938353538513184,0.1610642522573471,0.028265900909900665
-0.9663854837417603,2.3085875511169434,-0.21475233137607574,0.02826589345932007
0.6979450583457947,1.9864590167999268,0.053688082844018936,0.02826579660177231
0.805321216583252,1.9864590167999268,0.1610642522573471,0.02826576679944992
-0.053688082844018936,-3.3286612033843994,1.1274497509002686,0.028244897723197937
-1.0200735330581665,3.1675968170166016,0.10737616568803787,0.028244882822036743
-0.21475233137607574,-3.3286612033843994,1.2885140180587769,0.028244882822036743
1.5569543838500977,-0.7516331672668457,-0.4831927418708801,0.028244823217391968
-0.21475233137607574,-3.1675968170166016,1.1274497509002686,0.02824479341506958
-0.9663854837417603,3.274973154067993,-0.2684404253959656,0.028244778513908386
1.4495782852172852,-0.6442570090293884,-0.4831927418708801,0.028244778513908386
1.5569543838500977,-0.6442570090293884,-0.4831927418708801,0.028244778513908386
-0.805321216583252,3.274973154067993,-0.10737616568803787,0.028244763612747192
-0.10737616568803787,-3.221284866333008,1.0737617015838623,0.028244763612747192
1.5569543838500977,-0.6442570090293884,-0.5905689001083374,0.028244748711586
-1.0737617015838623,3.5434134006500244,0.0,0.02824464440345764
-0.9663854837417603,3.5434134006500244,0.0,0.02824464440345764
-0.10737616568803787,-2.9528446197509766,1.342202067375183,0.02824464440345764
-0.6979450583457947,1.9327709674835205,-0.053688082844018936,0.028244465589523315
-0.6979450583457947,1.9327709674835205,0.053688082844018936,0.028244465589523315
-0.6979450583457947,1.2885140180587769,0.053688082844018936,0.028244346380233765
-0.6979450583457947,-0.2684404253959656,-0.053688082844018936,0.02822105586528778
-0.5905689001083374,-0.37581658363342285,-0.053688082844018936,0.02822105586528778
-1.1274497509002686,1.2885140180587769,0.4295046627521515,0.02815726399421692
-1.1811378002166748,1.234825849533081,0.5368808507919312,0.02815723419189453
-1.1811378002166748,1.234825849533081,0.3221285045146942,0.028157204389572144
-1.234825849533081,1.0737617015838623,0.4295046627521515,0.028157152235507965
-1.0737617015838623,1.1274497509002686,0.4295046627521515,0.028157152235507965
1.0737617015838623,2.0938353538513184,0.053688082844018936,0.028142154216766357
1.0737617015838623,2.3085875511169434,0.053688082844018936,0.028142154216766357
0.5905689001083374,-1.6643306016921997,0.2684404253959656,0.028110414743423462
0.6979450583457947,-1.6643306016921997,0.2684404253959656,0.02811037003993988
0.5905689001083374,-1.610642433166504,0.21475233137607574,0.028110355138778687
0.6442570090293884,-1.5569543838500977,0.21475233137607574,0.028110317885875702
0.6442570090293884,-1.5569543838500977,0.3221285045146942,0.028110302984714508
0.6979450583457947,-1.5569543838500977,0.2684404253959656,0.028110280632972717
0.1610642522573471,0.7516331672668457,1.2885140180587769,0.028063900768756866
-0.21475233137607574,0.2684404253959656,1.2885140180587769,0.02806389331817627
-0.10737616568803787,-0.5368808507919312,0.053688082844018936,0.028063885867595673
0.053688082844018936,0.6442570090293884,1.2885140180587769,0.028063863515853882
0.5905689001083374,1.1274497509002686,0.912697434425354,0.028063833713531494
-1.0737617015838623,0.37581658363342285,0.0,0.028063766658306122
-1.0737617015838623,0.37581658363342285,0.10737616568803787,0.028063766658306122
-0.1610642522573471,-0.5368808507919312,0.10737616568803787,0.028063766658306122
-1.1274497509002686,0.37581658363342285,0.053688082844018936,0.028063736855983734
0.21475233137607574,-1.6643306016921997,-0.7516331672668457,0.028062820434570312
-0.6442570090293884,3.489725351333618,-0.1610642522573471,0.028017409145832062
-0.6442570090293884,3.489725351333618,-0.053688082844018936,0.028017409145832062
0.3221285045146942,1.718018651008606,0.21475233137607574,0.028017401695251465
-0.5368808507919312,3.489725351333618,-0.1610642522573471,0.028017371892929077
-0.053688082844018936,2.9528446197509766,-0.7516331672668457,0.028017371892929077
-0.053688082844018936,3.060220718383789,-0.7516331672668457,0.028017371892929077
0.053688082844018936,2.9528446197509766,-0.7516331672668457,0.028017371892929077
0.053688082844018936,3.060220718383789,-0.7516331672668457,0.028017371892929077
-0.4295046627521515,2.684404134750366,1.1811378002166748,0.02801736444234848
-0.3221285045146942,2.684404134750366,1.1811378002166748,0.02801736444234848
-0.3221285045146942,2.7380921840667725,1.234825849533081,0.02801736444234848
-0.3221285045146942,2.7917802333831787,1.1811378002166748,0.02801736444234848
0.3221285045146942,2.201211452484131,-0.5905689001083374,0.02801736444234848
-0.21475233137607574,-0.5905689001083374,-0.5905689001083374,0.027964971959590912
0.0,-1.342202067375183,-0.2684404253959656,0.027964964509010315
-0.053688082844018936,-1.3958901166915894,-0.2684404253959656,0.027964942157268524
-0.10737616568803787,-1.2885140180587769,-0.21475233137607574,0.027964934706687927
0.0,-1.4495782852172852,0.053688082844018936,0.027964912354946136
0.10737616568803787,-1.4495782852172852,-0.053688082844018936,0.027964912354946136
-0.053688082844018936,-1.5032663345336914,-0.2684404253959656,0.027964897453784943
0.0,-1.5032663345336914,0.0,0.027964890003204346
0.053688082844018936,-1.5032663345336914,-0.053688082844018936,0.027964890003204346
0.10737616568803787,-1.5032663345336914,0.0,0.027964890003204346
-0.4295046627521515,2.5233399868011475,1.1274497509002686,0.027933716773986816
-0.21475233137607574,1.9864590167999268,0.912697434425354,0.027933716773986816
-0.21475233137607574,3.3823492527008057,0.912697434425354,0.027933716773986816
0.7516331672668457,3.274973154067993,0.1610642522573471,0.027933716773986816
0.859009325504303,2.3085875511169434,0.053688082844018936,0.027933716773986816
-0.9663854837417603,2.5233399868011475,-0.1610642522573471,0.027933597564697266
-0.9663854837417603,2.845468282699585,-0.1610642522573471,0.027933597564697266
-0.859009325504303,2.7380921840667725,0.805321216583252,0.027933597564697266
-0.7516331672668457,2.5233399868011475,0.912697434425354,0.027933597564697266
-0.6442570090293884,2.63071608543396,-0.5905689001083374,0.027933597564697266
-0.10737616568803787,1.8790829181671143,-0.37581658363342285,0.027933597564697266
-0.10737616568803787,3.489725351333618,0.805321216583252,0.027933597564697266
0.0,2.0938353538513184,1.0200735330581665,0.027933597564697266
0.3221285045146942,2.5233399868011475,-0.6979450583457947,0.027933597564697266
0.3221285045146942,3.5971014499664307,0.053688082844018936,0.027933597564697266
0.5368808507919312,1.8790829181671143,0.1610642522573471,0.027933597564697266
0.5368808507919312,1.8790829181671143,0.2684404253959656,0.027933597564697266
0.7516331672668457,3.1675968170166016,0.6442570090293884,0.027902796864509583
0.9663854837417603,3.060220718383789,0.7516331672668457,0.027902796864509583
0.9663854837417603,3.1675968170166016,0.7516331672668457,0.027902796864509583
1.0737617015838623,3.060220718383789,0.6442570090293884,0.027902796864509583
1.0737617015838623,3.1675968170166016,0.6442570090293884,0.027902796864509583
0.859009325504303,2.9528446197509766,0.6442570090293884,0.027902722358703613
0.859009325504303,2.9528446197509766,0.5368808507919312,0.02790270745754242
0.5368808507919312,2.7917802333831787,1.0200735330581665,0.027890048921108246
0.5368808507919312,2.7917802333831787,1.1274497509002686,0.027889996767044067
0.5905689001083374,2.7917802333831787,1.0737617015838623,0.027889996767044067
0.6442570090293884,2.845468282699585,1.0737617015838623,0.02788994461297989
0.5905689001083374,2.8991565704345703,0.9663854837417603,0.02788989245891571
0.912697434425354,2.7917802333831787,-0.21475233137607574,0.02788987010717392
0.859009325504303,2.7380921840667725,-0.21475233137607574,0.02788984775543213
0.6442570090293884,2.8991565704345703,1.1274497509002686,0.027889832854270935
0.859009325504303,2.7380921840667725,-0.4295046627521515,0.027889832854270935
0.859009325504303,2.845468282699585,-0.4295046627521515,0.027889832854270935
0.9663854837417603,2.845468282699585,-0.3221285045146942,0.027889832854270935
0.805321216583252,2.684404134750366,-0.3221285045146942,0.027889810502529144
0.5905689001083374,3.006532669067383,1.0737617015838623,0.027889780700206757
-0.4295046627521515,1.7717067003250122,-0.10737616568803787,0.027871616184711456
-0.2684404253959656,1.825394868850708,-0.4295046627521515,0.02787157893180847
-0.2684404253959656,1.9327709674835205,-0.4295046627521515,0.02787157893180847
-0.2684404253959656,1.9864590167999268,-0.4831927418708801,0.027871519327163696
-0.10737616568803787,1.9864590167999268,-0.6442570090293884,0.027871519327163696
1.0737617015838623,0.37581658363342285,-0.21475233137607574,0.02784048020839691
0.6442570090293884,1.718018651008606,-0.4295046627521515,0.02782781422138214
-0.21475233137607574,-1.0737617015838623,0.3221285045146942,0.027822718024253845
-0.10737616568803787,-1.0737617015838623,0.3221285045146942,0.027822718024253845
-0.10737616568803787,-1.0737617015838623,0.4295046627521515,0.027822718024253845
-0.21475233137607574,-0.9663854837417603,0.4295046627521515,0.027822643518447876
0.37581658363342285,-1.5032663345336914,0.37581658363342285,0.027756497263908386
0.5905689001083374,-1.234825849533081,0.3221285045146942,0.027756482362747192
0.5905689001083374,-3.221284866333008,-0.912697434425354,0.027756467461586
0.4295046627521515,-1.610642433166504,0.21475233137607574,0.027756452560424805
0.4831927418708801,-1.610642433166504,0.1610642522573471,0.027756452560424805
0.6442570090293884,-1.2885140180587769,0.3221285045146942,0.027756452560424805
0.37581658363342285,-1.2885140180587769,0.37581658363342285,0.02775643765926361
0.4831927418708801,-3.3286612033843994,-1.0200735330581665,0.02775636315345764
0.4831927418708801,-3.3286612033843994,-0.912697434425354,0.02775636315345764
0.5905689001083374,-3.3286612033843994,-0.912697434425354,0.027756333351135254
-0.4831927418708801,-1.4495782852172852,0.4295046627521515,0.027742475271224976
1.0737617015838623,0.859009325504303,0.37581658363342285,0.027742460370063782
0.3221285045146942,-0.3221285045146942,-0.2684404253959656,0.027742445468902588
0.37581658363342285,-0.37581658363342285,-0.2684404253959656,0.027742445468902588
0.859009325504303,0.2684404253959656,-0.21475233137607574,0.027741625905036926
0.9663854837417603,0.3221285045146942,-0.1610642522573471,0.02774159610271454
1.0200735330581665,0.3221285045146942,-0.21475233137607574,0.027741551399230957
0.053688082844018936,1.610642433166504,0.053688082844018936,0.02767561376094818
0.053688082844018936,1.610642433166504,0.2684404253959656,0.02767561376094818
0.1610642522573471,1.5032663345336914,0.2684404253959656,0.0276755690574646
0.5368808507919312,1.8790829181671143,0.4295046627521515,0.027638912200927734
0.4295046627521515,1.7717067003250122,0.3221285045146942,0.027638882398605347
0.5905689001083374,1.7717067003250122,0.4831927418708801,0.027638837695121765
-0.053688082844018936,-3.221284866333008,-0.6442570090293884,0.027607165277004242
-0.6979450583457947,-0.37581658363342285,0.5905689001083374,0.027604348957538605
-0.6442570090293884,-0.3221285045146942,0.5905689001083374,0.027604326605796814
0.5368808507919312,-1.3958901166915894,-0.21475233137607574,0.027597203850746155
0.912697434425354,0.4831927418708801,-0.37581658363342285,0.027555599808692932
0.6979450583457947,0.37581658363342285,-0.4831927418708801,0.02755555510520935
0.6979450583457947,0.5905689001083374,-0.4831927418708801,0.02755555510520935
1.1274497509002686,0.6442570090293884,0.4831927418708801,0.027512937784194946
1.0737617015838623,0.4831927418708801,0.5905689001083374,0.02751287817955017
0.9663854837417603,0.6979450583457947,0.4831927418708801,0.027512848377227783
-2.201211452484131,-0.053688082844018936,-0.2684404253959656,0.0274772047996521
-2.201211452484131,0.1610642522573471,0.053688082844018936,0.0274772047996521
-2.201211452484131,-0.10737616568803787,-0.21475233137607574,0.027477174997329712
-2.201211452484131,-0.10737616568803787,0.0,0.027477174997329712
-2.201211452484131,-0.053688082844018936,0.053688082844018936,0.027477174997329712
-2.201211452484131,0.21475233137607574,0.0,0.027477174997329712
-2.1475234031677246,-0.053688082844018936,-0.3221285045146942,0.027477174997329712
-2.0938353538513184,-0.10737616568803787,-0.3221285045146942,0.027477174997329712
-2.0938353538513184,-0.10737616568803787,0.10737616568803787,0.027477174997329712
-2.0938353538513184,0.21475233137607574,0.10737616568803787,0.027477174997329712
-1.7717067003250122,-0.053688082844018936,-0.2684404253959656,0.027477115392684937
-1.8790829181671143,-0.1610642522573471,0.053688082844018936,0.02747708559036255
-1.8790829181671143,-0.10737616568803787,-0.3221285045146942,0.02747708559036255
-1.825394868850708,-0.053688082844018936,-0.3221285045146942,0.02747705578804016
-1.825394868850708,0.2684404253959656,-0.21475233137607574,0.02747705578804016
-1.718018651008606,-0.859009325504303,0.0,0.027446866035461426
-2.201211452484131,0.10737616568803787,-0.3221285045146942,0.027433983981609344
0.7516331672668457,1.5032663345336914,0.21475233137607574,0.027402587234973907
0.7516331672668457,1.610642433166504,0.3221285045146942,0.027402572333812714
